m_id,insp_dt,cond,rtg,graf,fade
M02742,2020-06-23,Excellent,1,Yes,14
M01462,2022-10-21,Good,3,n,19
M01989,2024-12-20, excellent,,n,75
M03659,2023-11-21,GOOD,3,y,55
M01967,2024-08-22, excellent,2,Yes,60
M02234,2020-12-15,Poor ,2,yes,31
M01583,2022-11-02,Excellent,5,no,71
M03574,2021-10-27,GOOD,4,no,15
M03335,2024-04-18,fair,4,yes,24
M00661,2019-07-15,Good,3,NO,90
M01310,2020-01-20,good,2,no,70
M01920,2021-11-17,poor,5,no,8
M03884,2022-11-15,GOOD,4,yes,30
M01433,2023-04-19,Good,5,yes,46
M03935,2021-11-08,Poor ,1,yes,
M04539,2021-04-02,Fair,3,y,83
M01505,2022-08-18,poor,2,No,-10
M04278,2023-04-26,fair,3,n,53
M00944,2020-02-12,Fair,2,n,6
M04190,2021-12-18,GOOD,2,yes,53
M02720,2021-03-11,GOOD,4,Yes,48
M01768,2020-12-11,poor,5,Yes,31
M02747,2021-04-02,Fair,3,no,82
M00971,2021-11-24,poor,3,No,0
M01626,2023-03-03,Good,4,YES,49
M04732,2023-01-20, excellent,1,y,66
M03112,2022-08-07,fair,4,y,87
M00606,2020-01-25,Fair,5,NO,55
M01123,2021-07-16,fair,5,NO,23
M00816,2022-11-12,fair,4,no,14
M00069,2022-01-01,Good,3,Yes,31
M02219,2021-12-06,Poor ,5,y,150
M02126,2023-05-12,Fair,2,y,55
M01219,2022-03-27,Good,5,No,37
M03947,2022-08-06, excellent,1,no,74
M01747,2022-03-28,good,3,NO,29
M04166,2023-01-04,Good,4,Yes,86
M03285,2023-10-21,GOOD,1,yes,80
M00630,2019-12-10,poor,3,no,46
M00200,2020-06-18,Fair,,yes,100
M02211,2021-08-01,fair,3,n,15
M01233,2024-12-14,good,3,yes,150
M03124,2021-09-11,GOOD,5,NO,42
M02119,2019-08-17,fair,1,n,9
M01813,2020-05-08,Good,2,n,47
M00732,2019-06-04,Poor ,4,Yes,98
M02675,2023-01-25, excellent,3,Yes,50
M09944,2021-10-17,good,4,y,3
M02990,2022-09-18,fair,1,y,80
M03381,2022-10-25,poor,1,y,65
M00053,2024-07-13,,0,No,85
M00621,2019-12-11, excellent,1,NO,13
M04820,2021-10-15,Excellent,3,yes,8
M01625,2023-05-04, excellent,1,Yes,42
M00110,2021-06-18,Fair,4,No,
M03705,2022-06-19,fair,3,NO,61
M00529,2024-10-18,poor,4,Yes,52
M02419,2020-10-15,Excellent,4,y,14
M04330,2023-04-17,Poor ,1,yes,71
M02041,2022-06-14,poor,4,yes,54
M00381,2024-05-17,,1,yes,24
M02821,2020-05-24,Excellent,2,No,8
M01240,2024-09-13,GOOD,5,No,92
M01591,2019-01-23,Fair,2,NO,28
M02313,2019-01-05, excellent,3,n,27
M01298,2024-02-10,Excellent,4,n,65
M01561,2024-10-10, excellent,5,Yes,70
M01040,2023-09-22,Excellent,2,Yes,2
M01543,2020-10-19,good,2,no,12
M00728,2024-07-15,fair,4,NO,36
M03596,2020-04-20,fair,4,NO,34
M03114,2021-07-01,,3,no,2
M02408,2024-11-14,Good,4,NO,6
M04603,2023-01-19,Good,4,NO,92
M00753,2020-09-13,poor,2,no,31
M02192,2020-04-10,Good,4,Yes,97
M00973,2019-12-25,Poor ,4,yes,9
M03668,2023-06-11, excellent,3,No,46
M02425,2022-12-23,GOOD,5,yes,50
M04894,2023-01-09, excellent,5,no,20
M02715,2020-09-19,fair,1,n,43
M01760,2023-02-21,good,2,n,24
M04054,2019-01-03,poor,5,y,55
M01151,2023-02-28, excellent,2,no,34
M00457,2022-02-23,good,4,NO,25
M02084,2024-06-04, excellent,,Yes,10
M03025,2023-04-15,fair,5,yes,30
M04561,2020-12-10,,3,y,9
M01345,2021-03-10,Fair,4,n,2
M01275,2020-09-16,Poor ,,YES,58
M04059,2023-03-01,good,2,no,87
M02578,2021-03-05,Fair,2,Yes,6
M01211,2021-12-19,Good,1,YES,67
M04017,2019-11-17,fair,4,YES,63
M04896,2019-06-20,poor,1,YES,0
M02796,2024-04-26,Excellent,3,YES,66
M00459,2019-10-13,Fair,2,NO,8
M03593,2019-11-05,Good,3,y,83
M01419,2021-12-01,Fair,1,NO,51
M04647,2021-03-15, excellent,4,no,59
M00287,2019-06-18,Poor ,4,no,12
M04248,2020-07-01,Fair,3,yes,53
M00989,2019-02-17, excellent,1,y,73
M01363,2022-05-11,,4,Yes,49
M09194,2019-03-10,GOOD,1,NO,46
M03295,2019-02-11,GOOD,1,Yes,55
M03873,2023-03-26,poor,5,YES,9
M03700,2022-02-03,Excellent,3,n,6
M00948,2022-03-16, excellent,3,NO,0
M00912,2024-07-18,Poor ,4,YES,-10
M04677,2022-07-22,Fair,4,NO,76
M04405,2021-06-10,poor,5,no,5
M00443,2021-04-20, excellent,2,NO,69
M02971,2020-12-20,Poor ,2,Yes,75
M02927,2021-12-10,fair,,n,-10
M00122,2020-10-03,,4,no,49
M01512,2019-06-27,Fair,1,No,5
M02887,2024-08-09,GOOD,5,yes,54
M04459,2020-07-05,GOOD,5,no,35
M01495,2024-07-05,fair,,n,0
M01005,2021-07-01,good,3,y,39
M04800,2021-09-05,good,1,NO,61
M02789,2024-04-13,fair,1,Yes,150
M03658,2023-03-21,Excellent,2,YES,73
M04388,2019-09-18,Fair,3,n,87
M04236,2021-06-16,Fair,5,NO,14
M01185,2020-01-07,GOOD,3,NO,25
M03922,2024-12-20,Good,4,NO,23
M04529,2024-05-21,poor,1,y,81
M01026,2021-07-19,Good,1,no,47
M00004,2023-02-02,good,0,Yes,61
M09167,2021-10-06,Good,2,No,73
M01350,2021-07-22,fair,1,yes,34
M03978,2019-11-09,good,4,n,79
M01662,2020-05-06,poor,3,NO,60
M01119,2023-02-05,fair,1,No,4
M02872,2021-01-08,poor,2,Yes,0
M02519,2024-05-22,Good,4,no,93
M01868,2024-10-04,Poor ,3,no,40
M04118,2020-10-20,good,4,Yes,68
M00514,2021-05-26,Excellent,2,n,14
M01036,2023-02-10,fair,1,n,5
M00808,2024-03-25, excellent,5,Yes,87
M04182,2023-04-13,GOOD,4,no,98
M03508,2023-02-14,poor,2,Yes,57
M09579,2019-08-10,Excellent,,yes,80
M09443,2020-02-09,poor,1,no,60
M01718,2024-01-07, excellent,4,no,79
M03353,2019-09-11, excellent,3,no,46
M00256,2022-06-15, excellent,4,No,2
M01658,2021-07-20,poor,1,n,41
M03334,2023-05-13,GOOD,2,No,92
M04314,2023-07-22,Good,5,Yes,66
M03163,2023-01-03,Fair,2,Yes,36
M02283,2019-06-23, excellent,2,n,25
M00533,2021-04-27,Poor ,5,YES,32
M01617,2021-07-02,good,3,YES,11
M02924,2023-04-17,poor,5,yes,70
M02248,2024-06-21,fair,1,No,21
M04862,2020-09-17,fair,2,YES,36
M04614,2024-01-19, excellent,2,NO,64
M01394,2020-10-26,good,3,NO,25
M02943,2022-06-06,,2,y,93
M02840,2023-09-08,Excellent,3,yes,17
M04666,2022-09-07,good,5,n,19
M03314,2019-11-08, excellent,2,Yes,32
M01580,2023-01-23,Excellent,,Yes,8
M01714,2023-12-17,good,4,No,99
M02442,2024-03-02,Fair,2,YES,17
M00511,2024-11-06,poor,4,no,23
M03589,2024-03-06,fair,1,y,43
M01716,2019-10-07,GOOD,1,no,86
M02031,2021-02-01,good,5,Yes,92
M03425,2019-08-05,GOOD,2,n,4
M00476,2020-06-18,,2,yes,13
M01024,2022-10-10,Good,4,y,47
M00688,2022-05-03,good,2,yes,31
M00592,2021-10-26,Good,,YES,74
M02903,2021-06-04,GOOD,3,YES,
M01844,2020-02-17,GOOD,3,no,4
M03880,2019-02-19, excellent,3,NO,31
M00836,2021-02-13,Poor ,1,y,50
M00202,2022-10-23,good,1,YES,47
M01466,2024-04-24,fair,3,NO,26
M00505,2024-11-21, excellent,2,no,73
M04431,2023-06-22,Fair,1,n,61
M04383,2021-04-24,Fair,5,No,32
M03704,2021-09-02,Excellent,1,No,22
M04726,2019-01-19,Good,1,Yes,87
M01474,2022-06-11,Excellent,5,YES,0
M01801,2020-10-16,Good,2,Yes,41
M02540,2023-11-01,GOOD,5,Yes,70
M02922,2020-06-19,Good,2,yes,94
M00378,2022-11-07,poor,3,No,80
M01802,2024-08-27,Good,1,YES,82
M01516,2022-03-02,Poor ,4,Yes,96
M02063,2021-05-10,fair,5,NO,85
M00273,2020-06-25,fair,4,n,25
M01585,2022-07-23,Fair,4,YES,87
M04308,2019-04-26,,2,n,84
M00996,2020-09-01,Fair,2,y,94
M01582,2024-07-15,GOOD,3,n,4
M04133,2020-12-14,,5,y,90
M00873,2020-04-09,fair,1,YES,44
M00373,2019-12-26,GOOD,5,Yes,79
M00139,2020-04-14, excellent,2,no,17
M01402,2023-01-27,Fair,3,yes,
M02314,2024-10-18,Fair,3,YES,68
M00770,2022-07-06,Fair,4,Yes,70
M03323,2023-08-07,poor,4,Yes,66
M01449,2021-06-28,Good,,yes,
M01114,2019-02-17,fair,5,No,88
M02951,2020-02-24,Poor ,3,No,76
M02250,2019-12-04,GOOD,3,y,57
M03815,2019-12-21,Poor ,1,no,35
M02131,2021-06-05,Fair,3,YES,34
M03838,2019-08-20,Excellent,,YES,51
M04635,2021-08-18,Poor ,3,No,99
M02319,2023-07-19,good,2,NO,12
M00275,2020-09-01,Fair,4,y,34
M02053,2021-12-25,Good,4,NO,64
M01898,2021-11-14,Poor ,4,NO,5
M01569,2024-11-07,GOOD,2,y,12
M01533,2024-08-21,Excellent,5,NO,71
M00049,2019-09-24,Good,3,No,2
M04567,2022-12-25,Fair,4,n,17
M09721,2022-04-06,Poor ,2,yes,52
M01606,2024-10-15,good,4,Yes,6
M03567,2023-09-06,Poor ,3,yes,81
M01037,2024-01-21, excellent,5,yes,27
M00095,2019-04-07,good,4,Yes,76
M02375,2023-08-12,good,5,n,76
M04254,2022-10-03, excellent,3,YES,44
M00329,2021-04-08,good,1,yes,40
M03860,2020-04-26,Fair,4,no,68
M04510,2021-08-05,GOOD,2,YES,19
M01704,2022-10-25,Excellent,5,No,85
M03993,2019-06-21,Poor ,1,yes,82
M02103,2023-11-10,Good,2,No,93
M00261,2019-11-21, excellent,1,yes,30
M02174,2020-08-09,Excellent,4,YES,64
M00501,2020-05-01,poor,1,y,64
M04423,2019-04-01,Fair,5,No,94
M03289,2024-10-06,Fair,3,NO,39
M04853,2021-10-02,fair,3,YES,60
M04132,2021-12-21,good,3,y,50
M04078,2023-11-13,fair,2,no,76
M09375,2023-09-25,good,2,YES,36
M03341,2024-08-26,GOOD,1,YES,-10
M04467,2022-04-27,GOOD,5,Yes,93
M02358,2023-12-15,poor,4,NO,55
M03281,2023-07-24,fair,2,No,56
M01510,2019-10-03,poor,5,Yes,73
M01935,2024-05-28,Excellent,5,YES,35
M00410,2024-12-21,Good,5,Yes,70
M03143,2019-02-21,GOOD,2,NO,11
M02399,2021-04-27,good,4,y,0
M00647,2020-11-28,Poor ,3,no,6
M01688,2024-04-17,GOOD,2,y,62
M02045,2021-01-26,Fair,4,No,100
M00074,2023-08-13, excellent,3,No,12
M00016,2019-02-19, excellent,2,Yes,89
M02469,2021-11-02,Poor ,4,Yes,24
M03366,2022-11-03,GOOD,5,yes,45
M04462,2021-01-25,good,4,yes,14
M00495,2019-09-04,Good,1,Yes,33
M00106,2023-07-09,Excellent,3,NO,15
M04863,2019-01-05,poor,3,n,100
M01574,2022-04-10,Excellent,3,n,42
M02079,2019-05-01,,4,y,58
M01799,2022-10-27,Fair,2,NO,42
M03233,2019-09-19,Fair,2,YES,68
M04232,2024-02-24,Excellent,4,yes,83
M01518,2019-12-16,Poor ,2,y,22
M04657,2024-12-10, excellent,,NO,76
M02987,2023-06-09,good,4,no,71
M02360,2024-04-24,Good,3,y,4
M09793,2019-02-18,fair,4,n,35
M04456,2019-10-21,Fair,,Yes,76
M01476,2023-01-20,Poor ,3,yes,95
M04197,2023-07-04, excellent,4,No,78
M04446,2023-09-20,good,5,No,20
M00436,2021-01-07,poor,3,yes,82
M01248,2023-07-01,Fair,3,No,1
M03344,2023-08-23,good,1,yes,64
M04469,2020-12-25,GOOD,2,NO,38
M03296,2022-09-17,Poor ,5,YES,61
M03654,2021-04-12,Poor ,2,yes,4
M01601,2020-05-23,Good,4,no,38
M00371,2022-06-01,good,4,yes,53
M02325,2020-05-23,good,2,No,5
M01153,2021-08-12, excellent,3,Yes,72
M01075,2021-09-12,good,,y,31
M02416,2022-11-23,fair,4,n,32
M03923,2024-03-05,poor,5,Yes,19
M02695,2023-08-11,Excellent,,no,69
M00642,2019-09-01,good,4,y,21
M02824,2020-10-02,fair,5,NO,79
M01266,2023-12-22,Good,4,no,59
M03528,2019-08-12,fair,5,y,26
M00221,2022-05-21,Excellent,5,YES,67
M01758,2021-03-05,poor,3,n,9
M03465,2020-11-20,Poor ,1,n,76
M02996,2022-05-16,Good,4,No,50
M02746,2021-02-18,Good,4,Yes,57
M01472,2024-04-20, excellent,1,n,79
M00719,2020-04-16,Poor ,4,no,54
M03267,2021-10-25,good,3,YES,66
M03302,2021-01-23,Poor ,2,y,16
M00048,2020-06-12,GOOD,2,No,90
M03153,2023-03-01,Excellent,1,yes,42
M03095,2019-02-02,GOOD,3,Yes,79
M04876,2020-06-12,,4,no,18
M04532,2024-06-05,Good,2,Yes,41
M03352,2019-12-11,Excellent,4,n,66
M00744,2020-04-27,Excellent,3,no,9
M04521,2021-06-10,Excellent,1,YES,96
M01964,2024-01-19,Good,3,y,62
M01244,2023-02-25,Fair,4,YES,94
M02745,2023-08-28,Good,5,y,38
M00519,2019-08-06,Poor ,3,Yes,41
M00665,2022-05-09,Fair,2,yes,7
M00350,2022-08-27,fair,2,Yes,2
M04042,2020-10-28, excellent,2,yes,4
M01998,2023-11-03,Good,5,NO,2
M00504,2020-08-16,Good,2,yes,82
M04652,2022-02-23,Excellent,2,y,55
M02410,2019-07-05,Good,2,no,52
M01544,2021-10-20,GOOD,4,No,61
M01843,2021-12-25,Good,3,yes,79
M03121,2022-01-26,good,3,Yes,49
M04449,2023-09-11,fair,4,no,99
M02453,2019-12-14, excellent,3,no,99
M01554,2023-09-02,Poor ,2,n,100
M01222,2020-01-21, excellent,5,n,15
M01735,2021-06-02,fair,,NO,37
M03752,2019-02-17,Excellent,1,No,64
M03321,2019-01-28,GOOD,5,n,21
M00173,2020-08-14, excellent,2,Yes,22
M03063,2022-10-04,Poor ,2,n,44
M03155,2021-01-20,fair,2,NO,83
M00432,2019-11-23,Fair,,Yes,68
M03072,2024-08-09,fair,1,Yes,25
M03883,2022-01-12,fair,,YES,40
M02699,2019-07-27,Fair,2,no,71
M00702,2019-03-12,Fair,5,n,82
M03769,2019-04-06,GOOD,1,yes,
M01632,2020-08-23,Poor ,2,no,13
M01655,2023-08-17,poor,2,YES,39
M04579,2023-10-22,Excellent,5,YES,22
M04808,2023-12-10,Excellent,3,No,15
M00856,2021-02-04,good,5,NO,39
M01348,2024-09-26,Fair,4,no,75
M02504,2021-09-19,fair,1,yes,150
M01291,2019-07-27,Good,2,y,88
M03410,2021-11-26,good,4,Yes,19
M01210,2019-08-01,fair,1,no,64
M00160,2021-12-16,poor,1,yes,34
M01382,2023-08-23,fair,2,YES,29
M01830,2024-09-24,Good,5,Yes,36
M01870,2023-05-04, excellent,1,yes,-10
M02386,2023-06-18,GOOD,2,yes,82
M02292,2020-11-07,fair,2,YES,49
M02916,2022-07-17,Fair,2,Yes,85
M02733,2019-03-21,GOOD,3,YES,67
M02384,2021-06-06,GOOD,4,no,96
M02516,2024-11-07,poor,5,YES,34
M04094,2023-10-11,fair,5,Yes,39
M00669,2024-09-23,Good,2,YES,4
M01593,2021-07-13,Good,2,no,9
M00228,2023-02-23,Good,4,yes,96
M00033,2020-01-05,poor,5,No,88
M01784,2019-05-08,good,3,n,48
M02944,2024-07-25,good,5,Yes,
M02218,2020-09-26,Poor ,1,y,41
M03663,2021-07-11, excellent,4,Yes,76
M01360,2020-03-26,Excellent,2,no,
M03218,2021-05-12,Poor ,5,NO,79
M01590,2020-08-04,Fair,5,YES,18
M02327,2023-09-24,good,,NO,91
M02311,2022-04-16,Excellent,1,y,66
M00916,2022-06-24, excellent,3,no,53
M02461,2021-06-01,Fair,3,yes,34
M02197,2024-09-03,Fair,5,NO,8
M04180,2019-02-23,Poor ,2,NO,69
M00543,2022-09-04, excellent,4,n,54
M03635,2022-02-17, excellent,2,yes,7
M02272,2022-11-03,poor,5,y,25
M02718,2020-10-16,Good,4,n,57
M04134,2020-08-03,fair,3,y,16
M02093,2020-09-02,good,4,No,63
M02959,2022-02-08,,4,y,150
M00232,2022-07-15,Good,1,No,42
M03548,2023-11-16,poor,4,YES,81
M03571,2021-08-15,Excellent,2,n,16
M00952,2020-07-05,GOOD,1,no,61
M04211,2020-09-22,Fair,3,y,69
M02717,2022-10-08,Fair,3,y,150
M04788,2024-08-18,Poor ,2,no,67
M01052,2020-11-25,,3,y,10
M00552,2022-12-10,GOOD,,n,20
M03685,2023-12-20,poor,2,NO,85
M04066,2021-05-11,GOOD,5,Yes,35
M00486,2020-07-04,Fair,4,NO,58
M02159,2024-04-18,GOOD,,NO,41
M03191,2024-08-21,good,2,yes,6
M04535,2020-06-26,poor,3,NO,45
M01146,2022-06-21, excellent,5,y,16
M02128,2020-12-14, excellent,4,n,86
M03963,2023-08-25,GOOD,5,NO,82
M03841,2020-04-16, excellent,3,yes,32
M03927,2021-01-12,GOOD,3,yes,94
M03643,2022-06-13,poor,4,NO,68
M00138,2019-04-08,Fair,3,No,61
M02355,2021-08-24,Good,3,no,84
M04770,2021-10-16,good,3,yes,74
M03892,2024-04-06,good,1,No,99
M04615,2021-10-07,Fair,3,y,10
M04057,2023-09-13,Good,1,YES,-10
M03730,2024-01-12,Fair,2,n,36
M09263,2023-12-02,good,2,YES,85
M00249,2023-03-15,Good,4,No,24
M04640,2023-12-08,Excellent,2,Yes,68
M02651,2023-08-26,Fair,4,no,72
M02532,2020-09-11,Excellent,3,no,13
M01097,2023-05-11,Poor ,5,no,55
M00482,2019-03-26,Good,1,NO,36
M04015,2024-06-24,fair,5,NO,64
M02120,2023-01-15,Excellent,2,no,150
M02891,2021-05-08,Excellent,1,NO,98
M02027,2023-10-14,good,2,No,44
M02251,2019-09-20,GOOD,1,yes,56
M01506,2021-01-04,Fair,3,no,80
M04817,2019-01-27,Fair,3,NO,76
M03869,2024-02-08,Good,5,NO,57
M03078,2024-12-16,good,4,y,18
M00707,2020-07-21,GOOD,2,NO,57
M00752,2020-01-16,fair,5,yes,9
M02459,2024-09-07,Fair,5,NO,17
M01316,2024-10-06,Fair,2,yes,37
M01041,2024-03-23, excellent,1,no,80
M09770,2023-09-13,Excellent,2,y,55
M02255,2020-07-14,Good,5,y,-10
M04472,2022-04-28,poor,3,No,80
M01091,2023-08-11,fair,3,y,56
M02682,2021-09-07,GOOD,2,y,24
M04754,2020-07-05,good,4,NO,13
M01584,2020-04-11,GOOD,1,yes,39
M03606,2022-02-13, excellent,2,n,29
M02295,2020-11-15,Fair,2,no,72
M01243,2020-04-23,Poor ,3,NO,2
M02952,2023-02-06,poor,3,y,44
M00729,2019-03-10,Excellent,3,Yes,43
M04774,2022-11-02,fair,5,No,22
M03583,2019-09-14,Excellent,4,no,56
M03485,2019-07-10,fair,4,Yes,100
M03638,2022-04-15,Good,1,n,24
M00829,2023-07-06,fair,,y,11
M00883,2022-01-25,Poor ,3,Yes,81
M00966,2019-05-04,good,3,y,
M03013,2022-06-22,Excellent,,Yes,100
M02112,2020-09-27,poor,5,no,16
M01861,2024-05-20,fair,5,yes,94
M02645,2020-03-18, excellent,4,Yes,13
M00180,2019-07-10,good,4,yes,43
M02331,2024-03-09,fair,5,y,38
M01308,2022-12-06,Poor ,5,YES,-10
M04317,2020-10-11,Good,1,YES,85
M04698,2023-06-12,fair,2,n,19
M00723,2023-03-25,Excellent,4,NO,50
M04504,2021-04-21,Fair,,n,83
M02296,2020-10-21,Good,5,n,43
M01753,2019-07-11,good,5,yes,26
M00694,2020-04-04, excellent,5,Yes,31
M04530,2021-03-06,good,,n,
M04301,2023-08-25,Poor ,3,YES,88
M03997,2022-12-09,Good,1,No,79
M00995,2023-01-27,fair,4,n,61
M00783,2024-10-27,GOOD,2,No,23
M03518,2022-11-14,GOOD,1,no,15
M00172,2023-11-16, excellent,3,no,58
M04881,2022-11-04,poor,4,y,94
M02558,2020-05-03, excellent,5,NO,5
M03067,2024-11-14,,4,y,71
M00241,2022-04-11,good,1,NO,59
M03476,2020-10-07,Good,5,y,83
M00556,2021-08-12,fair,5,no,24
M04126,2019-05-02,Poor ,1,Yes,8
M00516,2022-07-12,good,5,yes,58
M03099,2019-12-18,good,2,No,72
M02203,2021-12-07,good,3,no,92
M03362,2022-07-13,Poor ,4,yes,46
M00931,2021-12-06,Good,1,y,74
M00084,2023-02-10, excellent,5,Yes,47
M01236,2024-10-17,Good,5,No,
M00933,2024-08-27,Good,5,YES,37
M04342,2023-01-19,good,1,no,66
M00547,2023-09-09,,1,n,73
M02352,2024-07-21,Excellent,3,y,54
M00705,2019-03-01,Good,2,YES,96
M03158,2021-01-21,Excellent,1,yes,65
M02509,2021-11-05,GOOD,5,no,99
M00785,2024-11-13,Excellent,1,no,46
M00047,2022-07-05,Good,2,y,43
M03024,2020-07-11,Fair,3,Yes,78
M00193,2023-01-04,poor,3,y,21
M00154,2024-07-11,good,2,y,64
M00645,2024-03-13,Excellent,1,YES,12
M00118,2022-05-13,fair,1,YES,43
M03056,2021-07-09,Excellent,4,Yes,7
M00167,2019-06-05,fair,3,No,97
M00320,2020-12-28,Fair,1,Yes,35
M02801,2020-05-19,Poor ,1,no,49
M00385,2020-07-21,Good,4,no,8
M03874,2022-01-05,good,4,No,50
M01125,2021-02-08,Fair,5,YES,76
M02622,2019-02-14,Fair,4,no,7
M04779,2020-11-11,Excellent,4,Yes,35
M01849,2020-05-26,Poor ,2,NO,89
M01547,2024-11-20,good,5,no,31
M04674,2019-09-11, excellent,3,y,16
M02842,2021-02-17,fair,4,y,43
M02145,2020-11-21,Excellent,1,y,20
M00866,2024-10-13, excellent,2,NO,49
M04157,2021-11-21,Fair,3,Yes,18
M03585,2024-01-09,Excellent,5,YES,2
M04389,2021-01-08,Excellent,5,yes,56
M01779,2024-04-23,Poor ,2,no,29
M01032,2022-04-03,Fair,2,no,49
M03627,2024-10-14, excellent,3,NO,74
M03797,2024-01-23,Good,2,YES,36
M00909,2020-10-27, excellent,2,yes,20
M01498,2020-09-22,poor,2,Yes,35
M02512,2022-06-13,Good,5,n,23
M00149,2019-07-07,Excellent,4,No,6
M00743,2023-05-25,GOOD,4,no,53
M03503,2023-12-22,Excellent,2,No,21
M01299,2024-10-08,fair,5,No,36
M03823,2019-06-23, excellent,2,yes,68
M02542,2023-01-18, excellent,3,n,80
M01410,2022-09-13,GOOD,2,yes,5
M01467,2020-10-23,Fair,2,NO,2
M00792,2021-10-15,good,2,no,53
M00475,2021-05-20,Fair,3,y,61
M00787,2019-08-21,GOOD,5,YES,70
M01563,2020-02-14, excellent,2,YES,57
M04843,2020-03-18,GOOD,4,No,52
M00775,2021-10-02,fair,4,NO,97
M02317,2021-07-22,Poor ,1,Yes,97
M04021,2024-04-19,Good,4,n,
M02247,2019-04-13,good,3,NO,47
M03868,2019-02-13,GOOD,4,No,86
M02387,2024-02-27,GOOD,5,no,39
M04363,2021-01-15,poor,4,y,80
M02458,2021-04-09,Poor ,5,Yes,46
M03504,2019-06-03,poor,5,YES,11
M02514,2022-08-26,Good,5,no,52
M03540,2021-05-18,fair,5,yes,2
M02238,2022-02-27,Poor ,5,n,58
M03122,2022-08-12,Excellent,3,No,35
M02549,2023-05-05,Good,3,YES,28
M03435,2021-01-17,GOOD,4,yes,75
M09361,2021-06-02,Fair,2,y,79
M02429,2020-06-11,fair,2,NO,63
M04249,2020-03-03,Poor ,4,y,87
M04214,2024-06-17,fair,3,No,78
M04328,2024-08-08, excellent,4,n,12
M04239,2023-02-03,good,2,Yes,68
M01800,2019-06-19,Fair,3,yes,50
M01837,2019-04-08, excellent,3,no,21
M03556,2024-06-22,Fair,1,Yes,62
M04212,2024-08-17,Fair,2,n,49
M00376,2022-08-05, excellent,1,y,75
M09691,2019-07-08,poor,3,yes,75
M00194,2023-09-20,fair,5,NO,62
M02626,2023-02-19,Good,5,no,60
M01194,2024-10-09,Good,0,n,11
M01745,2020-02-06, excellent,3,YES,1
M02627,2019-04-08,Poor ,3,NO,8
M01627,2022-09-01,Poor ,4,No,68
M00450,2023-07-28,Fair,4,yes,89
M02912,2019-08-21,Good,1,yes,94
M02151,2021-12-05, excellent,5,NO,13
M01702,2020-08-23,Excellent,2,y,26
M02584,2019-06-24,fair,2,y,53
M01006,2020-11-14,Fair,3,yes,8
M04888,2019-09-14,good,4,no,34
M01671,2022-06-23,poor,2,yes,84
M02356,2021-09-22,good,3,no,11
M00105,2023-09-08,poor,4,YES,6
M04511,2019-12-08,fair,1,YES,25
M00559,2023-11-13,Good,5,no,29
M01528,2021-03-14,Fair,1,no,
M00235,2022-02-16,poor,1,Yes,90
M00262,2020-06-09,Fair,1,yes,2
M09906,2019-07-22,,5,NO,1
M04672,2023-06-18,Fair,1,no,10
M00889,2021-02-11, excellent,2,no,95
M00769,2022-03-15,Good,4,Yes,1
M04327,2022-07-16,Poor ,1,YES,36
M03304,2023-05-11,poor,3,y,17
M04587,2023-10-10,,1,Yes,76
M02146,2019-04-12,Excellent,1,yes,94
M04160,2023-09-01,Poor ,5,No,10
M00617,2024-01-09,Fair,,no,74
M04703,2020-05-10,Fair,2,yes,77
M01963,2022-12-22,fair,1,No,73
M03380,2024-09-06,fair,5,y,98
M02897,2022-06-10,poor,5,yes,20
M02207,2022-03-14,poor,3,n,84
M02683,2022-03-16,poor,4,no,36
M02788,2021-12-19,Excellent,0,y,16
M01192,2021-08-28,Excellent,4,NO,82
M03031,2024-01-17,poor,5,y,57
M02899,2021-09-04,good,1,YES,58
M01994,2024-04-22,fair,4,no,13
M04838,2021-07-26,Poor ,,y,2
M04429,2023-06-22,GOOD,3,n,89
M04669,2019-07-19,Fair,4,no,68
M04617,2020-10-24, excellent,1,yes,41
M02069,2020-11-11,poor,2,Yes,16
M03667,2023-11-05,GOOD,1,Yes,81
M01509,2023-06-27,GOOD,3,yes,39
M02993,2023-04-04,fair,3,no,48
M01403,2023-01-21,Good,1,YES,85
M02592,2022-01-20,good,1,Yes,59
M01572,2021-01-18,Poor ,3,no,80
M00247,2024-04-04,Poor ,4,yes,39
M03075,2023-02-09,good,2,no,89
M01953,2019-04-23,Fair,4,yes,28
M01254,2024-11-17,Good,1,NO,14
M04549,2022-01-06,Good,3,NO,40
M01546,2022-11-24,Fair,,yes,99
M04475,2020-07-03,Fair,4,n,70
M09358,2022-05-19,GOOD,3,No,62
M00496,2023-06-07, excellent,2,n,92
M01086,2020-08-12,fair,2,YES,64
M04711,2020-12-25,poor,2,no,94
M04417,2023-01-03,fair,4,Yes,33
M03261,2019-03-09,poor,4,no,76
M04252,2023-10-08,Excellent,1,yes,
M02864,2024-12-20, excellent,2,yes,52
M03781,2021-03-19,Good,5,no,18
M03617,2020-01-11,Good,4,YES,64
M00922,2020-01-12,fair,5,y,11
M03258,2023-01-17,Excellent,5,Yes,76
M04361,2020-08-25,Excellent,,YES,23
M04550,2024-05-28,GOOD,1,n,67
M09239,2021-03-22,good,2,NO,38
M03195,2023-10-27,Good,3,Yes,25
M09159,2021-05-01,Fair,5,No,37
M03479,2021-05-06,fair,3,y,20
M00649,2021-03-02,good,1,y,44
M02275,2023-08-15,Poor ,2,y,56
M00755,2023-10-11,Poor ,3,yes,47
M01447,2019-07-11, excellent,4,y,60
M04315,2020-04-19,poor,1,No,75
M00541,2024-02-20,Excellent,4,NO,25
M02802,2019-11-05,Fair,1,Yes,91
M02460,2022-08-13, excellent,4,no,26
M03864,2024-10-16,fair,4,No,94
M01182,2020-02-22,Fair,1,YES,73
M04014,2020-12-07,Poor ,4,NO,87
M00988,2024-04-21,good,3,Yes,81
M03459,2019-07-19,poor,2,No,72
M01684,2019-12-28,Excellent,2,No,-10
M04833,2024-12-07,Excellent,4,yes,49
M01734,2023-10-19,fair,4,yes,94
M01515,2023-02-22,good,2,yes,69
M01976,2022-04-02,good,5,NO,71
M03746,2024-04-25,good,99,y,67
M02102,2023-12-23,Poor ,4,yes,26
M00311,2022-06-07,poor,5,NO,39
M03469,2024-12-18,Poor ,3,NO,58
M03661,2020-09-11,Excellent,1,yes,74
M01278,2020-11-13, excellent,5,n,42
M00779,2020-09-26,Fair,3,no,58
M00324,2020-10-13,Poor ,1,YES,65
M01167,2020-03-09,good,3,no,12
M03723,2021-09-13,Fair,4,y,87
M02177,2023-10-09,,3,Yes,8
M03015,2021-04-09,Good,,No,55
M00327,2022-07-05,GOOD,,No,25
M03776,2022-09-28,GOOD,1,NO,70
M02004,2020-05-04,Poor ,2,yes,48
M00252,2023-08-27,GOOD,2,y,85
M04125,2022-07-05,GOOD,5,Yes,35
M01724,2021-09-22,,1,yes,20
M02035,2023-07-11,Good,4,NO,99
M01860,2023-04-08,Poor ,,YES,62
M01894,2019-08-07,fair,5,NO,67
M01889,2022-02-04,good,4,NO,17
M09846,2019-12-07,good,99,YES,78
M04258,2021-08-05,Poor ,5,no,42
M04280,2021-03-28,Fair,1,YES,81
M00163,2021-02-28,fair,3,NO,82
M00445,2020-05-08,Poor ,99,yes,
M02973,2023-03-22,Poor ,2,Yes,87
M00725,2020-03-04,fair,2,yes,63
M03821,2021-02-14,Poor ,3,No,26
M09892,2019-07-03,poor,5,NO,68
M03244,2019-11-28,GOOD,99,YES,77
M03398,2019-12-18,fair,5,n,80
M00611,2021-07-08,fair,5,n,44
M00002,2021-05-05,good,3,No,4
M03073,2022-11-09,Excellent,4,no,54
M00189,2019-04-26,Poor ,1,NO,97
M01545,2022-12-08,Poor ,2,Yes,98
M00967,2022-10-08,poor,99,Yes,100
M00237,2020-12-07,Fair,5,n,
M02240,2024-08-08,Excellent,2,No,26
M02119,2019-08-17,fair,1,n,9
M03197,2023-06-03,fair,2,NO,30
M03779,2019-07-16,GOOD,4,No,31
M01306,2024-12-18,fair,2,NO,52
M09819,2020-11-16,poor,5,YES,80
M03679,2023-10-12,fair,3,YES,92
M03855,2023-10-28,Good,3,Yes,95
M04367,2020-02-08,fair,2,no,63
M01377,2021-10-13,Good,5,NO,83
M00899,2020-02-26,poor,2,YES,4
M03463,2024-01-20,GOOD,3,yes,39
M09984,2023-11-20,Fair,4,n,61
M03093,2024-02-28,Excellent,1,n,13
M00035,2020-05-02,poor,1,NO,59
M01847,2019-02-13,Good,4,Yes,150
M04835,2020-03-22,Excellent,4,y,36
M02235,2023-11-10,good,1,YES,3
M03625,2024-02-02,good,4,no,29
M03646,2019-07-13,fair,3,NO,48
M01358,2022-10-01,Good,4,No,68
M03822,2024-08-15,GOOD,5,NO,59
M00493,2022-08-08,poor,4,n,150
M00868,2022-01-21,good,2,YES,41
M00710,2019-01-19,GOOD,1,n,7
M01268,2021-06-11,Good,1,y,30
M01113,2021-02-17,Good,3,no,19
M03070,2020-10-04,,5,NO,4
M00546,2024-05-03,fair,4,yes,29
M02652,2024-06-01,Poor ,4,no,51
M02731,2020-04-04,Good,3,No,73
M03584,2019-01-09,fair,4,no,45
M03059,2021-11-26,fair,3,Yes,67
M03351,2023-12-20, excellent,2,Yes,72
M01074,2019-09-03, excellent,2,yes,24
M03859,2019-04-27,fair,5,n,44
M09507,2024-08-09,Excellent,4,NO,65
M03732,2020-01-15,Fair,4,y,94
M02749,2020-01-15,Poor ,5,No,51
M04241,2022-10-23,Fair,5,NO,72
M00310,2019-11-03,Poor ,2,NO,65
M01027,2020-02-18,Good,2,NO,76
M02176,2020-08-05, excellent,3,no,
M03166,2024-09-26, excellent,3,n,63
M02294,2022-10-13,Poor ,2,No,96
M03665,2020-01-22,Excellent,3,no,25
M01445,2020-01-24,Good,2,NO,71
M01568,2023-05-03,Fair,5,yes,18
M01737,2021-10-10,Excellent,2,YES,58
M01592,2020-09-11,Good,4,NO,99
M01120,2021-05-05,fair,5,y,77
M03611,2022-07-21,Poor ,2,Yes,33
M03515,2019-04-19,Excellent,5,Yes,78
M03029,2019-01-05,good,2,YES,0
M03248,2023-01-01,GOOD,3,yes,26
M01919,2022-12-21,fair,5,NO,66
M00777,2020-11-27,Excellent,4,n,49
M04543,2019-01-16,Good,1,NO,65
M01110,2023-09-12,poor,4,y,0
M04038,2021-10-10,Good,5,y,86
M00213,2022-11-23,Poor ,1,YES,3
M02814,2024-08-07,good,5,y,22
M00634,2023-12-26,Good,4,y,85
M00479,2022-06-13,poor,5,no,69
M09948,2020-09-15,Fair,4,yes,32
M01997,2023-11-11,Poor ,2,YES,29
M04442,2019-04-02,Good,5,Yes,78
M00044,2020-10-18,poor,4,Yes,3
M02142,2020-09-02,good,5,No,37
M00437,2022-10-23,Poor ,3,No,41
M02480,2024-02-06,Good,5,Yes,75
M01901,2021-01-24,Excellent,1,No,65
M03863,2022-04-22,fair,3,yes,32
M09430,2022-12-18,Poor ,1,No,24
M02285,2021-12-25,Fair,2,no,82
M01062,2023-02-03,Good,1,no,57
M03744,2023-03-05,Fair,2,NO,78
M03118,2024-09-08,poor,2,n,31
M03602,2023-03-10,Good,1,yes,2
M03409,2021-01-13,Excellent,3,yes,20
M04545,2023-06-03,good,4,NO,18
M03512,2022-08-27,Good,2,no,10
M03554,2022-02-20,Fair,1,y,25
M00626,2020-07-16,Good,1,yes,23
M04074,2023-11-15,Fair,1,YES,41
M02513,2021-09-18, excellent,1,yes,69
M04486,2023-08-16,poor,4,NO,75
M01089,2020-12-14,Good,4,n,18
M01165,2019-03-17,Excellent,2,Yes,68
M03920,2024-09-17, excellent,0,n,
M00610,2022-08-08,Good,99,No,86
M03552,2019-05-03,Poor ,5,NO,74
M04262,2021-02-04,Excellent,2,NO,82
M01046,2023-02-24,fair,5,y,73
M00078,2024-09-14,fair,5,No,76
M01238,2021-06-19,good,2,yes,22
M00677,2023-09-09,GOOD,2,no,91
M00644,2019-04-11,Fair,5,y,92
M00024,2020-05-16,Good,4,NO,68
M00403,2024-05-19,good,2,no,54
M01001,2023-05-10,Fair,2,No,84
M02336,2022-10-08,Good,1,yes,2
M01157,2022-08-23,fair,3,n,53
M02757,2024-09-06,Good,1,no,16
M04845,2022-03-22,Good,3,No,37
M01224,2022-04-08,GOOD,4,Yes,46
M00177,2022-09-08,GOOD,1,No,15
M03696,2023-08-19,good,3,YES,24
M03709,2024-05-01,fair,5,YES,20
M04098,2020-06-11, excellent,3,y,74
M01566,2022-11-26,Excellent,1,No,7
M01443,2019-01-09,Poor ,2,NO,93
M02289,2023-10-19,Excellent,5,NO,5
M01567,2021-11-07,Excellent,2,no,72
M01319,2020-01-22,fair,2,y,13
M01854,2020-04-08, excellent,,Yes,28
M02561,2022-02-03, excellent,3,y,88
M04073,2020-09-24,poor,3,n,71
M02642,2023-10-10,poor,3,No,18
M00518,2021-08-13, excellent,1,No,38
M03975,2024-01-07,fair,2,n,28
M09266,2021-11-19,Poor ,4,NO,23
M01776,2024-02-02,GOOD,,YES,53
M01265,2023-09-21, excellent,3,yes,83
M04141,2024-03-04,Excellent,2,No,92
M00433,2022-03-11,Excellent,4,no,80
M04016,2019-07-23, excellent,1,yes,79
M00096,2023-04-02,poor,1,Yes,3
M03312,2022-02-08,fair,5,n,20
M03529,2021-05-07,Excellent,3,No,71
M02976,2019-02-23,GOOD,3,NO,87
M04740,2019-03-18,fair,5,n,44
M03132,2024-10-19,GOOD,4,No,97
M01386,2022-09-18,poor,2,no,38
M00471,2020-12-17, excellent,2,n,78
M04195,2021-06-18,Good,1,NO,96
M03711,2020-12-02,Fair,99,yes,28
M02706,2019-10-03,Fair,3,y,47
M03558,2019-03-07,Good,3,No,60
M01571,2022-06-28,good,1,yes,-10
M01965,2024-12-18,Excellent,5,n,49
M02205,2022-01-03,,,YES,62
M01430,2021-02-01, excellent,2,Yes,23
M00865,2023-01-01,GOOD,5,No,77
M00624,2021-11-21, excellent,4,Yes,5
M00240,2021-12-02,,5,No,85
M03102,2020-07-12,Fair,1,y,22
M01153,2021-08-12, excellent,3,Yes,72
M00982,2024-10-25,fair,1,No,51
M02777,2020-09-17,Excellent,3,No,70
M00062,2020-04-12,Good,,NO,64
M00586,2020-08-09,,1,y,78
M00895,2020-02-02,Excellent,2,no,49
M04338,2023-04-02,poor,5,NO,75
M04312,2021-08-18,good,3,yes,95
M02026,2020-02-02,fair,1,No,75
M00277,2024-01-10,fair,5,yes,42
M02641,2020-06-24, excellent,4,No,66
M03687,2023-08-12,Poor ,4,NO,55
M04037,2022-07-10,,2,NO,4
M01818,2023-09-28, excellent,1,YES,78
M00017,2022-04-09,fair,1,NO,37
M04783,2024-06-18,GOOD,3,NO,87
M04372,2023-06-26,GOOD,4,no,79
M02694,2024-01-13,fair,1,yes,37
M00733,2023-06-03, excellent,5,Yes,59
M00143,2021-12-15,Good,1,n,19
M04420,2020-01-12,Good,1,no,46
M01862,2023-08-12,Excellent,3,Yes,34
M04369,2019-09-16,Fair,2,yes,48
M01149,2019-08-23,Poor ,2,n,29
M01245,2020-03-02,Excellent,2,no,5
M01841,2022-12-23,GOOD,5,Yes,29
M02365,2020-12-08,Fair,4,yes,6
M01223,2019-07-14,Fair,3,yes,81
M04246,2022-11-23,GOOD,,YES,57
M01940,2023-03-16,GOOD,99,yes,27
M00969,2019-02-20,fair,4,y,
M02443,2024-05-04,,99,n,82
M03064,2023-06-15,fair,5,no,29
M02552,2021-01-06,Poor ,1,y,13
M04300,2020-11-02, excellent,3,n,7
M09902,2020-04-23,,,Yes,16
M00658,2019-10-19,fair,3,n,35
M00345,2024-12-15,Poor ,99,No,90
M03852,2020-04-10,GOOD,3,y,54
M04222,2020-07-20,good,2,yes,11
M02342,2021-11-12, excellent,2,n,75
M02393,2022-02-23,poor,1,yes,50
M02013,2023-11-15,GOOD,0,yes,68
M03628,2023-12-07,good,,NO,60
M02863,2024-08-26, excellent,5,YES,11
M03034,2023-10-17,Poor ,2,YES,27
M03905,2021-09-15,,5,No,15
M00701,2022-01-04,GOOD,99,n,73
M02600,2019-01-28,,4,NO,31
M04837,2022-01-28,Poor ,3,Yes,23
M02546,2023-02-26,Good,5,Yes,86
M00238,2020-11-27,Fair,2,NO,20
M04767,2024-01-04,Excellent,4,n,9
M00227,2024-11-01,GOOD,5,yes,12
M01318,2020-03-15,,3,no,8
M03761,2022-09-14,GOOD,5,NO,69
M00854,2021-09-14,good,3,Yes,79
M00523,2023-03-08,GOOD,4,y,50
M01788,2023-03-12,fair,4,Yes,2
M01774,2024-06-17,GOOD,3,Yes,66
M01045,2020-03-28,poor,5,No,89
M00461,2024-07-20,GOOD,1,No,43
M04570,2022-09-05,poor,2,NO,98
M03764,2023-06-22,poor,2,No,9
M01773,2019-11-18,Fair,1,Yes,40
M03384,2019-07-08,fair,5,y,24
M01786,2022-01-11,Good,4,y,80
M04065,2024-09-09,GOOD,,n,96
M02692,2023-07-12, excellent,2,n,35
M03816,2019-07-28,fair,2,No,51
M00302,2019-05-24,good,4,no,47
M01845,2020-05-22,Fair,3,yes,60
M00012,2019-01-26,GOOD,3,No,95
M03179,2019-05-27,fair,1,y,2
M02767,2022-09-22,good,1,no,46
M01452,2021-08-18,poor,1,YES,36
M03205,2021-09-17,good,1,y,29
M03361,2022-02-21,Excellent,1,Yes,76
M00490,2019-01-18,GOOD,2,no,15
M01652,2024-12-27,good,2,no,68
M00112,2022-01-20,Fair,1,n,20
M01008,2019-02-13,fair,4,YES,45
M02849,2024-03-07,good,5,Yes,90
M00429,2020-06-25,Excellent,1,Yes,2
M00094,2024-09-26, excellent,1,No,16
M04879,2021-11-14,,3,No,38
M03329,2020-12-12,fair,1,y,27
M04560,2021-09-02,Fair,4,no,70
M04124,2024-08-21,poor,2,No,0
M01132,2020-09-19,Good,2,yes,-10
M02991,2023-10-11,poor,3,Yes,68
M02302,2021-01-21,fair,2,No,100
M03453,2022-06-28,,3,Yes,19
M00301,2023-10-06,Excellent,4,yes,22
M03169,2022-12-26,GOOD,5,NO,49
M00759,2019-06-23,Poor ,2,YES,0
M00766,2021-06-15,Poor ,2,Yes,5
M02866,2022-06-19,Excellent,3,n,99
M00050,2024-06-06,GOOD,3,n,51
M00794,2023-12-20,Excellent,4,Yes,87
M01578,2020-01-04, excellent,4,No,34
M04733,2024-01-26,GOOD,5,y,77
M04466,2023-10-28, excellent,1,yes,71
M03068,2020-09-03,Excellent,3,No,81
M04488,2023-11-19,Good,5,n,
M00619,2020-11-06,,5,no,46
M02790,2024-01-17,fair,1,yes,80
M01172,2019-07-09,fair,5,no,17
M01529,2020-05-17, excellent,3,Yes,72
M03345,2020-08-10,Good,2,Yes,54
M01115,2020-11-28,Excellent,3,no,40
M04279,2020-08-25,Good,3,no,36
M04394,2024-09-25, excellent,5,yes,97
M02648,2022-07-10,fair,1,NO,14
M04186,2019-09-12,GOOD,2,y,83
M04546,2019-02-04,Poor ,1,NO,26
M00027,2022-02-14,Good,4,NO,29
M00835,2023-06-05,poor,3,Yes,95
M03624,2019-09-10,,4,YES,88
M04244,2024-06-16,poor,4,NO,69
M03470,2023-10-17,good,,Yes,46
M00654,2020-07-16,GOOD,3,No,18
M02107,2023-02-09,Fair,3,YES,52
M02228,2024-08-01, excellent,5,Yes,66
M03524,2020-09-03, excellent,1,YES,76
M00652,2024-05-10,Good,5,no,96
M04557,2024-03-07,GOOD,3,YES,41
M03996,2022-08-19,Excellent,5,YES,26
M01276,2020-10-17, excellent,2,no,34
M01863,2023-12-10,good,2,yes,47
M02298,2020-07-24,GOOD,4,n,20
M02263,2024-11-19,Excellent,3,no,65
M02534,2023-02-13,Good,,yes,94
M01272,2023-03-25,GOOD,2,No,48
M00141,2021-04-28, excellent,,y,57
M01916,2022-11-27,GOOD,3,no,31
M00807,2023-05-25,good,3,yes,32
M03363,2024-07-20, excellent,4,y,68
M03164,2021-01-22,Fair,1,NO,7
M04763,2019-03-07,Excellent,3,Yes,73
M03560,2020-04-05, excellent,2,yes,23
M02608,2023-11-03,fair,5,NO,9
M02217,2022-09-11,GOOD,3,YES,0
M04842,2020-04-17,Good,3,yes,54
M03423,2024-12-24,Fair,2,no,32
M00032,2019-03-18,Excellent,3,yes,5
M02965,2021-10-17,GOOD,3,Yes,68
M02735,2023-12-14,Fair,3,y,53
M00288,2023-06-11,Good,1,yes,24
M02772,2021-10-09,poor,3,No,81
M01344,2024-07-02,good,2,NO,91
M02878,2021-05-08,fair,2,NO,83
M00604,2021-11-14,GOOD,2,Yes,150
M04204,2023-01-27,Fair,4,Yes,95
M01654,2020-02-13,fair,4,no,22
M03185,2021-01-04,Excellent,1,no,
M02303,2023-01-02, excellent,1,Yes,65
M01180,2023-03-24,Good,5,y,4
M03066,2023-04-12,Excellent,4,NO,25
M01346,2021-11-04,Excellent,4,NO,75
M03894,2022-11-19,Fair,3,n,87
M02499,2023-07-23,poor,3,No,83
M04465,2022-05-01,Poor ,1,YES,19
M01448,2021-08-20,Poor ,5,No,97
M04193,2022-06-24,good,2,y,82
M03972,2021-10-05,GOOD,1,NO,52
M03846,2019-11-02,Good,3,No,11
M03544,2022-10-07,Good,2,No,48
M01687,2022-11-18,Good,2,no,69
M00918,2019-07-15,Excellent,1,NO,51
M02291,2021-12-26,good,1,y,12
M03486,2022-04-10,poor,4,no,58
M03493,2019-12-21,good,3,no,1
M00960,2021-03-10,Poor ,4,no,12
M00395,2020-01-07,Fair,5,NO,11
M00138,2019-04-08,Fair,3,No,61
M01389,2022-11-08,Poor ,3,NO,34
M02227,2024-11-04,,5,No,28
M01470,2019-02-02,Fair,4,No,9
M04667,2021-12-28,good,5,Yes,67
M01739,2023-05-25,GOOD,5,NO,52
M01973,2022-08-14,Poor ,5,YES,85
M04662,2023-02-26,poor,3,n,62
M01198,2021-07-04, excellent,2,y,90
M00608,2021-02-09,poor,3,YES,36
M04509,2023-07-27,good,1,NO,40
M01463,2022-09-01,,5,NO,99
M00290,2019-05-23,Excellent,4,y,16
M03019,2024-08-12,poor,4,No,21
M04027,2020-02-07,Excellent,4,YES,73
M04091,2023-12-08,Fair,3,n,44
M02388,2024-11-11,poor,3,yes,99
M03181,2021-01-11,Good,4,Yes,8
M04607,2019-11-14, excellent,3,y,78
M02043,2023-06-15,Poor ,2,Yes,30
M02395,2023-08-04,Poor ,5,NO,55
M01009,2019-11-03,Good,1,y,66
M04676,2024-04-13, excellent,4,y,14
M02467,2022-12-09,good,5,yes,23
M01286,2023-11-27,Excellent,5,YES,34
M02962,2019-11-26,GOOD,4,Yes,31
M03437,2022-02-03,Excellent,3,yes,53
M00536,2023-05-07,fair,4,no,83
M02155,2024-08-03,GOOD,4,no,89
M04216,2023-08-18,GOOD,2,no,21
M02856,2024-10-09,GOOD,4,No,51
M03322,2021-03-14,poor,3,NO,56
M01103,2022-06-26,good,5,Yes,150
M02815,2021-11-28, excellent,3,Yes,33
M04183,2022-07-07, excellent,3,YES,31
M03648,2024-05-15, excellent,3,n,84
M00869,2023-09-07,Fair,5,y,53
M02936,2023-07-05, excellent,4,Yes,71
M02759,2024-05-22,Good,1,Yes,51
M02604,2021-10-18,GOOD,3,y,13
M03561,2022-11-10,Excellent,1,y,12
M04296,2024-06-02,poor,4,n,33
M02953,2019-11-15,GOOD,3,n,51
M04534,2020-10-23,Poor ,2,YES,33
M04352,2023-12-12,good,2,Yes,55
M01292,2019-01-10,good,1,No,58
M03739,2021-03-14,Good,3,no,21
M03396,2019-10-12,Good,2,YES,81
M04011,2019-08-01,Fair,5,NO,95
M02133,2020-04-10,fair,2,YES,28
M00051,2021-01-08,fair,,Yes,38
M01674,2022-03-01,Fair,2,NO,26
M01919,2022-12-21,fair,5,NO,66
M01727,2019-02-01,poor,4,n,60
M00888,2021-05-15, excellent,2,yes,64
M03670,2019-10-07, excellent,1,yes,10
M00616,2020-10-18,good,4,NO,53
M00538,2022-06-09,Fair,1,YES,76
M01804,2020-04-28,GOOD,3,n,35
M03969,2024-07-13,good,1,y,1
M02709,2022-07-15,Good,,YES,93
M01891,2022-11-08,Poor ,4,yes,34
M03599,2019-05-10, excellent,4,no,73
M02401,2023-11-06,Excellent,3,Yes,13
M04477,2019-01-02,Fair,2,n,43
M03517,2019-08-11, excellent,1,y,35
M03992,2019-08-15,GOOD,1,No,88
M03931,2022-10-16,Fair,3,NO,24
M00283,2023-08-26,poor,3,yes,38
M03955,2024-05-13,Poor ,4,no,77
M09038,2022-11-03,Good,1,NO,88
M04663,2020-07-26,Good,2,yes,25
M02379,2020-12-18,GOOD,1,YES,84
M01865,2020-08-09,good,1,yes,100
M00863,2023-07-05,good,5,n,
M00748,2020-06-28,Excellent,1,Yes,42
M00847,2020-01-07,GOOD,2,yes,79
M00144,2024-09-21,fair,3,Yes,79
M02194,2023-04-16,poor,5,No,84
M04409,2024-05-23,Fair,3,y,
M02515,2019-05-28,Poor ,2,n,44
M03471,2024-12-08,Poor ,5,YES,23
M04518,2020-10-06,Fair,3,Yes,82
M00910,2023-03-15,poor,5,y,31
M00364,2021-11-13,poor,1,y,0
M00567,2019-05-22,Good,3,Yes,43
M01922,2023-08-19,,,YES,71
M00446,2019-02-18,fair,2,Yes,97
M03592,2022-06-23,Excellent,2,n,81
M04618,2024-12-08,good,4,No,29
M02643,2019-09-25,Fair,3,no,29
M02725,2023-07-02,,4,Yes,32
M01811,2024-02-16,Good,4,Yes,18
M04616,2020-10-10,fair,3,YES,90
M00483,2020-03-22,fair,5,yes,71
M03887,2019-04-01,,5,NO,9
M01434,2023-07-14,Poor ,5,YES,94
M04595,2021-08-09,Good,2,n,54
M01755,2020-11-25,Poor ,2,y,26
M04422,2021-05-14,GOOD,3,No,44
M03057,2019-11-21,Good,2,n,100
M01178,2023-02-20,fair,2,y,64
M04741,2024-01-23,poor,4,NO,52
M03136,2022-02-13,Excellent,5,n,85
M01404,2019-04-13,fair,3,No,71
M00956,2019-07-10,GOOD,4,YES,
M02309,2022-02-05,Excellent,1,No,73
M00484,2022-07-03,fair,3,No,35
M03900,2021-12-06,Fair,5,Yes,150
M03038,2020-07-16,Fair,3,No,49
M02886,2022-03-28,fair,1,no,42
M01459,2019-03-14,,2,yes,41
M04360,2020-01-14, excellent,2,Yes,58
M02185,2020-01-22,Good,3,no,44
M02364,2021-02-02,poor,5,n,150
M02308,2022-10-16, excellent,5,NO,79
M02490,2024-08-03,poor,1,No,18
M04572,2020-07-17,good,3,NO,11
M04868,2024-07-11,GOOD,1,YES,95
M03014,2021-07-03,GOOD,2,No,9
M00007,2022-10-22,Fair,3,Yes,
M03126,2020-03-18,fair,4,No,1
M02649,2022-01-13,Good,1,no,62
M02725,2023-07-02,,4,Yes,32
M00420,2020-10-01,GOOD,5,no,38
M01842,2024-03-16,Good,2,Yes,40
M01996,2020-09-09,,3,y,45
M09151,2019-12-28,fair,1,yes,60
M02129,2019-03-15,fair,1,y,96
M01257,2020-03-22,fair,3,YES,97
M03007,2022-03-20,,2,yes,88
M04048,2024-04-06,,1,no,45
M03802,2021-06-04,fair,1,YES,28
M02507,2024-09-26,GOOD,5,Yes,81
M01715,2021-10-14, excellent,5,no,44
M02684,2024-07-26,fair,5,yes,33
M03346,2021-11-02,GOOD,4,no,90
M00424,2021-04-12,Excellent,5,yes,90
M04218,2021-04-19,poor,2,Yes,61
M03097,2020-11-25,Fair,,Yes,69
M03647,2019-06-11,Fair,4,y,96
M01284,2020-09-04,poor,2,Yes,0
M01767,2023-11-16,Excellent,2,no,70
M00588,2024-02-09,GOOD,3,No,2
M02085,2023-07-27,Poor ,4,y,16
M04586,2022-03-13,fair,,YES,88
M03778,2024-03-07,Poor ,1,yes,65
M02264,2023-04-04,Poor ,1,YES,97
M02606,2024-03-22,GOOD,3,no,51
M04406,2021-01-02,Good,4,Yes,17
M00815,2021-12-05,Excellent,5,y,29
M02209,2020-07-25,Excellent,3,YES,14
M01535,2020-10-06,Good,2,YES,26
M02681,2020-12-14,Excellent,1,yes,73
M03852,2020-04-10,GOOD,3,y,54
M04064,2023-10-05,poor,4,no,32
M02268,2022-09-09,GOOD,1,yes,50
M01679,2022-03-15,poor,2,yes,0
M01883,2019-06-19,Excellent,1,n,23
M02588,2020-10-07,Poor ,4,Yes,50
M00714,2021-04-25,,2,yes,20
M01246,2024-04-26,fair,4,n,59
M03728,2020-08-17,Good,4,y,64
M00945,2023-02-09,good,4,NO,150
M00812,2020-04-22,Excellent,2,YES,90
M00315,2024-05-10,fair,4,Yes,81
M01367,2019-05-13,poor,4,NO,22
M00131,2022-01-02,Good,2,n,64
M02889,2020-06-20, excellent,5,YES,23
M02981,2022-10-06,GOOD,4,no,75
M00043,2020-12-08,Good,5,n,68
M01270,2020-04-04,GOOD,5,No,52
M01048,2021-03-08,Excellent,4,yes,77
M00708,2020-06-13,poor,3,no,72
M00321,2020-01-09,GOOD,3,n,23
M03800,2024-02-06,Good,3,no,5
M02466,2019-02-17,,1,no,89
M03600,2020-09-02,GOOD,4,YES,52
M02037,2021-04-10, excellent,1,no,82
M04242,2020-03-03,Good,2,y,78
M00259,2020-12-16,Fair,3,y,79
M04796,2023-07-10,GOOD,3,YES,98
M01664,2022-09-05,good,3,no,17
M04305,2019-07-07,poor,4,No,
M00596,2023-01-19,Fair,,no,55
M03942,2020-06-04,poor,4,no,
M03534,2020-06-08, excellent,3,Yes,47
M02281,2020-11-26,good,2,Yes,31
M03349,2022-03-17,good,5,n,95
M00181,2019-07-21,Excellent,1,y,
M01304,2021-10-04,poor,1,No,13
M00036,2023-09-16,Good,4,NO,46
M04566,2022-03-18,Excellent,3,YES,65
M00142,2021-11-27,GOOD,5,yes,25
M03305,2020-08-02, excellent,4,Yes,55
M03017,2024-02-25,Fair,3,no,42
M00747,2021-09-01,Good,1,no,64
M02005,2023-09-09,poor,5,y,0
M04277,2024-03-26,GOOD,3,No,4
M02127,2023-03-06,GOOD,5,yes,17
M03053,2024-06-03,GOOD,2,No,63
M04418,2022-10-03, excellent,2,n,80
M04866,2022-04-12,fair,4,NO,6
M04224,2024-11-19,,5,y,32
M03937,2020-08-09,Fair,1,y,57
M04790,2022-09-14, excellent,3,YES,41
M02180,2022-09-12,Poor ,3,No,96
M00629,2019-02-17,Excellent,4,Yes,50
M00682,2022-08-27,Good,4,YES,88
M02274,2020-04-03,good,1,y,31
M01909,2020-01-20,Excellent,4,NO,7
M01610,2024-01-15,fair,5,No,36
M00164,2023-10-12,good,4,No,31
M03505,2024-06-17,Poor ,4,No,15
M02353,2023-10-23,poor,5,YES,54
M03317,2022-03-24,Excellent,5,y,61
M01764,2019-05-07,,99,No,8
M03502,2021-09-10,Fair,3,No,13
M02813,2020-03-05, excellent,2,No,8
M09624,2021-09-16,Poor ,1,n,79
M02148,2024-12-04,Poor ,5,yes,55
M01707,2023-08-20,GOOD,5,no,19
M02132,2022-07-20, excellent,,no,43
M01204,2024-01-01, excellent,2,YES,34
M09424,2020-07-11,poor,,YES,23
M03109,2023-03-05,fair,5,n,85
M04704,2020-03-23,Poor ,3,Yes,56
M01726,2020-11-07, excellent,4,YES,57
M04047,2023-09-23,Good,3,no,74
M04035,2020-07-11,,2,No,55
M04234,2023-12-28, excellent,4,NO,34
M03565,2022-07-06,Excellent,5,y,19
M01867,2020-08-22, excellent,3,YES,21
M00880,2024-03-05,fair,,NO,78
M04221,2022-07-21,Fair,1,n,91
M04050,2020-05-02,Excellent,5,Yes,29
M03533,2022-05-15, excellent,2,YES,64
M00156,2020-05-12,Poor ,3,yes,60
M02972,2021-05-10,GOOD,5,Yes,34
M00896,2020-05-22,good,,No,30
M03405,2019-01-27,Fair,4,YES,88
M02117,2020-09-26, excellent,3,YES,85
M03430,2022-12-15,Fair,99,No,46
M02098,2021-11-28,poor,4,n,83
M02478,2023-04-23,GOOD,5,n,17
M04777,2022-05-20,fair,1,n,5
M04855,2020-04-25,poor,3,Yes,58
M00841,2021-02-17,poor,1,y,34
M00314,2019-12-13,poor,2,YES,31
M01904,2021-08-21,,3,Yes,62
M00696,2019-11-26,GOOD,2,y,12
M02191,2021-09-06,Good,5,n,78
M01918,2024-12-19,fair,3,YES,64
M03225,2023-11-01,fair,1,no,28
M03811,2019-12-08,poor,4,YES,53
M02855,2019-12-04,Good,4,yes,51
M02179,2021-10-20,Good,1,n,40
M02010,2019-11-24,Good,3,y,13
M03103,2020-08-10,Poor ,3,NO,5
M02673,2022-08-05,Fair,2,yes,65
M04568,2019-06-08, excellent,2,no,45
M03182,2022-11-04,Good,2,Yes,29
M00681,2019-10-16,fair,4,YES,20
M02424,2022-02-02,poor,5,No,43
M04355,2024-12-06,poor,1,NO,65
M02258,2019-09-14,Fair,4,NO,5
M03190,2021-01-13,Poor ,3,no,42
M00093,2022-06-02,GOOD,4,YES,
M03474,2019-12-06,good,5,YES,7
M02335,2023-10-24,,3,no,29
M01856,2023-02-18,,2,YES,41
M01756,2019-09-09,fair,5,no,31
M00711,2019-10-07,Excellent,4,y,55
M01471,2020-06-09,good,2,n,87
M09577,2024-02-03,good,1,y,88
M03319,2021-01-20,fair,3,y,73
M03961,2024-12-01,Excellent,0,yes,51
M03489,2022-05-08,,,y,57
M00548,2019-06-16,GOOD,3,YES,33
M00354,2022-02-21,Good,1,NO,52
M00449,2022-07-04,fair,2,y,19
M00452,2019-11-22,Good,1,No,62
M02082,2024-06-14,GOOD,2,no,
M01361,2022-11-14,Fair,5,no,73
M00393,2019-05-25,fair,2,Yes,3
M01155,2019-02-18,Excellent,2,Yes,81
M09684,2019-06-28,Fair,1,YES,77
M01050,2024-07-27,poor,4,YES,61
M03111,2022-09-12,Poor ,3,Yes,40
M03780,2022-04-01,fair,1,no,54
M01335,2023-10-05,GOOD,5,YES,93
M00963,2022-06-27,Poor ,2,Yes,92
M03973,2019-01-15,,2,y,61
M02904,2019-05-09,Good,3,yes,60
M00591,2020-10-02,Excellent,1,No,19
M02168,2022-11-15,poor,3,no,80
M00029,2022-10-12,fair,3,y,50
M03688,2021-03-02,Fair,,YES,58
M01558,2021-03-03, excellent,5,No,92
M02628,2022-02-24,Excellent,5,n,52
M02088,2023-09-02,good,1,No,78
M02612,2021-09-19,fair,1,n,73
M04281,2022-04-28,GOOD,2,n,7
M02483,2021-05-04,Fair,2,y,2
M00067,2020-03-01,GOOD,1,NO,100
M01337,2022-10-27,fair,5,YES,4
M04146,2021-10-10,GOOD,2,y,34
M01820,2022-02-16, excellent,3,y,62
M03395,2023-06-11,poor,4,y,0
M02926,2023-07-18,Poor ,5,Yes,73
M01663,2019-01-16,Fair,,Yes,55
M01900,2022-11-22,Good,3,Yes,89
M02697,2021-03-05,Fair,0,Yes,66
M04201,2019-12-04,fair,2,Yes,68
M02663,2020-11-07, excellent,3,n,90
M03189,2024-12-27,poor,4,no,41
M02072,2020-06-15,good,1,n,8
M03315,2022-05-02,Excellent,2,YES,26
M01882,2024-02-25,,4,no,58
M04307,2019-05-23,Good,4,yes,150
M03324,2020-11-24,Excellent,2,y,24
M03407,2019-08-02,Good,2,no,86
M04828,2021-01-01,Excellent,5,n,44
M03509,2020-09-06,GOOD,3,Yes,80
M00136,2020-09-04,Poor ,5,YES,40
M02049,2024-10-02,fair,3,n,21
M00901,2022-05-08,Poor ,5,NO,4
M03669,2023-05-13,poor,2,YES,27
M04117,2020-09-06,good,1,yes,55
M04164,2019-02-23,Good,2,Yes,100
M01044,2022-03-22,poor,4,yes,
M00046,2023-01-07,Excellent,5,YES,80
M00222,2024-05-21,Fair,5,Yes,31
M04821,2023-03-01,GOOD,0,NO,52
M02954,2019-05-13,poor,5,y,79
M04722,2022-02-18,Excellent,1,y,74
M04585,2019-04-04,fair,2,yes,94
M03388,2021-06-02,Poor ,4,YES,51
M02827,2020-02-02,Poor ,5,YES,32
M03092,2021-09-06,fair,5,No,3
M03786,2019-03-15,Excellent,3,no,77
M00678,2020-05-12, excellent,1,n,60
M01164,2020-06-19,fair,2,No,88
M02911,2020-08-01,GOOD,1,n,3
M01672,2024-10-20,good,1,y,41
M04759,2022-01-26,Fair,2,no,21
M09320,2020-06-15,GOOD,4,n,12
M00253,2022-10-16,Poor ,1,no,
M01911,2020-10-02,Fair,3,Yes,93
M02701,2023-11-25,Fair,,Yes,22
M01174,2024-07-24,Excellent,2,y,46
M04867,2022-02-17,GOOD,1,yes,63
M03251,2023-02-22,GOOD,4,NO,51
M04540,2020-04-12,good,2,No,83
M01251,2020-09-22,poor,5,NO,76
M03210,2022-11-14,Poor ,3,n,
M02599,2019-12-11,poor,1,Yes,-10
M09900,2020-05-26, excellent,2,y,64
M09541,2019-06-08, excellent,5,YES,37
M02808,2023-01-26,poor,1,no,67
M03052,2024-06-06,poor,3,No,46
M02370,2023-10-09,fair,2,y,95
M04644,2021-03-17,Excellent,2,No,26
M03265,2024-07-12, excellent,5,y,18
M00207,2024-11-28,fair,4,No,9
M01913,2020-02-03,Good,2,yes,34
M01163,2019-07-16,Good,5,NO,10
M01749,2020-01-16,Fair,2,Yes,71
M03237,2023-12-22,Good,1,No,92
M02373,2022-07-24,Fair,5,NO,54
M02076,2019-09-23, excellent,1,no,7
M03557,2020-02-14,fair,,YES,69
M01814,2021-12-09, excellent,5,yes,96
M00440,2024-07-20,Good,1,yes,81
M01775,2019-10-03,Good,5,Yes,29
M00582,2022-06-12,Excellent,3,Yes,49
M01532,2023-03-24,Fair,5,y,11
M02589,2019-05-08,Fair,2,yes,7
M04238,2024-07-19,Fair,3,NO,11
M03673,2024-09-02,GOOD,5,YES,16
M03984,2019-03-24,good,2,yes,62
M00338,2019-03-20,,1,Yes,94
M04087,2022-01-14, excellent,5,y,2
M02007,2020-04-02,fair,4,Yes,1
M04799,2023-11-27,Good,1,yes,-10
M02310,2023-08-15,,5,No,15
M02727,2024-10-04,GOOD,3,yes,150
M02556,2020-09-23,fair,3,n,2
M02738,2019-08-14,fair,3,n,81
M01209,2023-05-24,good,5,No,51
M02636,2023-12-14, excellent,3,no,32
M02874,2022-05-27,Excellent,4,y,29
M03587,2024-02-02,Good,5,n,6
M04665,2023-04-02,poor,4,y,39
M04520,2023-01-03,fair,2,y,75
M02390,2019-01-26,GOOD,4,YES,66
M02724,2019-10-25,GOOD,5,yes,79
M01169,2019-07-24,,3,No,73
M04591,2021-06-08,Poor ,3,NO,40
M03525,2023-01-26, excellent,1,NO,77
M02760,2023-08-26,GOOD,2,no,71
M09960,2023-08-27, excellent,3,n,98
M02164,2021-09-09,,4,n,83
M02999,2023-04-14,Good,4,Yes,21
M00159,2019-05-16,Fair,4,YES,87
M04023,2023-02-28,good,5,Yes,1
M02741,2023-04-12,Fair,5,No,88
M00323,2020-09-11,Good,4,Yes,100
M01598,2019-05-27,,4,YES,
M04111,2019-03-28,good,3,n,92
M03447,2024-11-04,GOOD,2,y,3
M03662,2019-03-22, excellent,2,NO,95
M03671,2023-05-12,Fair,5,YES,36
M00713,2024-07-21,poor,2,no,29
M04322,2023-08-21,fair,4,n,25
M03116,2019-07-03,fair,3,yes,
M09415,2019-01-20,fair,1,n,45
M01793,2021-06-16,poor,2,no,96
M03037,2020-01-17,fair,3,n,79
M02028,2024-01-23,good,1,y,61
M01912,2019-03-23,Fair,5,yes,47
M02417,2020-11-22,poor,0,n,33
M00923,2020-11-20,Good,2,yes,61
M03230,2023-07-16,Good,2,y,21
M00620,2019-01-25,good,5,no,66
M01351,2023-04-07,fair,1,y,3
M02500,2023-06-04,Poor ,5,no,55
M00597,2022-11-17,Poor ,3,no,18
M00291,2023-08-22,fair,5,YES,67
M03165,2022-07-11,,4,n,77
M00986,2020-04-06,Poor ,3,No,
M01139,2023-02-07,GOOD,1,n,48
M02784,2020-02-28,poor,2,y,98
M00520,2024-12-07,good,1,Yes,85
M04847,2021-09-01,GOOD,2,Yes,30
M01162,2019-09-25,poor,3,n,62
M02488,2020-01-27,Good,4,y,83
M01648,2022-04-07,Good,,No,57
M04693,2023-01-22,poor,1,NO,14
M03999,2023-03-26,Excellent,3,no,27
M01492,2019-01-08,GOOD,1,no,62
M01785,2019-02-22, excellent,5,NO,58
M01945,2021-10-03,Fair,3,y,2
M03690,2019-09-04,Fair,4,Yes,21
M00186,2019-09-25,fair,4,yes,32
M04727,2019-10-20,poor,4,y,19
M01864,2020-09-03,good,5,y,84
M04402,2024-03-22, excellent,5,YES,24
M04812,2024-03-10,,3,No,2
M00917,2019-07-16,good,4,y,61
M03832,2021-07-03,Fair,4,y,84
M03803,2019-03-25,good,1,Yes,68
M04856,2019-09-11,Poor ,1,no,35
M03326,2019-05-20,Excellent,2,No,23
M03080,2020-08-23,Fair,4,no,11
M02121,2023-07-04,good,4,YES,34
M02011,2019-08-07,Good,2,no,5
M00216,2020-03-13,poor,1,YES,32
M00427,2022-08-23,fair,1,No,36
M01102,2019-10-10,Fair,5,NO,43
M03239,2022-01-15,Poor ,1,Yes,7
M00413,2020-12-16,Poor ,1,No,88
M04005,2020-06-08,good,1,y,45
M00954,2023-01-18,Excellent,5,y,5
M02870,2020-09-15,Fair,5,y,
M03970,2021-12-24,fair,1,Yes,10
M00462,2020-03-16,Fair,3,n,57
M04276,2019-01-25,good,4,no,73
M04461,2020-08-03,Good,4,n,50
M00223,2023-04-05,Fair,5,No,58
M03347,2023-10-04,Good,1,yes,8
M02271,2020-05-26,,5,n,48
M03340,2022-06-04,fair,3,YES,51
M02543,2020-08-07,Good,,Yes,82
M04873,2019-01-24,Poor ,1,YES,30
M04435,2020-01-27,Excellent,1,n,19
M03110,2020-07-27,good,,YES,74
M01956,2022-04-24,Poor ,4,YES,98
M04524,2019-01-20, excellent,5,no,73
M04220,2020-04-22,,4,no,38
M04802,2022-02-07, excellent,2,y,54
M02497,2024-04-16,Good,2,yes,5
M02236,2021-03-16,GOOD,1,No,77
M01926,2022-11-16,,4,YES,91
M01014,2022-12-10,Excellent,1,NO,77
M00214,2022-05-08,poor,1,no,80
M00034,2021-08-04,Excellent,4,yes,15
M01138,2022-07-22,Fair,5,Yes,48
M00463,2020-12-02,Poor ,1,No,37
M02307,2024-01-20,GOOD,1,no,66
M02029,2023-06-06,Excellent,2,YES,82
M01954,2024-08-16,Excellent,1,no,
M04378,2024-10-08,fair,2,y,23
M00058,2024-04-16,fair,2,yes,150
M02050,2021-05-27,Excellent,4,no,36
M00697,2021-02-17,Good,3,NO,87
M01327,2022-01-07,Poor ,1,no,44
M03691,2023-09-28,Fair,5,n,4
M01720,2021-07-07,poor,5,no,6
M02923,2019-05-16,poor,4,Yes,31
M09967,2024-03-27,fair,4,Yes,24
M03339,2019-04-23,poor,1,No,27
M00328,2023-11-14,Excellent,3,no,34
M02593,2022-04-27,Fair,2,yes,93
M00691,2024-03-11,GOOD,4,y,62
M01237,2021-11-21, excellent,2,yes,77
M00605,2024-04-28,poor,1,No,150
M04773,2021-02-08,good,2,No,59
M03089,2022-08-21,Excellent,4,y,39
M00348,2019-11-04,GOOD,2,y,4
M03713,2024-01-19, excellent,4,n,82
M04526,2021-09-16,Excellent,4,YES,49
M02677,2021-04-06,good,5,n,14
M00871,2021-02-23,Poor ,3,no,44
M02635,2019-06-26,GOOD,4,n,84
M01824,2021-10-08,poor,3,n,95
M02312,2021-08-09,Fair,5,y,13
M01602,2024-12-19,Excellent,3,NO,56
M03719,2020-10-09,Excellent,5,no,0
M03394,2023-09-20,Good,2,n,78
M03499,2021-09-15,fair,1,No,61
M01494,2022-10-22,,5,No,49
M00157,2020-11-13, excellent,2,yes,79
M02138,2023-02-11,GOOD,4,NO,94
M03885,2019-12-28,,4,n,6
M03538,2024-12-04,Poor ,1,Yes,80
M03929,2021-06-20,good,1,n,54
M01537,2021-05-19,poor,5,Yes,11
M04765,2022-10-27,Excellent,1,no,1
M03050,2023-01-04,poor,1,NO,98
M04857,2020-03-02,Poor ,1,n,150
M04619,2024-09-14,good,4,yes,35
M01649,2019-04-01,Fair,4,y,20
M01068,2019-07-06,poor,5,Yes,36
M01000,2022-11-19,Excellent,1,NO,89
M00470,2022-03-20, excellent,2,yes,71
M01370,2021-10-03,good,2,y,36
M02171,2020-03-16,Poor ,1,Yes,15
M04829,2024-11-03,Fair,1,y,2
M00557,2023-07-15,GOOD,5,n,54
M04860,2020-09-03,GOOD,5,n,53
M03127,2019-03-09,Poor ,0,Yes,94
M01810,2021-08-11,Excellent,5,no,93
M04836,2021-04-25,good,2,no,62
M03934,2024-11-06,Poor ,2,Yes,55
M03751,2020-11-09,fair,2,Yes,81
M01331,2024-09-18,poor,2,NO,64
M03157,2022-05-08,good,2,yes,9
M02030,2019-12-14, excellent,4,y,50
M02022,2020-11-02,Good,2,Yes,45
M04583,2022-09-07,GOOD,4,No,100
M04793,2024-01-28,GOOD,3,No,61
M04870,2023-04-27,GOOD,2,Yes,54
M01409,2020-01-26,poor,4,n,50
M00196,2019-02-22, excellent,4,n,52
M04176,2020-03-19, excellent,4,no,31
M03722,2019-11-21,Good,5,Yes,59
M03355,2021-03-27,Fair,2,n,1
M00085,2023-11-12,Fair,5,n,
M02646,2021-10-01,Excellent,3,yes,27
M02099,2022-01-09,GOOD,1,Yes,30
M01514,2024-09-12,GOOD,5,NO,150
M00987,2020-04-22, excellent,1,Yes,67
M04303,2022-03-25,Fair,3,y,8
M04636,2023-08-23,poor,3,Yes,
M02058,2023-12-19,poor,4,No,67
M04334,2024-10-19,Poor ,2,y,54
M01839,2023-04-04,Good,5,n,21
M00590,2023-05-04,Good,1,yes,87
M00357,2023-11-14,Poor ,5,no,11
M09519,2019-11-13,Fair,5,y,1
M03404,2023-09-28,Poor ,4,YES,46
M00182,2023-09-14,fair,5,n,40
M00447,2021-06-17,Fair,5,y,23
M00724,2022-04-16,GOOD,5,n,49
M03632,2020-04-16,good,4,no,3
M00121,2024-04-04,poor,5,no,4
M04582,2022-11-07,good,5,yes,38
M03106,2020-10-18,poor,3,yes,73
M01748,2023-06-08,Poor ,3,No,86
M00297,2023-04-06,,2,no,73
M01986,2021-03-15,Excellent,4,n,44
M00494,2022-02-14,Good,4,YES,11
M04502,2022-01-17,good,1,n,82
M01333,2021-05-23,fair,2,y,31
M03890,2024-11-13,fair,4,yes,1
M02328,2021-06-27,Good,2,No,91
M02799,2023-02-11, excellent,4,no,13
M00991,2020-12-17,good,2,No,67
M03932,2020-04-06,Poor ,3,no,51
M03623,2020-03-19,GOOD,2,y,61
M02634,2022-02-22,Poor ,4,NO,72
M03426,2019-06-18,fair,2,no,89
M02812,2022-11-02,poor,3,No,95
M04861,2024-12-13,fair,1,Yes,19
M01416,2024-01-17,Fair,5,YES,55
M04684,2022-04-22,GOOD,1,yes,97
M02349,2020-05-06,Excellent,5,YES,56
M04772,2022-10-10,Poor ,4,n,9
M03704,2021-09-02,Excellent,1,No,22
M03734,2021-05-24,poor,2,no,37
M02896,2020-12-28,Good,2,n,98
M03368,2020-12-01,Excellent,4,no,23
M04723,2021-01-25,fair,5,yes,15
M04602,2024-07-14,fair,5,no,24
M02269,2023-12-07, excellent,1,NO,71
M02047,2021-02-25,Fair,2,no,10
M04251,2024-01-08,GOOD,1,yes,49
M03784,2024-09-23,Excellent,1,y,51
M03496,2024-11-20,good,3,Yes,46
M04196,2020-10-23,GOOD,2,No,49
M04709,2023-03-04,Excellent,3,yes,51
M01128,2022-05-16, excellent,2,y,50
M01152,2024-12-18,,3,yes,-10
M03152,2020-03-04,good,5,Yes,82
M03085,2024-06-11,Excellent,5,No,58
M04464,2023-03-08,fair,1,Yes,76
M02836,2021-10-16,Fair,1,n,27
M00560,2020-04-12,Poor ,2,Yes,98
M01612,2023-07-03,poor,1,No,46
M09543,2020-07-18,poor,4,NO,75
M04887,2023-09-28,GOOD,4,Yes,26
M02033,2023-04-02,fair,4,NO,44
M00352,2024-05-06,poor,3,y,46
M00384,2021-08-13,good,1,n,
M04041,2019-04-16,good,2,YES,77
M01517,2023-09-06,fair,5,No,46
M03432,2023-06-15,Poor ,4,y,95
M04864,2023-03-22,Fair,1,Yes,2
M04034,2022-01-09,Good,3,YES,26
M04174,2020-11-05,,1,yes,72
M00795,2020-02-09, excellent,1,YES,
M02173,2020-04-17,GOOD,3,Yes,81
M00997,2022-11-11,Poor ,2,No,28
M00020,2021-06-09,Fair,5,n,29
M00571,2024-07-25,good,2,y,10
M00362,2021-04-21,Good,4,no,54
M01597,2022-10-11,Fair,0,Yes,1
M02598,2023-07-09,Good,1,n,34
M04284,2024-09-02,Good,5,YES,38
M01828,2023-09-06,fair,1,n,92
M01057,2024-09-28,GOOD,3,yes,81
M00092,2020-07-01,good,4,No,25
M00355,2023-04-15, excellent,5,n,36
M01087,2023-07-23,Fair,3,no,16
M04715,2022-07-23,Excellent,4,YES,7
M02861,2022-07-08,Fair,2,n,8
M02464,2020-07-06,Good,1,yes,45
M03980,2022-09-28,Good,1,No,6
M04533,2020-03-01,fair,5,yes,3
M00726,2019-11-10,fair,4,y,31
M02367,2019-06-09,fair,1,n,88
M01150,2024-09-04,Excellent,3,y,63
M01336,2024-06-07,Excellent,3,yes,66
M00220,2024-01-25,GOOD,3,YES,13
M01214,2021-09-18,Poor ,2,Yes,77
M04473,2020-12-03, excellent,3,NO,56
M02756,2019-06-02,good,,YES,85
M03406,2024-04-12,Good,2,NO,91
M04007,2021-12-05,good,2,No,61
M02898,2023-12-03,Poor ,1,yes,40
M09428,2022-06-20,Excellent,4,No,12
M01118,2021-10-17,Excellent,5,y,8
M03977,2022-06-12,Good,3,No,20
M02890,2020-06-05,good,2,no,86
M04171,2021-07-06, excellent,3,n,70
M04840,2019-03-25,Good,3,yes,77
M02553,2021-09-21,Excellent,2,No,51
M01477,2024-08-07,Poor ,2,y,60
M02067,2019-10-03,Poor ,3,y,61
M03968,2020-08-07,fair,5,Yes,40
M03750,2024-09-23,GOOD,3,No,9
M03607,2020-10-19,Good,3,YES,19
M00068,2021-10-20,Poor ,2,y,82
M00370,2021-07-05,Fair,5,no,76
M02290,2024-08-23,poor,5,n,49
M02921,2021-08-04,Fair,2,YES,33
M04817,2019-01-27,Fair,3,NO,76
M00369,2019-06-24,Fair,5,n,21
M02846,2019-05-28, excellent,4,yes,23
M03576,2019-01-05,,5,y,78
M00600,2024-08-01,Good,3,NO,8
M00907,2020-11-17,Poor ,5,no,46
M00281,2023-02-08,poor,5,y,44
M03531,2020-03-01,Good,2,Yes,25
M01177,2023-10-24,Excellent,5,no,78
M04760,2020-08-27,good,3,no,62
M03902,2024-08-16,Good,3,yes,15
M04455,2024-05-11,GOOD,4,n,29
M02629,2022-02-10,GOOD,5,YES,98
M02857,2021-07-10,Fair,2,Yes,1
M02241,2023-05-01,fair,4,No,38
M03603,2024-03-13,,4,yes,36
M03311,2020-12-15,Fair,2,NO,99
M02404,2023-04-22,GOOD,1,yes,66
M00994,2021-01-11,Fair,5,no,16
M03133,2023-06-27,good,3,NO,88
M02475,2020-01-06,Good,4,YES,43
M00934,2024-09-26,GOOD,4,NO,96
M02605,2020-09-19,Fair,2,No,19
M03137,2021-03-25,Poor ,5,yes,68
M03682,2019-04-19,fair,5,n,72
M00809,2024-05-28,Fair,0,y,70
M04031,2020-01-06,GOOD,3,y,74
M02389,2021-08-03,Excellent,2,no,5
M04092,2021-11-21,Excellent,4,YES,10
M00874,2022-05-05,Excellent,,y,72
M04696,2023-09-28,Excellent,5,No,56
M04086,2023-03-14,Fair,3,YES,1
M01519,2024-06-23,Good,0,No,41
M00055,2022-11-13,good,3,no,61
M09048,2021-01-08,Excellent,3,y,66
M00006,2019-08-12,Good,4,yes,58
M03724,2024-12-12,Poor ,5,yes,35
M09161,2023-09-15, excellent,5,NO,30
M02925,2024-06-18,Fair,3,YES,-10
M01682,2023-01-20,Fair,5,n,25
M04493,2019-05-26,GOOD,1,No,36
M04162,2023-12-16,fair,3,n,60
M02110,2019-11-27, excellent,5,no,10
M04717,2020-03-24,GOOD,2,n,38
M02776,2024-01-13,Excellent,3,y,45
M02752,2019-03-14,poor,1,yes,35
M00825,2019-12-05,good,5,No,80
M02658,2023-02-17,poor,,no,87
M01457,2021-01-17,,4,no,78
M04421,2022-05-27,GOOD,4,No,22
M01196,2023-03-15,Excellent,1,YES,87
M04302,2019-09-24,Excellent,2,No,28
M00651,2021-09-14, excellent,5,y,31
M03193,2020-12-10,Good,3,Yes,89
M04686,2020-09-03,Good,1,no,29
M00754,2023-11-24,GOOD,5,no,80
M04250,2024-05-13,fair,4,n,21
M00558,2023-02-08, excellent,5,Yes,35
M01937,2022-09-11,Excellent,5,No,78
M00217,2019-09-08, excellent,4,no,69
M04749,2024-05-01,Good,1,YES,77
M01771,2022-04-22,Fair,2,no,89
M04210,2024-03-04,GOOD,2,No,64
M03578,2023-05-19,Good,4,yes,54
M01262,2024-04-24,GOOD,5,y,62
M04494,2020-04-12,Poor ,5,yes,58
M02771,2019-03-15,Good,2,n,83
M04531,2022-07-28,GOOD,4,n,55
M03488,2024-09-18,GOOD,3,Yes,83
M04451,2023-11-14,Poor ,3,No,88
M04325,2019-02-08,Excellent,5,YES,94
M00522,2024-02-14,good,4,NO,5
M03117,2024-05-21,,1,Yes,91
M04892,2019-08-09,Excellent,1,n,21
M03382,2019-09-14,poor,3,no,55
M04253,2022-08-20,,,no,18
M04161,2022-06-04,Excellent,3,no,39
M01958,2024-10-08,poor,3,No,45
M03619,2024-04-13,fair,1,n,60
M03630,2022-06-04,Good,2,yes,8
M03792,2020-08-28,good,2,YES,95
M02226,2024-02-06,Excellent,3,n,28
M04745,2021-01-27,Poor ,5,y,58
M04029,2020-10-13,Good,5,No,8
M01565,2019-05-06,Good,4,Yes,28
M02064,2019-04-01,fair,4,n,21
M09901,2023-11-05,Fair,2,Yes,78
M02278,2021-09-20,poor,2,Yes,85
M00097,2022-12-07, excellent,1,YES,5
M04580,2019-04-05,,2,Yes,62
M04298,2024-10-18,Excellent,3,no,68
M03300,2020-10-01,good,5,yes,
M03026,2023-02-21,Good,3,y,32
M03580,2020-11-08,poor,3,n,10
M02638,2024-07-15,,4,y,72
M00627,2020-09-10,fair,2,y,29
M04309,2019-02-02,Good,5,yes,
M01301,2022-05-25,fair,2,y,40
M02505,2022-12-06,Fair,4,yes,45
M02362,2022-07-15,fair,1,yes,-10
M00942,2022-06-28,Good,5,Yes,94
M02214,2024-07-21,poor,2,NO,28
M00562,2021-05-14,Excellent,5,yes,150
M01217,2019-01-13,fair,1,YES,95
M02930,2022-05-28,Good,4,n,29
M01049,2024-03-21,fair,4,YES,50
M03909,2024-01-21,fair,5,n,1
M03623,2020-03-19,GOOD,2,y,61
M01706,2023-04-09,Poor ,0,NO,41
M02019,2024-06-15,Good,3,y,17
M02583,2023-06-24,Fair,4,NO,78
M03008,2020-07-05,good,,YES,94
M03173,2023-08-18, excellent,1,n,33
M02003,2019-04-15,poor,3,yes,85
M03412,2020-07-28,fair,1,YES,100
M01056,2019-10-09,good,3,YES,52
M04404,2020-11-05,GOOD,3,n,26
M03550,2021-09-25,fair,1,yes,150
M02637,2022-08-23,fair,5,No,100
M02967,2020-11-05,good,5,no,45
M02438,2020-06-27,Poor ,2,Yes,83
M01992,2023-06-02,fair,1,no,3
M00646,2019-03-04,Poor ,1,n,53
M09997,2021-07-18, excellent,5,n,73
M01258,2022-11-10,GOOD,5,no,33
M04769,2023-01-08,fair,2,NO,68
M01917,2022-10-07, excellent,5,n,47
M03043,2023-12-10,Fair,2,yes,90
M01713,2019-07-27,Fair,2,yes,44
M00218,2019-11-04, excellent,4,yes,23
M04551,2019-09-28,fair,2,NO,17
M03000,2021-01-19,Excellent,4,Yes,52
M03186,2019-06-12,,1,No,96
M00832,2020-09-08,Fair,99,no,9
M04419,2022-08-15,Good,3,Yes,86
M01372,2024-12-24,GOOD,4,y,78
M00919,2021-06-14,Excellent,4,yes,97
M02009,2024-09-25,Fair,3,No,9
M02152,2024-12-24, excellent,2,y,20
M03044,2023-04-19,GOOD,2,yes,26
M00613,2024-10-19, excellent,1,y,65
M04362,2024-05-28, excellent,5,No,70
M04700,2023-04-17, excellent,4,n,72
M02795,2022-11-22, excellent,5,NO,22
M02806,2020-09-08,Poor ,4,no,17
M00721,2023-10-23,GOOD,1,no,86
M04137,2020-09-15,Fair,5,No,97
M00990,2022-01-27,fair,5,yes,46
M00830,2023-08-16,Good,1,y,64
M02363,2021-05-03,GOOD,4,yes,22
M02832,2021-08-27,Excellent,,NO,70
M01063,2024-12-07,Good,4,YES,10
M01978,2020-04-18,fair,2,n,42
M01130,2020-03-18,good,1,YES,89
M00040,2023-04-27,fair,4,Yes,48
M02105,2022-01-02, excellent,5,No,-10
M04688,2021-04-18,fair,1,yes,66
M00045,2019-02-04,Poor ,0,no,22
M00767,2019-04-02,fair,5,YES,20
M04744,2023-06-10, excellent,3,n,67
M03293,2020-06-21,poor,3,Yes,56
M04832,2023-08-23,Fair,2,NO,64
M02163,2022-02-16, excellent,,YES,97
M01985,2022-09-14, excellent,3,n,42
M01503,2020-07-23,Good,1,NO,11
M01199,2019-07-05,fair,5,no,79
M00170,2021-05-17,Poor ,1,y,44
M02494,2019-05-21,Excellent,3,n,69
M02378,2020-06-05,Poor ,2,YES,
M00209,2023-08-14,Fair,2,y,70
M03820,2021-04-24,fair,5,no,56
M04237,2019-04-17,Poor ,4,No,87
M04789,2021-03-28,GOOD,4,Yes,93
M01694,2024-05-19, excellent,1,YES,51
M01181,2021-08-23,Fair,3,No,53
M02750,2022-08-25,Good,5,no,80
M01481,2021-09-26,GOOD,3,No,25
M01158,2022-01-09,Poor ,3,No,81
M02668,2022-10-26,Fair,3,no,37
M03621,2019-03-26,Excellent,4,n,24
M04891,2024-09-20,good,2,n,99
M03771,2019-12-18,poor,1,No,65
M00544,2021-04-08,Excellent,3,YES,57
M02462,2019-05-05,Fair,4,No,86
M04753,2024-09-12,Good,3,Yes,7
M00276,2022-06-28,Excellent,1,yes,77
M03119,2022-09-18, excellent,4,NO,81
M01615,2023-08-22,fair,3,No,78
M02616,2020-05-04, excellent,3,NO,76
M03903,2022-03-22, excellent,5,y,72
M02517,2019-03-11,,5,n,25
M01061,2022-03-18, excellent,5,YES,86
M01961,2021-09-22,Poor ,5,y,38
M00503,2021-05-10,GOOD,4,y,35
M01108,2022-05-04,good,99,no,84
M00404,2020-06-07, excellent,4,no,23
M01085,2021-05-11,GOOD,2,n,92
M01685,2019-07-25,poor,5,No,72
M03403,2019-01-20, excellent,2,NO,41
M02844,2021-06-21,,2,n,14
M04559,2020-11-07,Fair,1,Yes,54
M00975,2022-07-14, excellent,3,y,50
M00765,2024-05-07,GOOD,2,Yes,61
M00353,2022-10-28,Excellent,3,no,83
M00664,2019-06-22, excellent,3,no,59
M00535,2022-02-06,Good,,n,15
M00540,2021-07-18,poor,4,Yes,19
M00219,2023-11-12,GOOD,2,yes,75
M00722,2019-09-02, excellent,5,YES,97
M03641,2024-12-10, excellent,2,No,66
M01060,2020-04-01,poor,4,n,57
M00879,2023-02-25,poor,0,YES,75
M04497,2024-01-04,,3,Yes,57
M03681,2019-04-24,good,4,No,21
M01300,2022-04-19,fair,5,Yes,6
M00003,2019-07-13,Fair,4,n,60
M02357,2024-08-02,GOOD,3,yes,18
M03399,2020-09-23,,4,no,1
M01171,2021-09-26, excellent,5,No,11
M04764,2020-09-25,Fair,4,No,3
M03246,2023-08-16, excellent,4,YES,23
M02907,2019-06-02,poor,1,yes,52
M04080,2022-03-25, excellent,1,YES,8
M01166,2023-03-11,,5,y,48
M03477,2020-05-02,Poor ,4,y,32
M00339,2019-06-17,fair,5,y,20
M02491,2024-03-11,Excellent,5,y,98
M01201,2022-04-05,Excellent,1,NO,40
M00572,2022-10-11,Fair,1,n,92
M02619,2020-08-25, excellent,5,no,50
M01480,2023-11-08,Poor ,2,y,94
M03194,2022-04-04,Good,1,Yes,40
M02718,2020-10-16,Good,4,n,57
M01309,2023-11-25,poor,5,y,15
M01993,2021-10-14,Fair,4,no,42
M04729,2021-01-26,GOOD,4,y,78
M04341,2022-12-17,good,99,YES,99
M04634,2021-08-26,Fair,3,Yes,64
M02252,2019-05-21,poor,1,n,16
M00793,2024-02-05,good,4,Yes,150
M00686,2020-01-23,good,5,No,60
M04075,2021-09-24,fair,3,y,60
M04366,2023-04-11,poor,4,no,5
M00700,2019-10-15,GOOD,4,y,60
M03511,2023-05-15,Good,4,yes,22
M00893,2023-04-15,Poor ,4,y,28
M04721,2024-04-01,good,1,No,56
M02162,2019-12-20,Fair,5,y,24
M09522,2021-12-04,poor,4,NO,45
M02368,2024-05-16,GOOD,2,y,10
M04178,2023-08-13,GOOD,1,Yes,98
M00817,2020-01-24,Good,4,n,28
M01899,2023-08-26, excellent,4,YES,15
M00861,2022-09-04,Excellent,4,y,27
M01646,2019-11-07,Poor ,5,n,91
M00467,2021-03-16,good,1,Yes,28
M02822,2021-12-18,good,5,n,89
M04445,2023-04-22,Excellent,3,no,50
M04287,2021-06-06,good,2,no,100
M00821,2019-07-12,Poor ,1,n,39
M02912,2019-08-21,Good,1,yes,94
M02526,2023-09-27,poor,5,n,15
M00946,2024-07-22,GOOD,1,y,49
M00426,2019-10-07,Excellent,5,y,24
M00089,2022-02-28,Fair,,yes,88
M01400,2023-09-01,GOOD,3,YES,45
M01575,2019-02-07,Fair,5,NO,10
M03974,2023-03-23,fair,,Yes,43
M01311,2024-05-07,GOOD,1,Yes,53
M02875,2023-09-13, excellent,2,NO,36
M01723,2020-12-19,poor,4,No,46
M01633,2020-03-27,Good,4,n,56
M03652,2019-11-14,fair,2,y,
M01364,2020-03-26,GOOD,5,no,30
M03274,2022-07-11,Excellent,2,n,59
M03787,2019-11-18,Poor ,4,no,9
M04245,2022-05-27,Poor ,2,yes,48
M01283,2022-08-27,good,5,yes,60
M00542,2019-08-08,GOOD,2,NO,8
M03745,2021-09-26,good,4,Yes,35
M04202,2023-09-16,good,5,YES,20
M01136,2020-08-04,Good,1,no,32
M01923,2020-03-24,Good,4,y,
M04374,2023-09-04,Excellent,2,yes,94
M00690,2024-02-25,good,0,y,16
M01203,2021-10-14,Excellent,4,YES,40
M01104,2019-04-10, excellent,3,Yes,-10
M03429,2024-01-03,Excellent,,NO,4
M03434,2022-04-01,poor,2,YES,92
M01095,2021-02-23,poor,1,NO,37
M04036,2024-07-26,Poor ,5,No,36
M03033,2020-11-01,Fair,5,no,70
M01101,2024-06-24,Good,4,YES,50
M04358,2020-04-18,Excellent,3,NO,51
M00636,2021-04-19,Poor ,1,yes,58
M01618,2019-07-24,GOOD,1,YES,98
M00451,2019-01-19,Excellent,3,y,81
M02157,2020-10-18,fair,3,n,66
M02714,2023-02-16,Fair,4,NO,14
M04656,2019-06-21,GOOD,3,No,46
M04547,2019-01-14,poor,2,y,59
M03576,2019-01-05,,5,y,78
M01915,2023-06-05,Excellent,1,y,81
M03212,2023-12-02,Poor ,4,yes,-10
M04474,2022-03-20, excellent,1,y,34
M01531,2022-12-06,good,5,NO,85
M02398,2020-09-21,good,5,no,59
M01375,2022-01-03,fair,3,y,95
M00715,2019-08-17,Poor ,2,y,88
M00305,2019-11-17,Poor ,5,yes,38
M03141,2019-02-03,good,2,n,19
M02392,2020-01-22,Excellent,4,n,95
M00706,2019-01-27,good,1,n,6
M00657,2024-10-18,GOOD,1,no,23
M03729,2019-01-14,Excellent,,yes,
M03839,2021-08-12,Good,4,Yes,21
M00900,2019-03-10,GOOD,3,y,12
M03290,2019-03-18,Good,2,YES,7
M04022,2022-07-08,Good,4,No,32
M00985,2021-06-07,Excellent,5,no,79
M03762,2024-09-25,poor,1,Yes,22
M02920,2023-09-22, excellent,4,YES,58
M04266,2020-02-19,Fair,4,YES,79
M02567,2021-09-23,Excellent,3,no,24
M01886,2022-01-14,,3,yes,100
M00417,2020-06-22, excellent,5,Yes,22
M01212,2019-02-28,Poor ,2,yes,94
M02766,2021-10-24,Fair,4,y,23
M04070,2022-06-17,GOOD,4,yes,41
M04131,2024-09-05,Excellent,4,yes,26
M01035,2024-11-24, excellent,3,no,67
M02505,2022-12-06,Fair,4,yes,45
M01869,2021-09-10,poor,2,Yes,92
M01524,2022-07-07,fair,1,no,21
M04346,2021-08-11,Good,3,Yes,12
M00382,2023-12-16,Excellent,1,yes,49
M04761,2019-08-23,fair,1,no,64
M01960,2020-10-08,good,1,YES,77
M03306,2023-01-25, excellent,,yes,62
M01722,2023-06-23,fair,2,no,23
M01823,2019-01-17, excellent,5,no,12
M02581,2021-09-12,Poor ,1,yes,37
M04264,2023-04-17,GOOD,5,NO,96
M04081,2020-10-14,Good,1,n,15
M00813,2023-02-23,GOOD,1,y,2
M02276,2019-11-14,Fair,5,yes,-10
M00578,2023-02-11, excellent,3,n,78
M03513,2020-05-26,GOOD,1,y,
M04755,2019-01-22,Fair,3,y,85
M03586,2024-08-01,,3,NO,5
M02985,2020-03-09,Fair,1,NO,26
M01496,2023-12-02,Poor ,1,no,14
M01141,2023-12-27,fair,3,YES,7
M01148,2023-12-19,fair,1,n,97
M02304,2019-11-17,good,5,yes,99
M01016,2024-01-06, excellent,4,no,44
M02403,2024-04-19,Excellent,1,y,34
M02225,2019-10-22,GOOD,1,y,6
M03214,2021-06-06,fair,1,NO,80
M03356,2023-10-01,good,2,n,40
M03519,2024-02-24,good,5,No,91
M02492,2021-04-01,Excellent,5,no,35
M00620,2019-01-25,good,5,no,66
M02769,2021-09-26,Good,5,No,8
M04255,2021-02-18,good,5,y,2
M04517,2019-12-25,fair,4,n,10
M03064,2023-06-15,fair,5,no,29
M04584,2021-03-22,Fair,1,YES,42
M00684,2020-06-03,GOOD,1,NO,
M01657,2024-03-11,good,4,No,22
M04523,2023-05-26,poor,5,NO,23
M01295,2020-10-01,Excellent,5,NO,32
M01428,2021-07-08,Excellent,1,No,82
M04713,2021-06-25,Good,4,n,90
M00088,2023-07-17,Poor ,3,y,64
M04128,2022-04-15,poor,2,YES,48
M04780,2024-02-08,,4,NO,20
M02201,2019-08-21,poor,4,yes,37
M04412,2020-04-05,,4,Yes,14
M02895,2024-12-24,Poor ,2,Yes,48
M04679,2024-08-18,Fair,2,n,82
M01981,2019-04-11,poor,3,yes,
M00071,2019-02-02,poor,1,No,46
M04830,2019-12-06, excellent,4,yes,34
M03428,2023-09-05,Poor ,3,yes,39
M03309,2020-11-04,Excellent,4,y,36
M03527,2024-12-27,poor,,No,26
M04900,2021-02-07,Fair,1,No,51
M02797,2024-01-16,fair,1,NO,82
M00387,2024-01-15,fair,3,yes,95
M01730,2022-01-10,Good,1,y,32
M01783,2021-11-05,GOOD,5,y,25
M02671,2024-10-26,good,2,y,69
M03051,2020-04-11,GOOD,4,No,36
M02819,2019-11-15,GOOD,1,Yes,17
M03962,2023-09-26,poor,2,no,78
M03536,2019-04-17,good,5,n,65
M04148,2023-01-14,GOOD,1,Yes,94
M00098,2020-02-22,poor,3,No,16
M04710,2020-10-08,fair,4,YES,5
M02222,2020-02-11,poor,4,NO,18
M01791,2024-02-18,Fair,1,yes,92
M03328,2023-03-24,,1,YES,10
M01081,2020-09-19,Poor ,2,y,65
M04225,2020-10-28,good,,No,45
M02347,2022-05-14,Poor ,2,YES,14
M03718,2023-06-11,GOOD,4,Yes,62
M04541,2024-08-28,Fair,,y,92
M01744,2022-12-02,Fair,0,Yes,40
M00284,2020-03-23,GOOD,4,yes,26
M02574,2019-07-17, excellent,3,n,15
M03844,2020-04-22, excellent,5,No,47
M04809,2021-09-18,Fair,4,Yes,11
M01741,2020-01-11,Good,1,yes,92
M00897,2023-01-23,poor,3,no,20
M02329,2021-06-21,Poor ,2,No,3
M02620,2022-02-05,good,3,No,17
M01703,2024-07-11,good,2,YES,68
M00377,2021-08-06,good,2,y,40
M02853,2021-05-12,Fair,3,yes,96
M00802,2021-07-20,Good,3,YES,58
M01271,2023-05-17,fair,5,n,37
M00438,2019-07-17,good,2,Yes,64
M02245,2019-09-03,poor,1,yes,93
M02703,2021-05-10,Excellent,99,yes,47
M03656,2024-03-01,Good,2,y,45
M09588,2019-01-19,fair,1,no,59
M03373,2022-02-11, excellent,5,yes,24
M03104,2024-07-18,Excellent,2,YES,74
M01260,2022-04-21,Fair,3,YES,32
M03076,2021-05-07,Fair,4,yes,19
M02650,2021-04-20,poor,2,Yes,11
M01929,2023-03-15,good,5,yes,21
M03254,2024-05-16,fair,5,y,11
M01594,2024-04-07,Poor ,1,n,23
M01215,2021-04-05,GOOD,2,yes,89
M01365,2022-02-04,good,4,Yes,99
M09258,2024-12-18,Excellent,5,No,99
M01772,2024-10-12,GOOD,99,n,93
M00740,2024-03-10,Excellent,4,no,41
M00521,2022-09-02,Excellent,1,n,90
M00303,2021-10-06,Good,2,YES,9
M00178,2023-08-13, excellent,1,yes,76
M00920,2022-06-01,Excellent,3,NO,87
M04396,2024-11-14,GOOD,4,No,89
M04501,2020-06-18,Excellent,3,no,16
M03452,2023-12-10,Excellent,4,no,21
M02233,2024-04-10,Poor ,4,NO,92
M03048,2023-03-15,fair,1,NO,63
M01438,2021-03-03, excellent,1,n,17
M04072,2024-06-14,fair,3,No,68
M02078,2021-05-25,Poor ,2,n,83
M02939,2019-10-07, excellent,3,yes,40
M00319,2021-11-07,Poor ,5,NO,12
M01279,2020-07-07,Good,3,no,46
M01777,2024-10-20,Excellent,,no,14
M02508,2024-08-27,Excellent,2,Yes,61
M00201,2019-11-18,fair,2,NO,50
M04478,2024-03-08,Excellent,2,yes,66
M02382,2019-06-07,Poor ,2,n,100
M01038,2019-06-11,GOOD,1,yes,2
M02502,2022-12-24,,1,yes,49
M00704,2022-04-23,Excellent,1,Yes,5
M03253,2021-02-11,Poor ,2,No,0
M02071,2021-02-13,Poor ,1,y,41
M01277,2019-02-22,poor,5,y,67
M03854,2021-05-21,poor,5,yes,35
M01329,2023-09-14,GOOD,3,Yes,23
M03460,2024-12-14,good,1,y,
M03759,2021-11-21,Good,3,y,26
M02635,2019-06-26,GOOD,4,n,84
M00751,2022-05-05,fair,4,yes,45
M03451,2020-12-24,poor,5,n,
M00428,2022-06-28,poor,5,n,65
M01011,2021-09-04,Good,3,no,31
M01822,2022-12-25,Poor ,1,n,76
M02730,2023-12-01,Poor ,1,yes,10
M01065,2022-02-21,good,99,YES,76
M01942,2023-11-04,good,1,NO,31
M03845,2022-10-03,,1,yes,32
M00568,2021-05-07,good,1,Yes,18
M00219,2023-11-12,GOOD,2,yes,75
M02892,2021-03-01, excellent,2,y,25
M01710,2020-05-08,Good,3,No,12
M02183,2021-09-20, excellent,2,n,2
M02015,2019-08-27,,4,No,6
M04400,2024-02-01,Excellent,3,No,77
M00340,2022-04-16,GOOD,3,No,2
M00074,2023-08-13, excellent,3,No,12
M04416,2024-09-24,poor,1,n,1
M00827,2020-08-01,,4,yes,69
M02377,2023-03-06,GOOD,3,No,8
M04386,2022-08-21,Good,4,NO,81
M09157,2024-03-09,GOOD,1,n,40
M02613,2019-02-03,GOOD,4,NO,37
M03577,2023-12-09,Fair,5,YES,67
M00030,2024-02-05,Fair,4,n,47
M01762,2020-02-14,Poor ,2,No,73
M04393,2021-02-02,Fair,5,yes,54
M00124,2020-12-18,GOOD,5,no,18
M03262,2019-06-08,Poor ,5,NO,100
M01221,2020-01-02,good,3,NO,
M02518,2022-11-22,Good,3,No,31
M04670,2022-06-10,good,1,YES,150
M03626,2019-07-05,good,5,No,36
M02486,2021-06-05,Excellent,4,n,65
M03487,2024-11-18,Poor ,1,no,88
M00603,2024-07-26,Fair,2,y,12
M02859,2021-09-04,GOOD,,y,58
M01226,2023-10-11, excellent,1,no,72
M03018,2024-09-05,Good,5,YES,19
M04895,2021-09-17,Fair,5,yes,64
M00372,2020-05-27,Excellent,2,No,33
M03731,2020-01-14,Excellent,4,YES,30
M01302,2022-12-23,Excellent,4,n,13
M02644,2021-07-16, excellent,4,n,150
M02670,2019-06-16,GOOD,4,no,88
M02001,2020-05-24,Fair,3,NO,43
M01609,2024-12-02,GOOD,3,Yes,99
M03439,2023-10-12,Poor ,,no,97
M03775,2022-08-03,Excellent,2,YES,4
M01938,2021-03-28,poor,4,No,60
M03221,2023-01-05,Fair,5,y,48
M04639,2019-10-26,poor,2,Yes,82
M01643,2022-01-19, excellent,2,no,39
M01550,2023-03-15,Good,2,Yes,96
M04661,2022-02-12,Fair,5,NO,14
M04326,2022-09-28,Excellent,2,Yes,23
M01634,2019-07-06,,4,no,76
M02189,2019-02-02,fair,2,n,0
M00760,2019-07-27,poor,,YES,33
M01197,2023-11-05,GOOD,3,NO,46
M01405,2021-10-08,Poor ,3,YES,92
M01988,2023-03-26,good,5,no,61
M04310,2024-02-16,Poor ,3,No,59
M02376,2019-12-11,Excellent,5,NO,53
M02997,2022-03-16,poor,3,yes,61
M04395,2024-09-14,fair,4,Yes,91
M00335,2021-01-10,Excellent,2,No,-10
M01208,2021-12-20,Poor ,3,yes,97
M04505,2021-11-18,Poor ,5,YES,20
M01708,2020-04-11,Poor ,,NO,85
M00961,2024-01-09, excellent,5,Yes,29
M04215,2021-10-13,Poor ,5,yes,93
M02254,2019-07-24,poor,,NO,36
M04130,2020-07-23,good,5,no,100
M04604,2019-05-11,Good,5,No,19
M01827,2021-07-03,Poor ,4,YES,94
M03401,2022-11-06,Poor ,3,NO,89
M00104,2024-09-20,Poor ,1,YES,36
M02571,2024-09-23,Good,5,no,42
M03763,2023-06-10,Fair,1,NO,1
M03360,2019-12-01,Poor ,1,YES,62
M04426,2020-05-25,Excellent,5,yes,12
M00026,2024-09-13,Good,4,NO,31
M04144,2020-01-14,Excellent,2,No,26
M03192,2024-10-21,Excellent,5,y,39
M02262,2020-05-20,fair,1,NO,41
M02803,2019-03-06,poor,1,YES,11
M04479,2020-05-24,GOOD,3,y,28
M03175,2022-07-23,poor,4,Yes,45
M00790,2020-02-16,GOOD,4,no,44
M00579,2024-06-20,Good,3,No,22
M04032,2024-05-22,Good,3,NO,63
M03791,2019-02-16,fair,5,YES,53
M03849,2019-12-19,Excellent,5,n,5
M04597,2020-11-25, excellent,3,No,49
M04350,2019-10-01,fair,4,NO,34
M03313,2020-05-10,Poor ,1,Yes,85
M04415,2023-08-04,good,3,YES,54
M09434,2022-04-21,Poor ,2,NO,46
M02536,2020-06-24,poor,1,yes,47
M01621,2020-03-10,good,5,y,23
M00083,2023-04-06,Fair,1,y,67
M04865,2023-05-26, excellent,3,n,53
M03154,2023-09-11,good,1,YES,-10
M02091,2020-12-20,GOOD,2,no,3
M00233,2024-04-03,Poor ,4,no,35
M03336,2023-05-16,good,4,yes,3
M02175,2020-12-28,Fair,4,no,93
M01288,2020-06-18,fair,4,y,70
M03774,2021-10-26,Good,5,Yes,15
M01353,2023-12-18,good,5,yes,45
M01145,2020-12-17,Good,5,Yes,150
M00712,2021-03-19,GOOD,4,n,11
M02057,2022-08-15,poor,2,no,150
M04563,2023-04-09,poor,1,no,89
M03698,2024-11-26,Good,3,YES,51
M03916,2023-06-02,good,5,No,88
M01446,2019-08-16, excellent,2,No,26
M04899,2021-09-20,Fair,4,NO,47
M04439,2024-06-26,poor,1,no,60
M02140,2024-06-26,GOOD,5,y,42
M00998,2021-08-22,good,4,y,26
M03217,2024-04-28,Good,,yes,26
M00510,2019-08-16,,3,YES,94
M02964,2021-04-27, excellent,2,No,55
M00913,2024-11-11,,4,y,55
M02667,2022-06-06,Poor ,1,NO,88
M04875,2021-08-11,GOOD,3,y,
M02350,2020-01-21,poor,5,yes,14
M04119,2024-07-16,poor,4,YES,92
M02421,2021-08-02,poor,5,n,43
M09067,2023-04-14,fair,4,Yes,52
M00077,2020-03-04,Good,5,YES,60
M03960,2020-06-19,Poor ,2,YES,13
M01781,2022-11-23,fair,2,NO,33
M00935,2020-03-10,fair,2,NO,93
M02338,2022-09-16,GOOD,4,no,29
M04782,2024-02-17,Excellent,1,y,15
M00322,2019-03-13, excellent,3,Yes,39
M00524,2022-09-08,Good,5,Yes,30
M00441,2024-09-20,Poor ,4,y,35
M00837,2022-01-20,good,3,No,21
M01647,2024-05-20,Excellent,4,No,42
M03268,2019-05-19,poor,1,y,47
M03402,2023-03-18,GOOD,1,no,
M01160,2020-12-22, excellent,5,n,79
M02249,2021-05-05,poor,5,n,40
M01876,2019-01-18,Excellent,4,Yes,79
M04365,2023-09-08,good,3,no,59
M00822,2023-05-05,GOOD,1,yes,26
M03938,2021-08-01,Good,5,YES,44
M03039,2023-02-05,,4,NO,54
M03420,2023-09-17,good,5,y,95
M00266,2021-08-11,Poor ,3,y,35
M00025,2019-02-06,fair,3,YES,23
M02257,2021-10-13,Poor ,2,YES,39
M02125,2022-09-19,Fair,2,Yes,64
M03708,2024-03-18,GOOD,2,no,86
M04460,2019-09-07,Good,2,y,62
M03332,2024-12-18,fair,5,NO,18
M04525,2024-02-11,fair,5,No,89
M02212,2024-02-25, excellent,2,No,17
M01147,2021-06-12,good,1,NO,97
M01611,2022-06-13, excellent,2,y,70
M04825,2021-08-04,Fair,1,yes,56
M02056,2020-09-11,good,,NO,50
M03826,2020-04-03,fair,2,YES,48
M04787,2020-06-28,fair,,Yes,58
M02094,2023-09-04,Good,3,no,25
M04411,2022-11-01,poor,2,NO,63
M01018,2023-12-24,Fair,1,YES,24
M04659,2021-05-26,poor,3,No,-10
M00052,2024-03-07,GOOD,2,n,69
M04401,2019-06-23,Fair,1,no,35
M02141,2024-07-06,Good,1,NO,77
M02231,2022-07-03,good,2,No,
M01340,2022-02-21,fair,5,yes,91
M02407,2021-02-18,GOOD,4,No,5
M01186,2023-09-26, excellent,2,y,85
M02934,2021-09-06,Fair,4,no,8
M02938,2024-01-13,Good,2,Yes,90
M02445,2023-11-12,,5,n,24
M02557,2022-02-08,Fair,3,No,82
M04096,2019-09-24,Fair,4,YES,4
M03677,2019-09-03,Poor ,2,no,2
M02520,2020-12-20,GOOD,3,no,50
M03393,2023-12-04, excellent,2,no,18
M09129,2022-09-13, excellent,1,y,42
M01431,2024-01-06,Excellent,2,YES,52
M02092,2022-06-07,good,1,yes,42
M01415,2022-03-24,poor,,No,3
M04738,2019-05-09,GOOD,2,NO,35
M02688,2021-03-09,Good,3,Yes,
M02798,2020-04-21, excellent,2,Yes,45
M04006,2024-07-07,Poor ,5,yes,8
M02143,2022-01-23,fair,4,YES,1
M02046,2024-02-27,fair,4,Yes,51
M03176,2021-12-17,poor,4,YES,30
M02002,2020-08-06,Good,2,n,150
M00650,2023-08-22,GOOD,2,no,65
M04430,2020-10-10,good,3,n,17
M03022,2023-09-17,GOOD,2,Yes,61
M00811,2023-02-24,Excellent,5,YES,60
M01859,2023-08-22,Fair,1,n,81
M02095,2023-08-14,Good,4,y,71
M04025,2023-05-03,Good,2,No,34
M02531,2019-01-03,good,2,no,22
M04083,2022-12-17,Fair,2,n,1
M01379,2020-12-25,poor,4,no,17
M02915,2021-07-08,Good,,no,39
M04299,2024-02-07,GOOD,5,yes,
M03616,2021-12-02,fair,3,n,14
M00015,2024-11-22,Poor ,3,Yes,67
M09132,2021-05-09,Excellent,1,no,4
M00192,2023-05-25,Good,5,Yes,98
M02758,2022-01-16,fair,4,no,97
M00258,2023-03-23,Poor ,4,yes,93
M00756,2020-06-05,Fair,1,YES,2
M02659,2021-10-08,Excellent,3,n,11
M00150,2019-08-01,Excellent,3,yes,51
M00607,2024-06-28,Poor ,1,YES,66
M02989,2019-03-11,Poor ,2,n,50
M02957,2019-11-22,Excellent,1,YES,79
M02982,2024-07-22,poor,4,yes,63
M04690,2021-09-12,fair,5,No,10
M00070,2024-01-16,Fair,5,No,43
M03131,2020-10-27,fair,2,No,33
M04668,2019-10-08,poor,5,YES,30
M01765,2023-07-27,fair,2,y,28
M02343,2024-09-26,GOOD,4,Yes,21
M03271,2024-05-27,Good,4,n,79
M02182,2021-10-25,Excellent,5,YES,4
M02286,2024-12-16,GOOD,,NO,
M02506,2021-07-10,GOOD,5,NO,84
M03257,2019-11-19,Fair,1,YES,61
M00254,2022-05-12,Poor ,5,n,4
M01895,2020-01-01,poor,1,NO,24
M09224,2022-05-15,fair,4,YES,0
M04762,2019-07-05,Excellent,2,No,50
M01966,2019-05-23,Fair,3,yes,70
M02477,2019-10-27,Excellent,4,No,29
M01391,2024-01-04,GOOD,2,NO,80
M00416,2021-01-19,Excellent,3,YES,30
M00599,2022-07-10,GOOD,3,n,30
M00872,2022-07-26,Fair,5,No,19
M02324,2020-05-11,Poor ,1,n,15
M00904,2023-06-17,good,4,YES,72
M03473,2021-08-01, excellent,4,no,150
M02665,2019-08-13,Excellent,2,No,51
M01483,2023-10-19,Good,3,yes,34
M01156,2022-10-22,Fair,3,NO,18
M04633,2022-02-13,Fair,3,yes,18
M00757,2020-05-12,GOOD,1,yes,88
M03421,2019-07-16,poor,5,yes,99
M02818,2021-02-20,GOOD,2,no,40
M04434,2024-07-23,Poor ,,Yes,17
M03833,2019-02-28,Good,4,No,72
M01117,2021-03-08,Fair,5,no,18
M01879,2019-11-26,GOOD,4,n,42
M04077,2021-02-08,poor,,no,2
M02090,2021-02-15,fair,3,Yes,39
M03213,2024-08-18,Good,2,YES,79
M03367,2020-08-09,good,1,n,89
M09728,2024-08-21,good,3,YES,31
M02426,2022-03-11,fair,2,n,7
M04095,2021-12-20,poor,5,y,27
M04851,2022-02-09,Excellent,2,yes,91
M01253,2021-04-17,fair,4,yes,93
M03581,2021-02-26,poor,2,NO,92
M02917,2019-04-18,fair,3,y,19
M00660,2019-12-01,GOOD,2,No,41
M01952,2022-07-04,Fair,4,NO,50
M02267,2019-07-03,GOOD,3,yes,40
M02829,2020-08-25,fair,3,NO,81
M02044,2020-08-01,Good,3,n,61
M03012,2024-10-06,poor,1,no,11
M01944,2023-07-09,poor,2,NO,75
M01339,2019-06-12,Good,5,Yes,72
M03644,2023-06-07, excellent,4,Yes,37
M01782,2024-03-16,good,1,yes,3
M00251,2019-05-05,,2,No,89
M00515,2021-09-25,good,,NO,89
M03424,2023-07-02,fair,2,y,40
M00280,2022-08-10,Excellent,4,no,84
M02446,2021-09-16,GOOD,1,NO,19
M00852,2020-02-27,Poor ,2,no,13
M02122,2019-04-10,Excellent,5,Yes,35
M01736,2023-07-13, excellent,2,NO,3
M03350,2024-11-02,good,3,No,91
M02845,2024-08-03,good,1,y,1
M02932,2024-08-26,Good,2,n,34
M04766,2021-05-06,Fair,2,y,31
M02198,2019-05-22,Poor ,3,y,10
M02548,2021-07-27,Good,2,no,14
M02601,2021-09-09,Poor ,4,n,20
M02299,2023-07-26,fair,2,NO,8
M02320,2019-04-09,fair,4,n,37
M00675,2024-09-19,poor,2,NO,62
M04256,2022-10-24,Good,4,no,16
M03081,2024-06-23,Fair,3,YES,14
M03416,2022-03-24,Poor ,5,yes,7
M02020,2024-12-03,,,YES,9
M03023,2019-03-25, excellent,,no,85
M02585,2021-03-03,good,3,no,24
M00107,2021-05-01, excellent,3,no,58
M03866,2019-08-18,GOOD,4,yes,97
M00282,2024-07-17,Excellent,1,no,-10
M01047,2020-08-01,fair,4,NO,89
M00210,2024-02-07,Good,5,NO,65
M04649,2023-02-24,Excellent,3,No,56
M02318,2024-05-12,GOOD,4,y,21
M03613,2023-07-08,Good,,NO,91
M02850,2024-09-11, excellent,2,Yes,35
M04010,2019-08-16,fair,1,No,59
M03725,2024-01-07,GOOD,99,No,84
M01355,2020-08-23,good,5,yes,22
M04841,2021-12-27,Good,1,no,76
M02865,2020-03-02,Excellent,1,no,28
M01979,2024-09-09, excellent,4,yes,
M04377,2020-08-18,GOOD,4,NO,20
M02101,2019-11-27,Fair,3,No,6
M02980,2019-01-14, excellent,1,y,3
M04093,2021-03-13,Excellent,99,yes,12
M04104,2023-10-08,Poor ,3,No,48
M04033,2024-01-23, excellent,2,No,15
M04102,2022-08-05,good,4,n,41
M00334,2019-12-05,good,2,NO,45
M00680,2019-03-28,GOOD,0,YES,52
M00851,2020-07-05,GOOD,4,Yes,57
M04135,2019-09-16,Poor ,2,y,12
M02493,2019-12-12,Excellent,2,y,5
M00195,2023-04-17,poor,1,y,14
M04371,2021-04-22,good,1,No,9
M04392,2023-07-21,GOOD,1,No,29
M00368,2023-09-12,GOOD,4,No,3
M00593,2021-12-03,Excellent,5,n,59
M01380,2022-06-03,Good,5,No,86
M00308,2019-07-19, excellent,4,no,76
M03790,2019-04-08,fair,4,YES,82
M04816,2024-09-24,poor,1,no,31
M01834,2019-09-03,Excellent,2,NO,73
M03547,2022-04-16,Fair,5,n,150
M01499,2024-02-15,GOOD,4,no,26
M09282,2020-02-13,Fair,3,Yes,17
M03818,2020-09-06,poor,3,yes,93
M02371,2024-09-21,poor,1,yes,17
M02487,2024-04-18,Excellent,3,n,44
M03365,2019-02-01,good,1,No,45
M01573,2024-01-27,poor,99,NO,0
M03280,2021-10-23,GOOD,2,NO,93
M01595,2022-06-15,fair,1,no,42
M02498,2022-06-09,Poor ,,n,
M04743,2023-01-26,poor,5,n,0
M00285,2022-07-27,Good,4,YES,67
M03861,2022-01-25, excellent,1,No,6
M01313,2022-09-17,fair,1,y,150
M01020,2024-10-12,good,4,n,36
M01412,2024-06-14,Excellent,5,NO,47
M04605,2023-12-04,Fair,2,YES,39
M01064,2019-12-27,GOOD,5,yes,30
M03129,2022-04-22,,2,y,19
M00255,2024-11-13,GOOD,3,No,95
M02465,2024-07-12,GOOD,1,YES,42
M01202,2021-03-28,poor,5,n,52
M04049,2024-09-06,poor,4,y,59
M03055,2019-01-06, excellent,5,Yes,81
M00585,2020-11-05,,4,Yes,69
M01835,2024-04-11, excellent,5,n,62
M04351,2019-06-28,Fair,4,n,80
M02528,2023-05-07,Good,1,no,33
M04781,2022-06-17,poor,3,Yes,92
M03570,2021-01-15,poor,2,no,40
M04555,2019-08-23,Poor ,4,YES,26
M03601,2022-09-12,Fair,3,YES,13
M04731,2020-03-28, excellent,2,n,57
M00108,2019-08-13, excellent,3,y,9
M03545,2024-12-04,Fair,1,NO,30
M02662,2019-01-04,good,5,yes,74
M00984,2019-04-01,Poor ,1,No,32
M04052,2019-09-07,GOOD,3,y,50
M02160,2021-08-10,good,,n,40
M09458,2023-01-19,fair,4,n,99
M01943,2024-12-25,,3,y,44
M01098,2022-05-22,poor,2,y,15
M01907,2021-10-10,poor,4,YES,57
M00146,2021-08-03,poor,4,no,1
M01559,2022-10-07,Fair,4,y,39
M01711,2024-06-11,poor,4,Yes,57
M03636,2021-08-24,good,5,no,87
M02135,2020-04-14,,4,y,29
M03231,2022-04-09, excellent,5,yes,22
M04839,2024-10-06,Excellent,3,yes,39
M00655,2019-03-13,Good,2,yes,31
M01878,2024-05-01, excellent,2,y,27
M09155,2024-11-26,Excellent,5,n,27
M03897,2022-03-25,Poor ,4,YES,32
M03986,2023-09-17,Fair,,n,-10
M00439,2024-12-05,Good,3,NO,28
M00687,2022-10-27,good,1,NO,72
M02998,2022-04-28,Good,3,yes,24
M04753,2024-09-12,Good,3,Yes,7
M04558,2020-05-24,poor,4,YES,54
M09795,2023-12-07,poor,1,No,
M03449,2023-11-08,Poor ,4,yes,69
M00469,2024-07-12,poor,2,NO,88
M00762,2020-08-14,poor,4,n,54
M02434,2022-09-04,Fair,1,n,91
M01825,2019-02-02,fair,5,No,10
M04778,2022-01-24,Fair,,YES,13
M01242,2022-08-04,Good,1,y,5
M03376,2022-08-09,Fair,3,n,13
M00418,2023-06-06,Good,2,NO,77
M02108,2019-03-03,Excellent,2,y,32
M00631,2019-05-13,poor,4,n,26
M09825,2023-12-23,Excellent,2,No,60
M02547,2019-03-25,good,2,no,82
M02705,2022-03-26,Poor ,2,No,86
M04319,2020-12-21,,4,y,47
M02061,2020-06-22,GOOD,4,y,89
M03651,2019-11-12,good,5,YES,9
M03946,2023-01-19,Poor ,,y,76
M01354,2020-06-07,good,1,YES,5
M01200,2021-07-19,fair,2,YES,89
M01553,2024-03-20,Good,4,Yes,6
M03701,2021-05-22,fair,4,yes,74
M03003,2022-01-04,Poor ,3,YES,16
M00580,2023-06-02,Poor ,4,YES,37
M00500,2021-02-02,poor,5,YES,84
M01435,2024-11-15,Excellent,5,Yes,
M00397,2022-04-06,Fair,2,y,51
M03310,2021-01-27,Excellent,5,n,39
M04240,2019-04-04,GOOD,1,n,32
M04375,2020-07-16,Good,4,YES,60
M02279,2023-02-25,GOOD,5,y,55
M00412,2020-02-25,GOOD,1,No,83
M00507,2023-07-26,GOOD,1,n,53
M00970,2023-09-16,good,2,YES,32
M02485,2021-09-15,good,5,yes,98
M04771,2022-08-11,poor,4,No,85
M04719,2023-02-05,Good,5,No,80
M00060,2021-08-01,poor,2,YES,51
M01798,2020-05-14,good,2,no,55
M04630,2022-10-17, excellent,5,YES,59
M00128,2021-05-01,poor,5,No,70
M02852,2022-12-16,Poor ,2,NO,8
M01850,2021-04-20,Good,3,y,63
M03941,2024-07-15, excellent,3,No,9
M02906,2019-10-14,fair,4,no,77
M04217,2023-04-10,Good,2,No,33
M03481,2024-10-06,good,4,y,65
M03541,2019-04-15,Poor ,4,NO,41
M04724,2019-10-28,Good,4,NO,12
M04142,2021-03-06,GOOD,3,y,14
M02301,2021-02-22,Poor ,1,YES,26
M02074,2023-08-20,Poor ,4,No,92
M00263,2024-07-27,Good,1,yes,68
M02381,2024-06-25,Fair,2,n,88
M00099,2021-11-03,Fair,4,no,12
M01564,2022-07-10,Poor ,1,No,26
M03526,2020-09-12,fair,2,Yes,25
M03726,2023-07-01,,5,n,94
M03247,2020-05-28,GOOD,3,No,39
M01384,2022-07-19,GOOD,1,no,24
M04632,2022-01-13,Excellent,4,YES,80
M01424,2024-09-23,Excellent,2,n,86
M04318,2023-02-26,Poor ,3,n,81
M04695,2021-05-04,Poor ,4,No,3
M02374,2024-09-16,Poor ,4,y,93
M04427,2021-06-06, excellent,1,yes,35
M04850,2023-08-10,Excellent,3,n,54
M02237,2023-07-21,Excellent,3,NO,49
M00260,2024-06-03, excellent,3,NO,
M03047,2021-04-15,good,1,Yes,67
M02739,2023-12-18,poor,5,n,19
M02204,2022-08-17,Fair,3,YES,57
M02728,2020-11-10,Excellent,5,y,97
M04598,2022-12-24,Fair,3,y,46
M02963,2021-08-21,good,3,No,82
M02602,2019-07-27,poor,4,YES,13
M02940,2020-04-22,Poor ,,no,59
M04370,2022-11-01,fair,2,y,15
M02206,2023-08-17,Good,3,Yes,47
M01970,2022-06-20,GOOD,2,NO,95
M00958,2019-09-10,good,3,no,53
M04645,2019-10-01,fair,5,y,21
M02711,2022-02-17,Good,5,n,58
M03995,2024-10-01,Poor ,2,yes,73
M03400,2019-06-06,Poor ,1,no,5
M04127,2024-01-06,Poor ,1,YES,22
M04871,2024-09-02,Good,3,NO,7
M02529,2021-10-01,fair,5,No,6
M02678,2021-04-03,Excellent,1,Yes,93
M01397,2020-04-21,Excellent,4,no,66
M03436,2019-02-16, excellent,5,n,63
M03891,2020-05-28,fair,1,No,2
M04846,2023-01-09,Good,5,No,70
M02970,2023-06-19,poor,2,no,6
M03115,2020-06-22, excellent,5,No,25
M02958,2020-04-16,poor,2,n,97
M00716,2023-05-02, excellent,1,No,48
M01902,2024-05-11,Excellent,1,Yes,43
M02455,2024-05-01,GOOD,4,NO,87
M03348,2022-09-03,GOOD,3,no,82
M03954,2023-12-21,poor,3,No,99
M03796,2023-01-11,good,5,No,28
M01084,2021-05-17,fair,5,NO,63
M04136,2021-05-17,Excellent,5,No,83
M03086,2024-11-20,poor,3,NO,17
M02884,2024-11-03,fair,,yes,81
M01378,2024-12-10, excellent,4,NO,24
M00528,2020-10-05,Fair,4,No,78
M03514,2019-11-26, excellent,2,n,35
M01560,2023-04-21,Excellent,5,Yes,53
M03074,2021-09-02,Excellent,1,no,55
M00773,2021-02-07, excellent,3,No,38
M01381,2021-09-10,Good,1,YES,
M02080,2019-01-25,GOOD,0,No,24
M03297,2019-05-08,poor,4,NO,28
M00525,2021-05-23, excellent,4,No,44
M02656,2020-09-19,Excellent,1,No,20
M00041,2024-11-19, excellent,3,NO,57
M00379,2024-10-10,good,5,YES,63
M01330,2023-10-17,good,2,no,1
M03397,2023-12-24,Poor ,3,yes,2
M00517,2021-05-12,Fair,2,no,70
M02804,2023-05-05,Fair,4,n,1
M09808,2019-03-20,GOOD,2,NO,24
M02843,2023-02-28,Fair,4,y,92
M00245,2020-02-26,good,4,No,55
M00487,2020-01-10,Excellent,1,no,83
M00698,2024-08-20,Excellent,3,Yes,62
M02401,2023-11-06,Excellent,3,Yes,13
M04282,2023-07-28,Good,5,NO,2
M01444,2022-04-18,fair,2,n,5
M03454,2021-10-14,good,3,y,98
M04379,2023-05-18,GOOD,4,NO,76
M00391,2021-04-13,Excellent,3,Yes,85
M04869,2024-09-15,Excellent,4,No,80
M03431,2019-08-10,Fair,2,YES,60
M02935,2019-10-13,Fair,3,No,77
M04889,2023-09-25,,2,n,13
M01805,2022-03-02, excellent,5,Yes,89
M01383,2021-05-03,Good,2,Yes,76
M01691,2023-01-21,fair,2,n,
M00230,2024-08-04,Excellent,3,n,4
M04145,2021-02-25,Fair,5,No,96
M00589,2021-06-22,fair,3,y,18
M02439,2024-01-11,Excellent,0,n,50
M03940,2020-07-03,fair,2,y,31
M04122,2021-08-26,fair,4,No,25
M04175,2019-04-28,fair,1,Yes,21
M04874,2023-01-12,fair,5,n,17
M00573,2023-02-09,Good,2,n,3
M03703,2019-03-25,good,1,y,34
M00864,2024-10-07,Poor ,0,no,
M04819,2020-08-19,Excellent,1,yes,0
M04316,2023-07-19,Fair,1,YES,4
M03415,2019-07-03, excellent,5,Yes,82
M04697,2021-01-06,Good,2,NO,78
M04167,2023-08-27,Fair,5,n,-10
M01613,2019-02-22, excellent,4,n,14
M00016,2019-02-19, excellent,2,Yes,89
M00843,2020-09-17, excellent,3,y,69
M02280,2019-01-25,GOOD,5,YES,1
M04487,2023-02-11,GOOD,3,yes,77
M02948,2019-12-10,Fair,5,y,87
M03220,2020-04-16, excellent,2,NO,28
M04413,2019-09-01, excellent,2,yes,82
M01725,2023-07-22,GOOD,2,YES,8
M03203,2024-06-13,fair,1,yes,21
M03054,2021-01-24,good,4,no,17
M00153,2022-05-14,GOOD,5,yes,44
M00056,2020-03-17,Fair,2,no,53
M01670,2021-06-22,Fair,2,Yes,87
M04290,2021-07-22,Good,3,YES,93
M01905,2022-06-26,Poor ,1,n,31
M02527,2019-06-12,Excellent,5,No,15
M01534,2019-08-27, excellent,2,YES,61
M01871,2020-05-27,good,2,y,91
M01780,2022-10-27,Good,4,n,7
M01493,2023-07-20,fair,1,No,40
M09922,2021-11-25,Fair,1,y,16
M01028,2022-10-13,good,2,NO,82
M04508,2020-03-14,Poor ,2,n,91
M04565,2022-12-07,poor,2,YES,61
M00008,2019-02-21,GOOD,4,Yes,76
M03653,2021-10-21,Good,5,Yes,37
M03957,2020-05-17, excellent,3,NO,84
M02344,2021-05-03,Poor ,4,NO,93
M00584,2020-09-15,fair,1,Yes,13
M04489,2023-01-21, excellent,1,n,43
M03858,2020-03-07,Poor ,3,n,10
M03468,2022-12-07,fair,1,NO,75
M03933,2019-09-12,Good,5,YES,49
M04574,2020-08-26,fair,3,y,99
M02791,2021-07-20,good,4,y,4
M04471,2023-04-19,Good,2,No,95
M00185,2019-10-09, excellent,2,YES,67
M02215,2023-01-04,Good,5,y,41
M03965,2023-08-25,Excellent,4,no,91
M03631,2024-04-03,Good,2,No,75
M00081,2024-02-26, excellent,5,n,53
M02753,2022-08-21,GOOD,3,No,14
M09012,2021-07-02,Good,4,n,
M03785,2019-06-07,GOOD,3,YES,51
M01950,2024-05-28,Good,2,YES,80
M01995,2020-07-10,good,2,n,41
M02169,2023-10-22,good,2,n,3
M01133,2021-02-19,Good,1,yes,69
M02828,2019-02-13,fair,5,y,51
M03789,2023-12-03,Excellent,1,yes,75
M09472,2021-11-08,Poor ,3,No,56
M02530,2023-01-03,Excellent,1,y,88
M01425,2022-04-03,Excellent,4,no,44
M01183,2022-02-23,GOOD,,No,69
M04578,2022-06-18,Excellent,4,YES,3
M01190,2024-03-09,Fair,2,NO,
M02607,2024-02-17,Fair,4,Yes,74
M03782,2024-09-21,Poor ,3,y,73
M04354,2022-06-02,Excellent,1,Yes,13
M02860,2021-04-17, excellent,1,no,40
M02021,2023-03-26,Fair,5,YES,91
M04507,2021-11-27,good,5,n,19
M02931,2019-10-12,good,5,yes,42
M01542,2020-05-22,good,1,n,13
M00115,2023-11-09,poor,2,yes,95
M03998,2020-05-25, excellent,5,Yes,37
M03989,2024-05-12,Poor ,1,n,16
M00736,2021-02-19,Excellent,1,No,24
M03853,2021-11-27,GOOD,4,y,72
M09055,2024-08-15,GOOD,1,yes,98
M02726,2019-07-04,Excellent,3,n,1
M03680,2024-03-17,poor,3,NO,78
M03006,2021-12-26, excellent,,no,32
M02737,2019-09-09,Fair,3,YES,18
M01675,2022-10-25, excellent,2,No,31
M00761,2020-08-20,GOOD,5,y,85
M00959,2024-11-21,good,,Yes,150
M03279,2020-08-16,poor,5,no,36
M04283,2021-04-19,Fair,4,NO,83
M01339,2019-06-12,Good,5,Yes,72
M00949,2024-06-14,good,1,NO,39
M03948,2023-02-24, excellent,4,no,6
M03806,2021-02-01,GOOD,2,No,83
M01740,2022-04-14,poor,1,No,15
M03036,2019-08-20,Fair,3,NO,33
M00782,2020-02-10, excellent,3,yes,48
M02719,2021-07-06,good,4,yes,9
M02867,2024-01-18,Poor ,2,n,91
M03753,2024-01-25,good,4,no,83
M02193,2019-01-16,poor,2,YES,87
M04622,2019-04-05,good,4,no,42
M04596,2021-12-09,poor,4,Yes,88
M02187,2024-07-24,fair,4,No,95
M00111,2023-07-08,poor,3,No,
M03227,2020-10-25,fair,4,NO,62
M01826,2023-01-02,Excellent,4,no,40
M03364,2022-08-21,poor,3,No,44
M04267,2024-04-09,poor,1,No,14
M00950,2020-08-14,Excellent,1,no,84
M03198,2023-07-26,,4,no,92
M01513,2022-10-12,,3,yes,91
M03107,2019-09-07,good,5,no,25
M04807,2019-01-02,GOOD,4,n,39
M01831,2019-02-14,Fair,3,y,22
M03870,2023-04-03, excellent,3,No,150
M02521,2019-06-25,Excellent,4,yes,1
M03710,2020-04-19,poor,5,No,
M01930,2021-03-04,fair,5,Yes,78
M04750,2023-11-05, excellent,4,yes,28
M00286,2024-05-03,Poor ,4,No,54
M01698,2021-04-13,GOOD,2,y,56
M01101,2024-06-24,Good,4,YES,50
M02277,2020-12-20,Poor ,1,Yes,42
M01234,2023-01-19,Poor ,1,Yes,7
M00248,2023-04-22,good,1,NO,73
M04813,2020-10-01, excellent,2,y,40
M03634,2021-08-27,,1,no,57
M02260,2023-11-20, excellent,3,yes,55
M03077,2021-07-26,poor,5,y,99
M04164,2019-02-23,Good,2,Yes,100
M01218,2024-01-07,Poor ,5,n,20
M00614,2020-10-03,Good,4,n,41
M09292,2023-08-05,GOOD,4,yes,40
M03440,2023-10-04,Good,4,y,13
M02006,2020-09-10,poor,3,y,92
M02051,2023-04-05,Poor ,,Yes,88
M03371,2023-08-28,Good,1,n,10
M00741,2021-06-05,good,1,Yes,81
M00653,2023-08-18, excellent,5,NO,98
M04714,2020-03-04,fair,2,n,88
M04786,2020-04-14,Poor ,5,YES,77
M00806,2021-01-13,poor,3,Yes,
M03649,2024-07-07,poor,5,YES,150
M03243,2021-10-23,good,1,yes,
M01373,2021-12-27,poor,3,y,73
M02977,2019-10-03,Poor ,4,no,36
M01588,2023-09-23,good,5,n,76
M02259,2022-03-11,good,4,yes,1
M01297,2022-03-27,Poor ,1,No,52
M02322,2020-06-03,good,5,NO,70
M00499,2020-07-08,poor,3,n,3
M04556,2024-03-15,,2,No,73
M00135,2021-06-17,good,4,n,54
M02123,2021-05-08,fair,3,YES,28
M01897,2021-07-12,good,4,no,85
M03951,2019-02-06,Fair,1,y,150
M03827,2020-01-11,Fair,4,no,54
M03976,2022-03-27,Fair,5,Yes,75
M01819,2021-02-18, excellent,5,YES,70
M04536,2021-08-09,Excellent,3,yes,35
M09373,2019-02-17,,5,yes,80
M00615,2023-08-16,Fair,1,y,98
M02713,2019-01-20,,5,y,76
M00042,2021-06-05,poor,2,Yes,97
M03010,2023-07-21,Excellent,5,NO,2
M00553,2020-11-13,Fair,2,NO,90
M03256,2024-03-05,fair,2,YES,20
M04340,2024-10-21, excellent,4,y,32
M00388,2021-08-23,Good,4,y,48
M02400,2021-07-10,fair,2,NO,79
M00424,2021-04-12,Excellent,5,yes,90
M02825,2021-02-04,Fair,4,No,90
M02596,2024-12-10,good,1,y,
M04170,2024-11-19,poor,0,y,32
M02470,2019-12-13,good,3,y,99
M01941,2021-06-01,Excellent,3,n,89
M04323,2024-11-17,Poor ,1,n,14
M04678,2022-07-21,fair,1,NO,81
M02261,2021-02-08, excellent,2,n,150
M03684,2022-06-02,Poor ,2,NO,26
M01766,2024-01-21,GOOD,1,y,82
M03016,2020-07-19,Excellent,3,No,59
M03879,2024-01-10,GOOD,5,NO,5
M09652,2023-09-28,good,1,no,96
M00205,2019-07-09, excellent,5,y,4
M00421,2020-04-13, excellent,5,YES,43
M04503,2020-05-01,Good,3,y,
M02479,2020-04-15,fair,2,no,36
M03598,2024-08-20,fair,4,no,70
M01401,2022-02-28,Good,5,yes,
M01247,2021-09-08,Excellent,,No,37
M01473,2022-02-10,poor,5,No,18
M04801,2022-12-13, excellent,4,NO,24
M01296,2024-11-05,Fair,5,no,24
M02579,2023-06-27,poor,5,y,43
M02582,2024-04-25,Excellent,5,n,2
M00480,2023-07-02,Excellent,3,NO,68
M03093,2024-02-28,Excellent,1,n,13
M01846,2023-01-19,Poor ,3,No,51
M02811,2020-09-02, excellent,4,no,37
M02282,2024-05-27,fair,3,NO,80
M04832,2023-08-23,Fair,2,NO,64
M03201,2024-03-13,Excellent,1,No,62
M01131,2024-12-16,Poor ,3,n,30
M03049,2021-02-03,Excellent,3,n,96
M04293,2022-01-15,Excellent,4,no,21
M00884,2021-11-07,Fair,5,YES,100
M03867,2020-03-12,poor,1,No,6
M03168,2019-01-03,GOOD,5,no,3
M01073,2022-07-09,Good,4,No,4
M03318,2023-01-06,fair,4,YES,5
M04571,2023-10-17, excellent,5,Yes,89
M01023,2021-08-03,Fair,3,YES,84
M02070,2021-09-23,Good,2,Yes,74
M00561,2023-05-20,poor,3,Yes,-10
M00497,2022-10-07,Poor ,1,NO,73
M02432,2022-09-10,Excellent,1,NO,83
M02288,2023-08-15,GOOD,5,y,75
M01962,2021-01-09,Poor ,4,yes,44
M04675,2020-01-02,Good,1,no,13
M00114,2022-10-16,Excellent,2,Yes,37
M02882,2020-07-18,GOOD,3,NO,11
M04147,2019-03-01,Excellent,1,No,31
M01077,2022-04-02, excellent,2,n,96
M01645,2021-02-12, excellent,2,Yes,32
M01100,2023-09-19,fair,3,n,14
M01619,2024-01-06,Good,1,NO,66
M03145,2022-11-28,fair,1,YES,74
M04410,2021-11-15,Poor ,4,no,75
M00215,2021-06-28,Good,2,No,50
M03694,2019-09-06,poor,4,NO,57
M04173,2021-09-02,Poor ,,YES,
M01746,2024-11-22,good,4,yes,60
M04573,2019-04-12,Poor ,4,y,33
M00763,2021-03-03, excellent,2,n,30
M03634,2021-08-27,,1,no,57
M03419,2024-11-17, excellent,1,NO,76
M03928,2020-04-22,Good,1,n,26
M00009,2022-07-14,good,3,y,94
M02134,2023-12-01,poor,5,y,76
M01484,2022-05-02,Excellent,4,n,30
M03926,2020-02-15, excellent,4,n,10
M01250,2022-11-08, excellent,1,NO,57
M01738,2021-01-23,,3,YES,15
M00625,2021-12-27,poor,4,Yes,23
M02610,2023-03-18, excellent,2,no,93
M04553,2022-09-04,poor,3,NO,87
M02330,2020-05-15, excellent,1,yes,20
M01700,2024-03-11,fair,3,YES,-10
M00955,2019-10-08,poor,2,Yes,37
M04538,2023-11-26,Poor ,1,YES,57
M03245,2020-09-06,Good,1,n,65
M02077,2019-06-07,GOOD,2,NO,47
M00921,2019-10-07,Poor ,5,NO,34
M04265,2022-05-22,Excellent,5,yes,63
M03645,2020-04-14,Good,5,No,40
M04623,2021-11-07, excellent,2,no,
M03566,2022-06-20,GOOD,4,No,61
M04492,2019-09-03,Excellent,5,yes,83
M00134,2021-11-07,Fair,3,n,67
M01599,2024-11-19,Poor ,5,YES,10
M01656,2019-10-17,Excellent,2,NO,34
M00331,2020-04-10,Poor ,1,no,62
M00554,2019-10-01,Good,4,No,
M01526,2023-09-06,Fair,1,No,45
M01408,2023-08-02,fair,2,yes,34
M04294,2023-06-15,GOOD,4,NO,42
M01836,2022-08-15, excellent,3,Yes,68
M01750,2023-03-26,Good,4,NO,18
M02624,2019-04-09,good,5,YES,12
M01154,2024-12-08,Excellent,2,NO,47
M09156,2021-01-03,Excellent,5,yes,92
M02847,2019-09-04,good,2,No,26
M04877,2020-04-19,poor,,y,2
M02816,2019-02-20,Fair,99,YES,56
M03542,2020-08-03,Excellent,1,YES,100
M03390,2019-08-16,GOOD,2,yes,80
M00731,2019-03-07,poor,5,Yes,7
M04751,2023-04-23,Fair,,yes,84
M04872,2023-02-24,GOOD,,Yes,9
M01689,2020-09-22,poor,2,y,19
M01851,2023-04-12,Excellent,,yes,56
M02761,2019-04-01,Excellent,3,n,-10
M04628,2021-08-24,poor,3,Yes,41
M03444,2021-10-14,fair,5,y,16
M02685,2024-07-22,GOOD,3,Yes,87
M04699,2021-09-25,GOOD,4,y,89
M03754,2019-10-18,Good,0,yes,14
M03100,2024-10-13,Excellent,1,YES,44
M02994,2021-06-11,,4,NO,60
M00876,2019-05-02,GOOD,2,Yes,150
M00512,2024-12-02,GOOD,5,n,69
M03595,2019-08-11,fair,3,YES,65
M01858,2022-06-21,good,2,Yes,32
M00005,2024-02-14,fair,1,No,69
M01511,2022-04-24,Good,4,YES,85
M00086,2020-08-07,good,1,n,4
M03199,2021-06-02,Good,1,NO,19
M01752,2023-02-18,poor,3,YES,47
M02167,2023-11-03,good,4,y,63
M00332,2020-09-09,Excellent,1,no,53
M03028,2022-04-01,Excellent,3,Yes,48
M04177,2019-03-09,Excellent,5,Yes,62
M00010,2023-03-17,Good,4,No,25
M03579,2019-05-14,Fair,5,n,83
M04390,2021-11-22,Good,4,No,18
M04295,2022-09-16,Poor ,2,y,4
M00892,2020-07-27,Excellent,1,y,
M04339,2023-09-08,Good,1,yes,84
M01191,2022-08-12,poor,3,n,83
M01422,2024-08-11,Excellent,5,NO,91
M04822,2020-08-22, excellent,2,no,37
M04113,2023-05-14,Good,3,NO,9
M02687,2021-09-11,fair,4,NO,65
M02837,2020-08-28,,2,NO,67
M01241,2022-06-11,poor,3,Yes,48
M02974,2020-10-17,Good,1,No,68
M03672,2020-12-16,Excellent,5,YES,61
M03563,2023-02-02,good,5,Yes,32
M03757,2019-10-06,GOOD,4,YES,19
M01557,2021-10-02,Poor ,3,Yes,77
M00676,2022-02-09,poor,5,No,60
M03215,2020-04-06,Excellent,4,NO,45
M00537,2024-12-24,Fair,4,yes,58
M01699,2023-08-06, excellent,1,NO,69
M04629,2021-12-28,Fair,1,YES,42
M04683,2020-06-11,Fair,5,yes,5
M00999,2020-02-04,fair,3,YES,98
M02893,2023-05-07,fair,5,NO,41
M03234,2021-08-13,fair,4,n,17
M04848,2021-11-19,Good,2,NO,18
M01259,2019-07-02,Good,5,No,17
M02881,2022-05-17,Fair,4,no,59
M03674,2021-10-24, excellent,2,yes,25
M00828,2023-05-11,GOOD,3,YES,100
M02988,2024-05-15,GOOD,,Yes,
M02188,2020-12-25,Good,1,NO,62
M00622,2023-10-14,Poor ,5,y,78
M03877,2019-06-06,good,4,no,79
M03187,2021-09-16,poor,3,no,35
M01143,2022-03-26,GOOD,3,NO,2
M01002,2019-01-15, excellent,2,no,5
M02782,2023-05-27, excellent,4,NO,6
M03150,2020-05-06,,5,Yes,31
M02810,2022-02-19,good,3,n,79
M01252,2023-10-26,Good,5,No,77
M03303,2021-08-01,fair,2,yes,50
M03597,2022-11-06,,2,YES,93
M03770,2022-08-10,fair,3,No,72
M01454,2023-02-14,Poor ,4,Yes,29
M00300,2023-04-22,Excellent,2,No,150
M01855,2020-05-21,Fair,4,No,0
M01432,2020-05-12,poor,4,YES,16
M02315,2022-11-24,fair,5,NO,150
M00224,2023-04-23,Fair,3,YES,29
M03259,2021-08-13,fair,2,No,89
M04898,2019-03-04,GOOD,5,YES,8
M02707,2024-09-28,Fair,2,NO,92
M01453,2024-05-02, excellent,2,YES,78
M02763,2024-05-15,Poor ,1,n,56
M04694,2022-07-18, excellent,2,yes,30
M04736,2020-07-21,poor,3,n,98
M02721,2022-08-13, excellent,5,yes,41
M01486,2019-07-13,poor,2,yes,43
M03697,2022-08-26,poor,5,n,29
M00059,2019-03-04,Fair,3,n,38
M01695,2019-09-25,poor,5,yes,81
M00179,2020-04-06,Excellent,3,yes,5
M03629,2023-07-10,Fair,2,no,51
M02888,2020-10-18,Poor ,1,YES,96
M04737,2020-05-24,Excellent,1,NO,
M03480,2021-06-07,Excellent,1,YES,19
M03953,2020-01-13,GOOD,4,no,26
M02039,2024-11-09,poor,5,No,87
M04831,2022-11-23,GOOD,3,YES,38
M02154,2019-12-12,GOOD,4,n,99
M03241,2022-12-13,fair,5,yes,-10
M04804,2021-05-20,GOOD,1,Yes,14
M00455,2024-04-03,GOOD,2,No,55
M04085,2021-12-08,Excellent,5,No,77
M00102,2020-07-13,Poor ,3,Yes,88
M02618,2019-06-28,fair,3,NO,56
M01763,2021-12-06,Excellent,3,no,45
M00361,2022-02-16, excellent,2,NO,91
M04271,2024-04-01,good,3,NO,63
M04060,2024-10-03, excellent,0,NO,22
M01636,2022-04-04,Good,1,Yes,59
M00993,2024-10-28,Fair,4,No,28
M03678,2020-02-10,fair,5,no,78
M04515,2021-01-19,fair,5,No,46
M02018,2019-08-13,good,1,YES,97
M02055,2024-11-21,GOOD,2,n,29
M02537,2024-08-14,Good,5,yes,22
M04552,2024-09-14,Good,1,no,57
M02838,2023-03-06,Poor ,4,Yes,95
M03921,2024-05-04,Good,4,YES,4
M01982,2024-12-22,fair,3,YES,3
M03886,2023-01-18,good,4,NO,70
M02770,2019-05-06,Fair,1,YES,48
M03543,2019-10-14, excellent,2,y,61
M00147,2019-09-23, excellent,4,Yes,71
M00612,2019-07-02,GOOD,,YES,8
M01866,2019-08-14, excellent,1,NO,15
M00367,2023-07-09,Fair,5,yes,76
M01043,2022-05-13,Fair,1,YES,69
M01225,2022-04-01,poor,4,yes,83
M02676,2022-07-12,Fair,4,YES,64
M02345,2024-08-02,fair,3,no,56
M00924,2022-03-06,Excellent,3,Yes,49
M02632,2019-01-18,Poor ,2,Yes,63
M03411,2020-01-11,fair,5,no,26
M02306,2020-12-24,Excellent,1,No,17
M00360,2019-08-03,,5,y,62
M00356,2021-10-21,Fair,5,no,83
M00184,2020-05-19,poor,2,no,31
M00749,2023-12-07,,4,yes,35
M03123,2024-12-20,Excellent,2,yes,21
M03375,2024-11-12,Excellent,3,NO,44
M00231,2019-09-01,good,3,Yes,53
M04189,2020-06-10,Poor ,5,y,99
M04468,2023-03-04,Poor ,5,YES,59
M01105,2022-09-13,poor,3,no,61
M04701,2020-08-28,good,1,yes,22
M02472,2022-11-24, excellent,5,YES,90
M03835,2019-03-01,Good,1,n,62
M03391,2021-08-15,fair,5,No,80
M02848,2020-05-21, excellent,4,NO,60
M04270,2023-08-09,poor,5,NO,59
M03983,2023-11-05,good,1,no,86
M03899,2022-11-26,good,2,Yes,80
M02809,2024-01-11,,2,NO,49
M04734,2021-04-18,good,1,Yes,26
M00203,2021-04-27,Poor ,3,y,60
M00408,2022-10-05,Excellent,1,NO,71
M04680,2022-09-16, excellent,1,n,76
M00204,2023-04-27,,4,Yes,49
M03699,2021-04-25,GOOD,5,no,16
M02657,2020-03-21,fair,2,no,93
M02879,2021-11-25,Fair,3,NO,58
M01461,2021-12-16,Excellent,5,No,78
M00119,2019-01-19,Good,2,n,40
M02541,2023-12-11,Poor ,5,yes,13
M01555,2021-03-26,Good,2,NO,26
M03145,2022-11-28,fair,1,YES,74
M03450,2024-11-24,fair,4,yes,16
M00894,2020-12-02,fair,1,Yes,83
M00764,2022-08-24,,4,y,99
M04438,2023-08-23,GOOD,,No,32
M00800,2024-10-27,good,4,NO,14
M04780,2024-02-08,,4,NO,20
M04304,2020-09-25,Poor ,5,n,22
M03391,2021-08-15,fair,5,No,80
M01502,2023-10-07,Poor ,1,No,18
M04039,2024-06-04,GOOD,1,y,
M00407,2020-08-15,poor,3,n,79
M00860,2023-01-04,fair,3,YES,81
M03167,2022-04-10,good,1,YES,2
M04878,2022-04-15,Poor ,3,YES,42
M00818,2024-12-20, excellent,5,yes,33
M02679,2024-05-28,fair,1,no,68
M04859,2019-10-05,good,1,YES,39
M03564,2024-10-08, excellent,1,No,65
M04138,2024-05-24,Poor ,4,Yes,34
M00930,2021-09-05,poor,1,no,10
M03354,2019-05-09,Good,3,NO,6
M00576,2021-03-28,good,2,y,78
M09658,2022-05-19,poor,3,Yes,21
M09171,2022-09-25,good,,No,38
M04003,2024-09-24,Good,2,YES,51
M00064,2020-07-28,Good,4,yes,
M02525,2020-03-18,fair,4,YES,23
M09844,2020-08-08,fair,2,yes,26
M04152,2023-09-27,,4,No,27
M01230,2019-10-25,fair,3,y,5
M02346,2024-05-13, excellent,1,y,38
M03135,2024-07-19,,1,NO,30
M04067,2021-01-01,GOOD,5,No,8
M01541,2019-04-17,fair,3,NO,23
M03263,2023-10-24,GOOD,5,Yes,41
M00877,2019-08-04,Poor ,,No,43
M03721,2023-08-28,Poor ,5,YES,78
M00670,2020-02-14,poor,2,No,83
M03090,2022-06-28,Poor ,4,no,98
M02495,2022-05-13,Good,0,yes,100
M00867,2019-07-04,Good,2,NO,61
M00928,2024-03-04, excellent,4,No,18
M00226,2019-04-18,GOOD,5,y,75
M00587,2021-02-05,Poor ,4,y,64
M04625,2020-08-06,Excellent,3,no,-10
M00668,2020-06-15,fair,4,yes,42
M02538,2024-06-08,poor,5,NO,59
M04260,2024-09-08,Poor ,1,YES,99
M04082,2020-11-17,good,1,no,66
M04219,2023-04-13, excellent,1,n,150
M02034,2023-08-07, excellent,5,NO,88
M01520,2022-10-08,GOOD,4,Yes,96
M02778,2020-08-09,Fair,2,No,
M01539,2022-05-08,Good,2,n,19
M01287,2020-01-07, excellent,4,NO,11
M01808,2024-11-17,Fair,,yes,90
M01717,2021-04-04,fair,2,NO,49
M02166,2023-09-11,Excellent,4,Yes,38
M01536,2022-06-26,,3,n,16
M02300,2023-04-27,GOOD,2,no,86
M01371,2020-12-03,Good,5,Yes,85
M04385,2020-04-06, excellent,5,No,5
M03875,2022-12-04,poor,2,YES,64
M09123,2019-02-13,Good,4,yes,21
M04757,2023-05-27,Excellent,2,YES,48
M01411,2021-04-21,good,1,YES,86
M01796,2020-05-12, excellent,5,n,13
M01848,2019-10-26,GOOD,2,NO,93
M00639,2019-05-19,Excellent,2,n,66
M03266,2021-05-11, excellent,5,NO,29
M01092,2021-06-02,fair,4,YES,99
M02181,2024-09-09,Excellent,0,yes,
M02452,2019-03-12, excellent,,NO,24
M04658,2019-05-02,poor,4,NO,90
M02775,2021-09-24,Poor ,4,y,2
M03895,2021-07-05,Good,3,y,75
M02220,2022-01-03,Fair,3,n,63
M03807,2023-03-03,good,1,no,15
M01053,2024-02-08,Fair,5,n,84
M01731,2019-12-22,good,2,NO,82
M02202,2020-12-05,good,5,Yes,10
M04871,2024-09-02,Good,3,NO,7
M00683,2022-05-23,Fair,5,y,98
M01173,2022-01-28,Poor ,2,No,87
M01817,2019-10-03,GOOD,1,NO,86
M03216,2019-09-06,GOOD,5,No,25
M04599,2019-03-21,Good,3,YES,75
M01972,2021-12-01,Fair,4,No,32
M04562,2020-12-11,Excellent,1,YES,4
M04199,2023-11-12,Good,1,no,49
M02249,2021-05-05,poor,5,n,40
M02937,2020-02-11,GOOD,2,no,12
M00862,2022-09-17,GOOD,4,y,85
M02736,2020-03-22,Good,2,No,86
M00313,2024-04-21, excellent,4,y,9
M02086,2023-02-22,Poor ,5,Yes,32
M02740,2019-07-06,Fair,4,y,
M00347,2024-05-09,good,3,YES,14
M00964,2021-12-01,Excellent,3,n,45
M03675,2023-03-10,,5,YES,10
M02966,2022-10-03,poor,3,NO,65
M00663,2023-03-27, excellent,3,Yes,0
M02178,2023-11-11,Excellent,2,YES,26
M01586,2019-06-16,fair,4,yes,55
M00091,2020-10-12, excellent,5,NO,2
M02551,2019-12-03, excellent,4,Yes,57
M04886,2022-01-07,GOOD,4,YES,24
M02481,2021-02-16,fair,5,No,
M03817,2019-10-04,poor,4,yes,150
M04890,2022-06-06,Excellent,1,yes,13
M01955,2020-07-14,Good,5,n,89
M00662,2022-04-21,Excellent,2,Yes,98
M01852,2024-10-06,fair,2,Yes,2
M03896,2023-12-18,Fair,5,Yes,0
M01269,2019-07-27,fair,1,y,11
M09028,2024-02-21,Good,4,y,21
M03756,2021-05-22,good,5,YES,47
M00927,2021-01-06,Fair,5,n,4
M03609,2023-05-13,Excellent,1,YES,10
M00306,2021-11-11,good,2,No,46
M01608,2024-03-03,Poor ,1,NO,66
M00781,2020-11-20,poor,4,no,34
M04163,2019-11-14,Good,3,Yes,18
M00065,2024-12-07,Poor ,3,NO,98
M04331,2020-06-18,good,5,NO,98
M03689,2023-11-19,poor,4,YES,81
M02975,2019-04-26,Excellent,4,y,22
M03484,2021-12-21,Excellent,4,YES,90
M01460,2019-01-20,Fair,4,YES,57
M03981,2023-06-16,poor,5,y,28
M00430,2019-07-25,Poor ,2,No,72
M03813,2020-09-21,Fair,3,No,18
M03500,2020-08-04,GOOD,2,No,4
M03743,2023-03-20,GOOD,2,Yes,46
M03808,2023-02-28,Poor ,1,No,88
M03442,2020-10-25,Excellent,,y,90
M04044,2019-01-25,Excellent,3,yes,100
M04544,2019-06-26,Fair,5,Yes,32
M00938,2024-03-06, excellent,3,NO,78
M03002,2023-07-01,Good,1,Yes,56
M00481,2019-07-27,good,3,y,34
M00478,2023-09-13,Excellent,1,No,35
M04792,2021-04-04,good,4,no,16
M00140,2021-11-04,Good,5,n,81
M04818,2020-01-12,Fair,5,n,27
M09385,2019-01-12,fair,3,yes,49
M03990,2020-07-24,Poor ,3,YES,20
M01144,2024-02-10,Excellent,3,Yes,11
M02961,2022-02-02,poor,4,NO,18
M00075,2020-12-11,,2,yes,90
M01071,2022-09-03,fair,1,yes,32
M01388,2023-07-08,Good,5,no,80
M03433,2023-08-25,fair,4,no,0
M01838,2022-10-06, excellent,1,YES,29
M03144,2023-01-04,Excellent,5,y,43
M02406,2023-12-10,poor,,NO,89
M00555,2023-04-09,Fair,1,y,85
M03035,2022-11-27,fair,1,YES,42
M02686,2019-04-13,Fair,5,no,49
M00293,2023-09-23,good,4,y,26
M00294,2020-02-23,Fair,5,no,34
M00031,2024-01-08,GOOD,3,no,63
M03881,2022-05-01,good,4,y,47
M00363,2023-08-06,poor,3,YES,68
M03113,2024-07-28,Excellent,4,y,8
M03707,2022-08-05,good,5,YES,69
M04500,2024-10-13,good,5,No,99
M01875,2020-01-20,Poor ,4,n,28
M03872,2022-11-25, excellent,4,no,24
M02223,2024-06-19,Fair,4,no,96
M02691,2024-02-07,poor,3,NO,34
M00477,2019-03-01,poor,1,No,23
M01469,2024-08-04, excellent,2,n,77
M01398,2024-01-07,good,1,YES,49
M02716,2022-11-27,Good,3,no,96
M04506,2024-07-16,good,3,n,
M04205,2023-12-17,poor,2,y,79
M00406,2020-07-10,poor,99,Yes,79
M03149,2019-10-24,Poor ,3,y,91
M00845,2024-05-23,Fair,4,y,45
M03706,2020-03-18,poor,1,YES,58
M01399,2019-07-19,Good,5,NO,72
M01669,2023-02-20,Good,3,YES,45
M01651,2019-10-22, excellent,4,Yes,50
M03229,2021-03-20,GOOD,2,no,88
M02655,2021-04-09,good,1,YES,67
M03521,2019-01-14,Excellent,5,no,59
M01548,2023-01-08,poor,4,y,23
M00402,2020-08-23,GOOD,5,NO,4
M01007,2022-11-02,Good,2,Yes,97
M00268,2019-04-17,Excellent,5,n,52
M04814,2019-01-13,Good,5,n,150
M00458,2022-07-25, excellent,4,Yes,80
M03004,2024-07-24, excellent,1,yes,13
M03282,2024-04-19,,1,Yes,58
M02060,2020-11-27,GOOD,1,n,31
M02653,2019-03-14,good,1,YES,60
M04353,2019-05-09,GOOD,5,Yes,1
M01326,2021-12-28, excellent,2,no,15
M01652,2024-12-27,good,2,no,68
M03615,2019-01-02,fair,2,No,14
M03140,2020-02-19, excellent,2,y,65
M03490,2021-04-01,GOOD,1,y,
M03162,2021-05-05,Poor ,2,YES,68
M01188,2020-07-09, excellent,4,Yes,57
M04882,2020-02-28,Good,4,Yes,80
M00695,2019-12-02,GOOD,3,NO,
M03539,2021-06-06, excellent,4,y,87
M02807,2022-05-03,GOOD,3,NO,67
M00415,2022-04-07,GOOD,4,YES,41
M02096,2019-08-20,Fair,2,No,63
M02820,2022-07-12,good,3,No,35
M03767,2020-12-02,Poor ,4,Yes,88
M00742,2023-08-27,fair,3,Yes,90
M03291,2020-01-22,,5,Yes,96
M04425,2022-05-28,poor,3,no,36
M01031,2019-12-14, excellent,5,no,9
M01099,2020-05-08,GOOD,3,NO,1
M00803,2019-05-20,Poor ,1,YES,32
M02284,2023-11-04,fair,5,NO,13
M01427,2022-05-27,good,3,NO,17
M02411,2019-02-12,Good,5,No,41
M00341,2019-12-09,Fair,5,y,44
M02024,2021-02-09, excellent,4,yes,84
M04569,2023-05-27,Poor ,3,Yes,27
M01790,2020-02-06,Fair,1,y,37
M03308,2023-10-15,GOOD,3,y,58
M01946,2023-12-28,GOOD,1,NO,63
M03386,2024-11-13,Good,1,no,64
M04153,2020-04-08,poor,3,YES,79
M03716,2023-08-12,Poor ,3,No,25
M02501,2022-02-03,fair,2,yes,33
M01256,2021-01-28,Poor ,4,NO,89
M03758,2019-06-26,Good,2,Yes,1
M02869,2022-07-13,Good,,y,35
M03898,2021-11-17,good,2,y,14
M03876,2024-09-07,Excellent,4,yes,7
M00349,2020-06-10,fair,4,n,47
M02270,2019-01-08,good,1,YES,3
M01570,2024-10-19,Poor ,1,YES,59
M00280,2022-08-10,Excellent,4,no,84
M00423,2023-10-05,,2,Yes,23
M09801,2019-09-08,GOOD,1,yes,56
M01267,2023-11-01,Fair,1,n,28
M03240,2020-02-23,,2,NO,14
M01884,2023-03-05,fair,3,yes,75
M01751,2023-05-23,fair,5,no,47
M04883,2022-04-25,poor,2,n,100
M00326,2022-03-18,Excellent,3,NO,83
M00581,2019-06-14,Poor ,1,No,18
M01475,2019-10-01,good,1,no,
M02340,2024-07-05, excellent,3,yes,34
M00831,2019-07-20,fair,4,n,0
M00271,2022-10-13,Fair,1,No,73
M03021,2022-04-19,Excellent,2,Yes,93
M02161,2019-02-09,good,1,YES,71
M03738,2022-12-03,Poor ,2,Yes,10
M04058,2023-10-25, excellent,4,Yes,56
M00786,2024-03-01,GOOD,3,Yes,66
M01019,2022-02-16,Excellent,2,No,26
M03911,2024-10-01,Fair,3,yes,62
M01622,2024-08-13,good,2,Yes,75
M02113,2022-07-08,Good,5,n,64
M03831,2021-01-13,poor,1,y,92
M04682,2024-11-21,,1,y,57
M01108,2022-05-04,good,99,no,84
M01420,2024-04-12, excellent,5,YES,68
M03358,2022-10-17,good,,Yes,33
M00598,2024-01-22,poor,5,no,89
M02052,2019-09-14,Poor ,99,y,46
M03492,2019-09-14, excellent,4,YES,73
M03908,2019-12-04, excellent,1,YES,72
M00401,2024-12-16,Fair,5,YES,52
M03862,2023-04-10,GOOD,4,YES,58
M01778,2024-11-12,Excellent,2,NO,59
M02415,2020-03-27,Poor ,1,No,95
M01083,2024-12-12,Poor ,3,No,0
M02783,2021-07-21,GOOD,5,No,56
M03612,2021-01-27,Fair,4,YES,55
M03633,2020-09-26,good,4,no,79
M01489,2023-03-10,Fair,5,y,35
M02351,2019-11-28, excellent,2,No,2
M04691,2022-04-11,good,,no,33
M01832,2020-06-19,Excellent,5,yes,150
M01959,2019-10-04,fair,3,no,27
M02550,2023-12-20,Fair,1,Yes,49
M02511,2020-10-05,,1,yes,11
M03549,2023-12-28,Good,1,No,83
M03840,2023-08-02,fair,4,YES,99
M04437,2023-06-09,fair,1,yes,30
M02900,2020-07-28, excellent,1,no,70
M00857,2023-07-23,poor,1,YES,37
M02609,2019-02-22,GOOD,5,No,15
M04588,2023-02-10,Poor ,4,no,5
M03590,2024-01-28, excellent,4,NO,23
M03741,2020-07-18,,1,YES,38
M02979,2024-01-04,fair,1,n,36
M04512,2020-06-09, excellent,2,no,67
M01362,2024-11-25,Poor ,4,NO,6
M00018,2020-11-15,fair,5,No,59
M04589,2020-05-06,Fair,2,y,54
M09951,2024-03-18,GOOD,2,y,34
M03402,2023-03-18,GOOD,1,no,
M02565,2022-02-12, excellent,1,y,77
M01549,2019-09-05,good,3,YES,50
M01968,2023-06-15,GOOD,2,yes,94
M01421,2020-05-06,good,2,NO,11
M01949,2022-04-17, excellent,5,no,51
M03178,2020-03-26,poor,3,no,67
M01596,2024-03-02, excellent,5,yes,38
M00885,2022-02-19,poor,,n,66
M01325,2022-08-04,Poor ,3,No,150
M00001,2021-05-03,poor,1,Yes,71
M03910,2024-12-21,Fair,3,y,76
M04702,2019-04-19, excellent,5,YES,
M00875,2022-11-22,fair,2,y,34
M02862,2022-12-22,Poor ,1,yes,-10
M01488,2022-08-02,GOOD,3,No,86
M02097,2021-12-20,Excellent,5,Yes,86
M02710,2023-08-09,Poor ,5,No,3
M04229,2023-02-07,GOOD,3,YES,69
M02661,2022-10-08,Poor ,3,n,86
M04063,2023-04-15,poor,4,y,69
M00820,2022-03-02,Excellent,1,no,6
M04514,2021-05-11,poor,1,y,12
M02229,2019-06-05,GOOD,2,no,30
M01600,2019-04-12,Poor ,3,n,43
M01857,2022-06-01,Good,4,y,24
M00957,2024-04-03,Fair,1,No,49
M03138,2023-01-25,Good,,n,13
M01821,2020-03-19,poor,1,no,6
M03620,2023-03-09,GOOD,2,n,50
M04752,2022-02-02,GOOD,5,no,62
M01034,2020-03-02,Poor ,5,yes,7
M02905,2019-11-03,Good,4,y,82
M01305,2023-02-03, excellent,1,NO,80
M00278,2022-03-17, excellent,3,YES,24
M03836,2024-10-27,fair,3,y,97
M04061,2020-02-23,Poor ,4,YES,3
M00890,2019-06-13,Good,1,No,28
M00609,2023-05-19,fair,1,YES,31
M04012,2021-09-05,Fair,1,NO,65
M01010,2024-03-12,Poor ,2,y,91
M02448,2023-12-17,poor,1,Yes,33
M00932,2022-10-13,fair,1,no,41
M01429,2022-08-14, excellent,3,n,22
M03325,2020-05-09, excellent,5,n,15
M00343,2022-12-19,Fair,2,No,100
M03594,2021-05-26,Poor ,4,YES,24
M01620,2023-02-22,Excellent,4,YES,54
M04432,2024-08-17,Poor ,2,n,61
M03765,2020-08-01,Excellent,4,YES,51
M02332,2023-03-21,Poor ,3,No,71
M04013,2022-03-17,Fair,1,y,59
M03084,2019-02-11,poor,1,no,80
M04613,2021-05-17,Fair,3,yes,88
M01910,2019-10-01,poor,5,YES,100
M01757,2020-09-05,good,4,YES,71
M01289,2019-10-25, excellent,5,yes,74
M04776,2019-01-22,Poor ,1,no,35
M03985,2019-10-07,good,4,no,54
M04576,2023-08-20,GOOD,5,Yes,
M01030,2019-07-18,fair,3,n,8
M01140,2019-12-02,Poor ,1,y,26
M01076,2022-06-19,,2,YES,23
M01189,2022-05-11,poor,5,YES,96
M03742,2019-10-13, excellent,5,NO,75
M01478,2024-12-25,Poor ,2,YES,70
M00936,2020-12-06,Poor ,3,No,72
M03865,2023-03-11,Excellent,2,NO,43
M02100,2021-10-06,Good,5,n,61
M01116,2019-04-05, excellent,2,y,55
M00893,2023-04-15,Poor ,4,y,28
M02293,2021-06-08,Fair,2,No,2
M02559,2022-01-17,,5,yes,55
M03139,2020-04-11,fair,3,n,32
M03893,2023-09-12,GOOD,2,y,90
M01179,2023-07-04,GOOD,1,No,7
M03805,2020-06-25, excellent,5,no,39
M02383,2020-07-17,Fair,5,n,55
M04226,2021-08-21,Good,4,No,53
M03035,2022-11-27,fair,1,YES,42
M04748,2023-03-05,good,,No,2
M02081,2022-04-12,GOOD,3,NO,3
M02008,2024-01-01,Poor ,1,Yes,89
M03799,2019-01-21,Excellent,1,no,42
M02380,2023-09-05,fair,4,NO,31
M03959,2024-11-05,Fair,5,yes,63
M00839,2023-08-12,,2,yes,83
M04706,2019-12-19,Good,3,y,
M02956,2022-11-16,Good,4,Yes,38
M02647,2022-12-06,good,4,no,4
M01794,2024-12-05,good,5,n,27
M01112,2023-08-02,poor,3,NO,88
M00100,2022-08-12,,2,NO,10
M02266,2022-04-12,Excellent,3,YES,
M03146,2019-06-16, excellent,3,no,32
M03749,2024-03-11,Fair,1,n,85
M03269,2022-09-01,good,3,y,24
M09804,2019-07-05,GOOD,5,No,29
M04143,2024-03-05,GOOD,5,Yes,83
M01338,2023-04-18,Excellent,1,NO,49
M03211,2021-06-08,Excellent,5,yes,34
M00113,2022-01-18,Fair,4,No,38
M03250,2023-06-05,Poor ,4,y,56
M04040,2020-03-27, excellent,1,y,150
M02868,2022-04-24,Poor ,4,Yes,100
M01637,2023-01-16,Excellent,2,y,34
M00891,2019-11-08,GOOD,2,no,54
M04592,2022-04-26,,1,n,97
M03414,2021-03-23,poor,5,y,5
M04554,2023-12-23,poor,3,YES,13
M01659,2021-09-07,Fair,3,NO,90
M00929,2020-05-04, excellent,2,Yes,0
M03912,2020-12-24,poor,,no,41
M01853,2024-08-11,GOOD,1,y,77
M04231,2023-02-16,Fair,2,YES,14
M04259,2023-08-23,fair,3,yes,57
M03041,2020-09-04,GOOD,2,n,39
M00848,2022-09-27,poor,5,y,
M04537,2021-11-05,poor,1,no,2
M00250,2019-11-25,Fair,1,YES,92
M01971,2021-11-28, excellent,,n,80
M03276,2023-05-13,poor,5,No,31
M03359,2024-03-06,GOOD,4,yes,77
M03760,2024-09-05,GOOD,4,n,31
M02199,2019-05-22,Poor ,1,no,71
M01759,2022-10-18,Excellent,0,n,69
M04311,2020-12-18,Fair,3,No,92
M01393,2023-03-14,Good,3,y,33
M04397,2022-09-27,Fair,2,Yes,82
M04105,2019-04-03,poor,5,yes,60
M01320,2022-07-28,Poor ,4,y,85
M01440,2020-06-17,Poor ,4,yes,32
M09769,2019-05-27,fair,5,yes,43
M01676,2019-05-14,fair,5,n,81
M04107,2024-12-17,GOOD,5,yes,99
M04742,2022-09-19,Excellent,5,y,20
M00090,2023-09-28,Excellent,2,no,77
M02449,2024-05-15,Poor ,1,YES,74
M01939,2021-08-04,fair,2,no,
M02297,2023-07-03,Good,,n,2
M04606,2024-01-28,Fair,5,y,71
M00175,2024-08-16,Poor ,1,y,33
M02339,2020-01-03, excellent,2,YES,29
M04530,2021-03-06,good,,n,
M00718,2022-05-18,Poor ,4,No,52
M01317,2023-03-15,good,4,YES,43
M04443,2021-11-14,Fair,1,n,95
M01187,2022-08-02,poor,4,Yes,79
M02473,2021-10-20,Good,3,No,98
M02287,2022-11-15,Excellent,4,No,23
M00161,2021-05-25,fair,2,NO,57
M02023,2021-05-24,GOOD,3,YES,48
M04115,2019-02-15,Poor ,3,y,97
M04140,2024-07-08,Poor ,1,YES,38
M01347,2021-02-21,Good,1,Yes,72
M03125,2024-09-18,Poor ,2,yes,
M03383,2024-04-14,Excellent,5,NO,55
M04811,2020-02-22,Fair,5,Yes,53
M02680,2023-08-05,GOOD,4,No,56
M00132,2024-03-19,Fair,2,n,16
M00902,2019-12-22,Poor ,4,y,32
M02933,2023-06-21,good,3,y,83
M00791,2022-02-03,poor,2,n,66
M04627,2020-10-09, excellent,5,YES,58
M02831,2023-12-07, excellent,2,no,71
M02640,2024-01-23,Poor ,3,No,100
M04642,2024-09-26,poor,1,no,21
M04671,2024-03-05,GOOD,1,n,48
M04854,2020-04-02,Excellent,1,n,18
M01650,2019-05-12, excellent,4,YES,7
M04484,2019-08-22,Excellent,4,n,12
M00400,2021-02-04,Poor ,5,No,12
M02150,2024-07-26,good,2,no,39
M01660,2024-01-17,good,4,No,34
M02273,2024-02-21,good,2,No,27
M03483,2020-02-22,Fair,4,yes,
M04151,2020-06-17, excellent,1,Yes,1
M02545,2023-01-08,Good,4,y,66
M01079,2023-09-28,Good,4,no,100
M01951,2020-05-18,GOOD,,y,69
M00666,2020-12-21, excellent,5,Yes,75
M01294,2020-02-08, excellent,1,no,7
M00532,2019-05-27,Fair,4,Yes,15
M00628,2019-05-25,Good,1,no,
M01232,2024-03-02,,5,YES,55
M03357,2022-01-24,Excellent,5,No,63
M01497,2023-05-18,fair,1,no,53
M04100,2022-11-24,fair,3,no,26
M03458,2023-12-08,Excellent,2,No,1
M02083,2021-02-12,Good,4,y,
M00021,2021-06-09,good,3,NO,85
M00394,2021-04-04,Good,3,No,14
M00166,2021-12-26, excellent,1,YES,28
M09487,2024-04-14,Poor ,2,NO,28
M01066,2021-07-05,good,5,no,100
M00972,2024-05-08,Excellent,5,No,32
M09643,2022-04-15,Excellent,3,n,50
M00850,2024-10-14,Good,2,NO,80
M01342,2020-11-24,Good,2,y,96
M02625,2020-03-17,good,1,n,
M04897,2024-03-28, excellent,5,y,30
M01426,2019-08-09, excellent,1,No,74
M02590,2019-07-22,Poor ,4,y,57
M03919,2020-09-14,Excellent,5,n,38
M03657,2020-03-02,Poor ,3,n,22
M01692,2022-02-22,GOOD,5,no,26
M02762,2024-10-13,fair,5,No,88
M04349,2023-04-18,good,4,yes,12
M02983,2022-06-20,good,5,yes,7
M03889,2021-01-07,Good,4,n,92
M04008,2021-06-22,GOOD,5,No,25
M01999,2024-11-16,good,5,no,91
M03082,2022-09-14,Excellent,1,Yes,83
M03982,2022-10-22, excellent,4,No,17
M02059,2023-03-03,GOOD,3,no,32
M03001,2019-01-16,poor,4,Yes,54
M01168,2021-08-27,poor,5,No,26
M01341,2022-08-12,fair,4,No,52
M02430,2020-03-13,Good,4,y,68
M04653,2022-03-20,fair,1,n,4
M02116,2024-03-12,poor,1,y,22
M02779,2022-12-03,Excellent,4,YES,73
M01413,2021-07-05,GOOD,5,no,39
M04088,2024-08-03,Poor ,2,Yes,48
M01522,2021-06-20,Excellent,5,Yes,15
M01806,2019-11-23,good,2,YES,83
M00129,2022-02-20,Poor ,5,no,92
M09743,2022-03-22,poor,4,no,49
M03316,2024-08-23,GOOD,2,yes,56
M00780,2023-04-06,GOOD,1,yes,53
M00575,2020-03-10,poor,4,NO,46
M02190,2022-05-10,poor,4,yes,48
M03494,2020-03-27,Excellent,1,y,38
M04000,2024-11-17,poor,3,no,10
M02674,2022-01-04,Good,5,NO,56
M03510,2019-03-17,GOOD,5,Yes,13
M04687,2020-01-08,Poor ,3,yes,99
M00359,2023-10-04,good,4,YES,48
M00692,2020-09-09,GOOD,5,Yes,6
M02244,2022-04-09,,3,n,88
M00304,2022-12-05,Fair,1,yes,1
M09438,2019-06-07,fair,1,No,63
M00947,2021-03-15,fair,3,n,80
M02115,2021-07-14, excellent,3,No,17
M01280,2023-08-25, excellent,1,NO,48
M01887,2019-06-02,fair,1,No,48
M01441,2024-05-07,poor,,no,72
M01527,2019-10-26,GOOD,4,Yes,70
M01770,2023-02-01,good,3,YES,69
M03308,2023-10-15,GOOD,3,y,58
M00130,2021-08-13,good,4,yes,
M00551,2020-01-18, excellent,2,y,6
M00648,2022-08-19,Poor ,3,NO,96
M01787,2023-11-14,fair,3,n,81
M02232,2022-07-22,fair,1,No,86
M02539,2021-09-01,Poor ,5,YES,30
M00530,2022-12-11,Poor ,1,n,61
M01456,2022-04-24,Good,5,No,67
M02708,2019-02-18,Fair,3,yes,45
M02883,2022-07-16,Good,,no,6
M01877,2021-01-03,fair,4,n,71
M02666,2023-09-09,,2,yes,41
M03305,2020-08-02, excellent,4,Yes,55
M02773,2021-07-25,Fair,3,n,88
M01635,2019-01-03,Excellent,,y,23
M00236,2024-05-08,Good,1,Yes,35
M02555,2019-04-03,GOOD,4,no,42
M00977,2023-10-06,fair,3,YES,59
M03924,2020-03-17, excellent,5,no,8
M04408,2022-09-20,Fair,4,no,62
M02450,2022-06-21,Excellent,5,no,44
M02877,2019-07-23,Excellent,2,YES,91
M01468,2023-08-06,Fair,,no,97
M02611,2023-12-03,good,4,n,93
M04068,2021-06-13,Poor ,2,Yes,81
M04810,2023-12-16,Fair,2,yes,14
M04470,2023-02-24,GOOD,2,y,48
M04200,2020-06-21, excellent,2,NO,14
M02751,2021-05-05,GOOD,2,n,87
M01600,2019-04-12,Poor ,3,n,43
M04893,2023-07-01,Fair,4,Yes,62
M03639,2020-02-15, excellent,1,yes,
M03181,2021-01-11,Good,4,Yes,8
M03350,2024-11-02,good,3,No,91
M00768,2020-03-08,poor,5,y,19
M01974,2020-12-14, excellent,3,YES,40
M00488,2024-02-05,GOOD,5,no,95
M01126,2021-07-05,,4,No,65
M03755,2020-06-11,good,5,No,76
M09680,2019-12-16,good,5,n,18
M01436,2024-09-13,Good,3,No,43
M01697,2024-06-28,Good,5,No,76
M00453,2020-11-10,Fair,2,y,38
M01630,2022-02-14,Excellent,1,n,83
M02149,2024-09-22,Good,4,y,5
M04775,2023-04-16,Fair,4,n,40
M02423,2021-12-24,Good,1,Yes,60
M04285,2021-06-19,Poor ,3,yes,24
M04641,2019-02-01,fair,4,NO,67
M02774,2024-04-08,good,2,y,59
M03569,2024-08-25,poor,3,YES,16
M00758,2019-12-28,fair,2,yes,-10
M04069,2022-05-21,good,1,Yes,49
M03466,2022-05-02,good,,yes,27
M02633,2024-10-02,Good,1,NO,-10
M02433,2024-10-27,GOOD,4,y,86
M04045,2020-09-04,Excellent,4,no,27
M03170,2020-11-08,GOOD,2,n,3
M03847,2024-10-12,Fair,1,YES,78
M03094,2019-05-06,GOOD,4,No,55
M01792,2019-08-10,good,4,YES,3
M00814,2023-07-15,good,4,no,5
M01366,2021-03-14,GOOD,3,yes,95
M01890,2019-03-28,good,4,no,90
M02573,2019-06-04,,4,Yes,67
M04519,2022-03-12,good,5,No,100
M01255,2021-11-13,,1,n,-10
M01921,2019-06-19,fair,5,y,50
M01387,2024-09-15,Poor ,1,Yes,89
M01395,2020-05-09,fair,2,no,76
M04120,2019-06-27,Poor ,3,YES,10
M03042,2020-04-21,Good,4,YES,
M01523,2024-02-12,Poor ,4,Yes,58
M04382,2020-03-24,good,4,YES,18
M01455,2023-02-17,good,4,no,66
M00318,2019-12-02,GOOD,2,y,34
M03207,2020-11-05,Good,0,yes,72
M03418,2023-10-20, excellent,1,YES,
M00122,2020-10-03,,4,no,49
M03856,2023-05-27, excellent,3,YES,48
M00583,2021-11-24, excellent,3,Yes,16
M04345,2022-07-05,Excellent,5,No,90
M02114,2023-09-09,Poor ,5,n,76
M02230,2022-06-13,Excellent,4,No,51
M04109,2022-11-19,fair,1,YES,55
M03370,2024-12-01,,2,y,39
M04433,2021-12-13,Excellent,2,NO,5
M03455,2022-06-08,good,,NO,4
M04213,2020-09-10,Good,5,y,79
M00978,2020-12-18,fair,2,yes,77
M04155,2023-08-07,GOOD,1,Yes,27
M03320,2020-03-27,,99,YES,72
M00672,2020-01-28,GOOD,4,No,23
M01500,2024-02-03,Excellent,3,Yes,75
M02124,2020-08-28,GOOD,3,YES,
M04043,2019-09-04,Fair,1,YES,14
M01888,2019-06-22,fair,3,no,93
M02533,2024-11-22,Fair,3,YES,13
M00979,2022-04-14,,2,n,9
M03788,2019-11-21,poor,1,Yes,8
M03288,2021-03-24,Fair,2,n,68
M04184,2022-10-05,Poor ,5,no,52
M01161,2019-10-18, excellent,2,Yes,85
M00380,2019-02-24, excellent,1,Yes,19
M04445,2023-04-22,Excellent,3,no,50
M01677,2019-01-10,GOOD,1,No,76
M02014,2023-11-02,good,3,yes,44
M00906,2019-05-21,fair,4,yes,7
M01980,2019-08-07,Excellent,3,yes,84
M01914,2024-02-01,Good,3,yes,71
M01227,2020-02-05,fair,2,Yes,4
M00474,2021-05-03,fair,4,Yes,69
M03988,2022-09-14,good,4,YES,39
M00826,2023-03-09,GOOD,1,yes,17
M03966,2020-12-24,Excellent,1,YES,22
M00054,2022-10-28,fair,4,y,31
M01390,2020-01-11,poor,5,Yes,11
M03204,2021-12-18,Poor ,3,YES,17
M00513,2023-02-10,fair,3,n,25
M01220,2022-09-08,Good,4,y,88
M02267,2019-07-03,GOOD,3,yes,40
M02348,2024-08-21,good,1,NO,43
M00641,2020-02-26,good,3,y,97
M03270,2020-01-03,Fair,3,yes,46
M04116,2020-09-04,Good,5,Yes,60
M01699,2023-08-06, excellent,1,NO,69
M03507,2023-04-11,Poor ,4,yes,26
M00739,2020-10-25,fair,,y,71
M01696,2021-08-17,Excellent,3,n,36
M02748,2021-11-20,GOOD,2,No,82
M04805,2019-03-07,Fair,1,NO,27
M04858,2022-05-28,fair,3,Yes,70
M01121,2021-08-09,Poor ,5,Yes,62
M01096,2023-03-13,Excellent,3,n,98
M03096,2019-02-25,Fair,5,yes,72
M02457,2022-01-13,Excellent,3,YES,39
M04798,2021-11-25,good,5,no,37
M01406,2019-05-20,good,5,no,47
M04134,2020-08-03,fair,3,y,16
M02918,2020-09-01,Excellent,4,Yes,14
M02366,2020-11-19,good,4,NO,0
M03156,2022-01-11,good,1,Yes,26
M00506,2020-03-14,Fair,2,no,61
M02144,2020-07-21,fair,2,yes,
M01303,2024-05-28,Poor ,5,no,11
M00082,2019-01-11,Fair,4,Yes,94
M02153,2022-06-25,GOOD,4,Yes,54
M09350,2021-04-26,poor,4,NO,17
M04528,2024-03-15, excellent,1,yes,39
M04601,2024-04-05,GOOD,5,No,99
M00208,2020-01-17,Good,2,YES,53
M01450,2019-07-18,Poor ,5,y,150
M03196,2019-08-27,poor,5,no,84
M03588,2024-02-01, excellent,4,Yes,51
M03795,2024-06-21,poor,5,no,92
M04289,2023-03-03,fair,2,y,55
M00502,2020-08-03,GOOD,3,no,12
M01282,2022-08-04,GOOD,3,YES,1
M02337,2021-09-01,fair,1,NO,27
M02147,2019-07-14,Poor ,2,No,5
M04343,2022-06-14,Excellent,3,y,79
M03236,2020-09-23,fair,1,No,76
M02793,2021-04-23,Good,4,NO,89
M03222,2021-11-06,good,0,No,16
M03128,2020-03-05,good,4,yes,59
M02914,2019-01-19,good,1,yes,23
M02826,2020-07-05, excellent,3,no,71
M02594,2020-03-12,Excellent,2,No,98
M03020,2022-02-12,Good,1,Yes,62
M01641,2024-12-25,Good,2,YES,59
M03079,2023-06-02,GOOD,2,y,80
M00774,2024-05-21,GOOD,4,y,12
M02851,2022-04-11,GOOD,5,no,44
M01078,2024-10-08,good,5,yes,73
M00187,2020-04-05, excellent,4,y,51
M03182,2022-11-04,Good,2,Yes,29
M02743,2019-06-18,good,,no,92
M03798,2023-03-09,poor,5,Yes,29
M01719,2023-03-08,Poor ,1,Yes,24
M01874,2023-09-06,fair,5,no,85
M03575,2021-03-13,Excellent,5,yes,78
M03497,2021-05-02,Good,3,YES,88
M04055,2019-03-23,GOOD,2,YES,69
M00434,2020-10-25,Fair,4,NO,75
M00926,2022-12-27,poor,,y,96
M00689,2019-08-27,fair,4,YES,59
M02786,2022-07-12,GOOD,5,y,36
M02945,2024-06-23,Fair,1,yes,32
M02200,2021-03-07,Good,1,Yes,45
M03994,2019-10-18,Excellent,99,YES,67
M03958,2022-10-20,Excellent,2,y,5
M02359,2023-07-24,Good,,YES,79
M01906,2023-02-21,Good,2,YES,11
M00840,2021-09-13,Poor ,2,no,65
M00810,2021-05-15,good,5,y,60
M03120,2022-08-14,Fair,3,n,68
M01540,2023-07-27, excellent,2,yes,42
M00824,2022-11-16,Poor ,4,no,87
M02471,2020-03-27,GOOD,3,No,51
M03850,2019-06-14,good,2,no,67
M04257,2019-05-11,fair,1,No,96
M03537,2023-07-23,fair,2,Yes,54
M02075,2019-10-26,good,1,NO,62
M03337,2021-04-03,GOOD,5,Yes,54
M03202,2024-01-14, excellent,4,No,150
M04490,2024-01-18,poor,2,NO,29
M02444,2022-04-20,Good,4,No,100
M00116,2022-11-17,Good,1,YES,73
M02397,2023-06-07,Good,1,no,28
M04428,2023-01-18,GOOD,1,No,73
M02165,2020-01-26,GOOD,1,Yes,74
M02068,2021-06-21,Fair,5,no,88
M02569,2024-11-11, excellent,2,YES,14
M00109,2022-08-04,good,2,y,71
M00855,2020-03-27,Good,3,NO,43
M01458,2022-07-25, excellent,3,YES,29
M00225,2024-03-06,GOOD,2,No,79
M02669,2021-06-06,good,4,n,86
M09081,2023-09-02,Excellent,5,No,8
M01816,2021-05-11,good,1,n,82
M02572,2019-04-09,good,1,Yes,73
M01742,2021-01-26,Fair,2,no,39
M00881,2022-05-26,Poor ,2,Yes,68
M03427,2023-06-18,GOOD,5,NO,39
M04099,2022-07-25,Good,3,Yes,23
M02787,2021-09-18,fair,4,NO,54
M02224,2022-10-04,Poor ,4,no,36
M03330,2020-03-26,Good,3,No,80
M03775,2022-08-03,Excellent,2,YES,4
M01228,2020-07-02,Excellent,1,No,81
M03200,2019-06-13,good,2,Yes,38
M04705,2023-01-16,Fair,3,Yes,88
M03546,2024-04-18,Excellent,1,YES,33
M02722,2020-10-12,Poor ,4,no,8
M00789,2019-02-04,poor,3,no,100
M02858,2020-01-28,Excellent,1,No,88
M02435,2021-09-24,Good,1,No,83
M00778,2021-12-25,Good,2,NO,30
M00466,2024-03-25,poor,1,YES,17
M02880,2023-12-15,poor,3,yes,37
M04235,2020-02-11, excellent,,Yes,53
M03520,2023-02-14,Poor ,1,no,91
M01743,2023-01-08,Poor ,3,no,62
M04154,2022-07-03,Poor ,3,Yes,81
M00569,2024-08-22,poor,5,n,33
M00863,2023-07-05,good,5,n,
M01603,2024-10-06,GOOD,4,y,55
M04359,2020-04-11,Good,1,Yes,83
M01464,2019-08-22,good,3,Yes,34
M01680,2024-05-24,good,2,NO,49
M01067,2022-03-11,Excellent,5,YES,89
M01012,2022-05-04, excellent,4,y,1
M03030,2019-02-19,poor,2,yes,30
M00162,2021-09-28,good,4,yes,52
M01261,2022-03-22,poor,5,No,61
M02732,2023-08-07,fair,3,Yes,78
M03343,2021-03-12,Excellent,,yes,43
M03584,2019-01-09,fair,4,no,45
M03714,2022-07-23, excellent,3,yes,46
M03843,2022-03-11,good,4,y,6
M02342,2021-11-12, excellent,2,n,75
M04735,2019-04-19,GOOD,1,Yes,
M00013,2024-08-10,good,5,y,3
M02984,2023-02-15, excellent,99,YES,60
M02396,2021-12-04,fair,1,y,5
M01562,2020-06-15,Poor ,5,n,23
M01307,2020-05-16,Fair,5,No,5
M01753,2019-07-11,good,5,yes,26
M02768,2019-09-20,good,4,Yes,38
M02617,2022-06-05,Excellent,3,yes,48
M04844,2019-01-22,poor,,Yes,60
M03091,2022-07-15,Excellent,1,y,60
M01667,2020-06-13,good,1,y,38
M09383,2021-03-20,poor,1,yes,75
M00564,2022-09-02,Fair,5,NO,3
M00191,2024-12-10,Fair,1,No,94
M01359,2020-02-17,GOOD,3,n,7
M00206,2021-01-09,good,1,Yes,66
M04246,2022-11-23,GOOD,,YES,57
M00079,2021-02-27,Excellent,3,Yes,53
M03913,2019-06-03,Good,1,yes,89
M00076,2024-12-05,Good,3,No,90
M09858,2022-04-23,Poor ,5,n,90
M00399,2020-07-21,good,1,No,9
M02913,2022-01-06,Poor ,5,y,93
M04452,2020-01-22,fair,1,yes,31
M03801,2019-05-27,Good,3,yes,62
M03553,2020-01-26,good,,n,22
M03777,2024-10-09,Excellent,5,No,90
M01368,2020-09-14,good,3,no,92
M00239,2021-11-21,Poor ,4,YES,76
M00527,2019-02-11,poor,5,Yes,63
M02412,2020-11-01,Good,5,Yes,1
M04364,2022-05-18,fair,1,yes,73
M04441,2019-03-27, excellent,2,NO,93
M03462,2021-05-13,Good,2,no,93
M00819,2024-01-03,fair,5,n,86
M03695,2024-06-01,poor,3,y,64
M00366,2019-02-02,GOOD,,yes,1
M01013,2022-04-17,Good,5,No,100
M01111,2023-01-10,GOOD,1,NO,
M03794,2024-11-11, excellent,5,YES,37
M02158,2024-12-27,Poor ,4,no,59
M04448,2022-10-21,Fair,2,NO,72
M02476,2022-08-19, excellent,5,YES,59
M03456,2021-05-21,GOOD,99,YES,41
M01127,2023-02-06,good,4,YES,8
M04491,2022-09-23,Fair,4,NO,10
M02295,2020-11-15,Fair,2,no,72
M02256,2024-07-27,Good,3,n,2
M03457,2019-04-10,GOOD,2,y,150
M04062,2019-01-09, excellent,4,no,50
M04291,2021-07-15,GOOD,2,NO,35
M00679,2024-12-14,Excellent,4,n,7
M04739,2019-06-02,GOOD,3,Yes,87
M03172,2021-03-09,Good,1,n,82
M04803,2020-06-23,Good,5,yes,30
M02524,2023-08-17, excellent,1,yes,31
M01712,2024-09-09,fair,2,y,11
M01017,2023-10-18,Excellent,2,no,79
M00229,2024-01-09,Excellent,5,YES,80
M02065,2021-03-19,Poor ,3,No,75
M03518,2022-11-14,GOOD,1,no,15
M04158,2021-07-03,good,3,No,14
M03918,2021-04-17,,1,y,51
M04824,2022-01-13,good,2,Yes,18
M01205,2024-06-01,Good,5,n,19
M03301,2022-09-10,Poor ,4,n,13
M00309,2021-02-16,GOOD,5,Yes,72
M02321,2023-04-18,GOOD,1,n,12
M03307,2022-04-10,Fair,3,NO,56
M02654,2023-08-27,Good,,Yes,29
M00398,2022-11-10,,5,n,5
M01122,2022-02-22,good,,y,83
M00422,2021-09-25,poor,2,yes,74
M04609,2022-09-27,GOOD,4,NO,77
M02764,2020-10-27,fair,3,YES,7
M00383,2024-04-23,fair,4,NO,15
M00870,2022-11-02,good,3,YES,94
M01556,2019-01-16,Poor ,5,y,67
M02482,2023-02-15,Fair,3,no,100
M03098,2021-04-05,Fair,4,y,63
M04453,2021-10-26,poor,,yes,86
M02196,2024-10-01,good,4,Yes,29
M01349,2022-03-13,fair,2,No,21
M03478,2021-07-22, excellent,2,No,79
M03061,2021-07-03,Fair,2,No,14
M00699,2024-12-19,Good,4,Yes,91
M01721,2020-02-07,Excellent,1,YES,31
M01004,2021-11-13,poor,1,NO,61
M03235,2024-04-08,Excellent,5,no,1
M01795,2021-03-25,Excellent,3,Yes,78
M04336,2020-04-19,Poor ,1,Yes,82
M00057,2021-05-24,GOOD,5,no,22
M04481,2021-08-14,GOOD,4,no,14
M04149,2023-01-17,Fair,1,n,59
M04590,2024-08-20,Excellent,1,no,35
M00618,2020-06-22,Excellent,1,Yes,100
M01991,2020-08-18,Excellent,3,Yes,48
M03812,2019-03-26,poor,1,n,54
M00231,2019-09-01,good,3,Yes,53
M01733,2020-03-11, excellent,5,NO,5
M00272,2024-01-14,Excellent,3,yes,96
M01392,2019-09-14,GOOD,2,n,1
M03804,2021-06-17,Poor ,2,y,63
M00656,2023-03-13,Excellent,2,No,79
M03912,2020-12-24,poor,,no,41
M00137,2023-02-22,fair,2,NO,21
M03385,2023-02-11,Fair,2,YES,25
M00903,2020-09-07,good,3,no,
M03829,2019-01-16,Good,5,n,99
M01417,2021-10-27, excellent,4,no,63
M03174,2020-10-05,Good,5,YES,100
M03413,2020-05-10, excellent,2,no,64
M00509,2021-12-20,Poor ,1,n,58
M03130,2024-08-06,Poor ,4,y,
M04123,2020-01-15,Fair,5,No,19
M00492,2019-09-05,Poor ,1,y,67
M04399,2023-10-12,Excellent,0,No,75
M02354,2023-11-04,GOOD,,No,83
M01577,2019-06-13,fair,5,YES,46
M02326,2019-12-15,Fair,4,yes,75
M00307,2021-12-13,,4,Yes,40
M02564,2024-07-18,Poor ,,no,55
M02941,2022-02-16,good,2,n,9
M00491,2020-12-10,Poor ,2,no,-10
M04274,2019-04-01,fair,3,Yes,10
M02184,2020-07-24,GOOD,2,Yes,4
M01924,2022-01-09,poor,4,n,53
M03491,2022-07-17,good,2,n,86
M04806,2019-05-19,GOOD,5,n,45
M01873,2019-07-22,Good,4,y,89
M02341,2020-02-20,Excellent,2,Yes,59
M00127,2021-12-09,Excellent,2,YES,87
M00468,2022-02-24,Fair,3,n,33
M03417,2022-10-19,GOOD,3,yes,23
M01666,2022-03-02,Fair,2,no,84
M03441,2019-10-06,Good,5,y,74
M00120,2020-08-05,good,2,NO,87
M03979,2021-02-10,Fair,1,no,87
M01933,2024-01-03,Poor ,,No,4
M02901,2022-07-20,Fair,1,Yes,40
M03522,2021-07-16,Fair,0,y,13
M02575,2023-05-22,fair,3,y,40
M01439,2024-12-05,Fair,5,NO,94
M01616,2020-07-13, excellent,1,NO,5
M02413,2024-03-20,good,,YES,49
M01552,2020-07-14,Good,5,y,150
M00563,2021-10-20,poor,3,YES,90
M00464,2021-02-10,poor,4,y,6
M04324,2024-06-06,fair,1,no,54
M01321,2022-09-24, excellent,,no,84
M00419,2023-07-13,poor,3,No,18
M03171,2024-07-01,Good,4,Yes,77
M02372,2023-02-22, excellent,4,NO,43
M04192,2019-05-28,GOOD,,Yes,25
M01315,2019-09-11,Excellent,0,No,11
M00804,2020-08-26,Fair,4,yes,54
M04209,2022-11-03,Fair,5,no,75
M00635,2019-02-27,good,5,NO,76
M00320,2020-12-28,Fair,1,Yes,35
M02089,2019-03-03,poor,2,NO,9
M04725,2022-07-01,,1,n,79
M00739,2020-10-25,fair,,y,71
M04024,2020-05-24,good,,NO,30
M04707,2020-04-26,GOOD,1,yes,52
M03925,2022-07-03,fair,3,yes,89
M03238,2024-05-02,good,1,n,51
M03389,2020-01-05,Excellent,2,yes,65
M00640,2023-05-13,fair,3,no,44
M00886,2019-04-27,Fair,2,no,91
M04496,2022-03-21,Poor ,1,no,40
M03284,2023-05-23,GOOD,5,no,14
M04381,2023-12-09,good,5,n,20
M02946,2022-09-05,Fair,1,NO,92
M04273,2019-04-14, excellent,2,n,
M00133,2020-03-07,Excellent,3,y,36
M00198,2020-11-17,good,3,NO,59
M04728,2019-04-14,poor,4,NO,
M00833,2022-02-17,Fair,2,n,44
M01207,2022-06-20,Good,2,no,22
M04480,2024-11-04,Excellent,4,NO,49
M00212,2020-09-09,Good,5,NO,94
M01761,2023-09-25,GOOD,1,yes,8
M02781,2024-08-05,Fair,5,n,28
M00844,2022-03-26,fair,5,no,83
M04156,2021-11-19,Good,1,No,42
M03011,2021-04-18, excellent,,no,85
M04482,2021-02-10,poor,5,n,33
M01046,2023-02-24,fair,5,y,73
M03888,2021-10-10,Good,5,y,41
M00772,2020-10-13,Excellent,4,n,12
M01418,2022-09-17,good,5,NO,19
M04608,2022-06-01,GOOD,5,No,31
M02672,2023-09-10,Fair,5,n,96
M02992,2023-11-28,Excellent,1,No,91
M01538,2022-06-28,poor,5,No,28
M03184,2024-06-11,Poor ,5,yes,52
M01725,2023-07-22,GOOD,2,YES,8
M02106,2020-09-15,fair,,n,95
M03904,2022-05-25,Good,1,no,29
M04654,2024-08-18,Poor ,2,YES,97
M02242,2022-11-08,Poor ,1,Yes,97
M01285,2023-03-22,good,,yes,84
M02428,2021-01-10,fair,5,YES,23
M02947,2024-09-06,Poor ,1,yes,93
M01229,2023-08-03, excellent,4,YES,64
M03936,2020-05-10,GOOD,4,YES,86
M01334,2023-11-21,Poor ,2,n,91
M04247,2022-11-19,fair,1,yes,31
M01356,2019-12-01,Poor ,4,Yes,78
M01812,2024-08-07,good,3,y,35
M02577,2023-02-09,good,1,no,73
M04373,2023-09-19,good,3,NO,64
M01521,2024-12-12,Poor ,4,no,75
M03506,2020-04-15,poor,4,yes,32
M03956,2019-04-10, excellent,,n,82
M03733,2021-06-01, excellent,4,YES,33
M04610,2024-09-01,good,5,no,36
M00188,2022-09-07,Excellent,0,NO,36
M02563,2020-09-12,poor,1,y,19
M04718,2021-04-03,fair,3,NO,8
M03083,2024-02-09,fair,1,Yes,17
M04230,2019-04-07,Poor ,1,NO,3
M01029,2024-08-02,poor,3,Yes,4
M00174,2022-03-16,good,3,y,44
M01376,2021-06-02, excellent,5,No,
M02817,2020-10-13,good,3,no,65
M01665,2023-05-20, excellent,2,n,73
M03551,2019-02-27, excellent,2,YES,50
M03448,2023-01-03, excellent,3,y,51
M01807,2020-03-10,Poor ,3,Yes,21
M02216,2023-09-13,Fair,3,YES,40
M02754,2021-11-03, excellent,3,YES,22
M04203,2019-04-13,Good,4,n,60
M09450,2024-01-19,poor,4,YES,19
M04444,2023-02-14,Fair,3,yes,83
M03622,2021-04-01,fair,3,y,100
M04288,2020-01-01,fair,5,no,89
M01328,2021-01-06,good,1,No,15
M03379,2022-04-16,Poor ,2,yes,69
M00344,2020-08-07,Poor ,2,NO,83
M00414,2022-07-27,fair,3,YES,24
M00632,2021-12-14,Fair,3,n,91
M01015,2023-07-05,Poor ,3,yes,73
M01589,2021-12-12,poor,,n,8
M03438,2024-09-21,poor,3,yes,65
M00165,2019-02-24,GOOD,5,y,11
M03748,2021-07-01, excellent,4,No,13
M00292,2023-01-16,fair,2,yes,76
M04076,2021-01-15, excellent,4,No,29
M00623,2020-10-17,Excellent,3,YES,68
M03930,2020-12-12,fair,2,No,50
M00602,2024-02-01,good,2,y,69
M02418,2021-10-10,GOOD,3,n,98
M00123,2021-01-18,Good,5,YES,90
M02316,2019-03-28,GOOD,5,n,2
M03046,2020-10-22,good,3,yes,67
M04051,2022-07-14,GOOD,,y,
M02960,2023-06-10, excellent,3,n,76
M01530,2021-04-27, excellent,5,Yes,0
M03532,2021-07-22,fair,4,Yes,40
M03101,2022-09-12,Fair,2,Yes,53
M01090,2024-04-21,Excellent,2,Yes,46
M03573,2021-10-19,Excellent,2,yes,76
M03830,2023-02-09,Excellent,1,No,92
M00879,2023-02-25,poor,0,YES,75
M01389,2022-11-08,Poor ,3,NO,34
M00351,2020-11-12,GOOD,2,NO,
M03060,2023-03-01,GOOD,3,no,78
M00408,2022-10-05,Excellent,1,NO,71
M04071,2022-07-16, excellent,5,no,24
M00734,2022-12-06, excellent,5,n,85
M00396,2023-03-15,fair,5,no,53
M03717,2024-02-20,Good,3,Yes,
M04179,2021-03-23,Excellent,2,y,16
M00954,2023-01-18,Excellent,5,y,5
M04089,2022-03-18,fair,2,NO,12
M04020,2019-03-15,poor,1,No,55
M01614,2022-04-10, excellent,4,NO,88
M00842,2020-06-20,Fair,0,n,45
M03327,2024-04-08,Excellent,5,yes,150
M01491,2023-07-24,Poor ,2,Yes,21
M02391,2020-06-25,fair,1,n,46
M03772,2021-10-22,Good,4,NO,43
M00411,2023-08-13,Excellent,1,no,5
M02523,2019-02-15,Good,2,No,68
M02334,2022-07-17,poor,4,no,90
M01642,2020-12-16,good,4,Yes,6
M03464,2023-06-03,GOOD,4,yes,93
M03851,2020-06-16,good,3,NO,93
M04797,2021-08-21,good,4,y,76
M00643,2024-04-28,GOOD,3,yes,36
M09297,2023-05-15,Fair,1,No,88
M03333,2019-06-25,Poor ,0,y,54
M00444,2022-08-10, excellent,3,NO,91
M02615,2021-08-04,good,4,Yes,30
M03964,2024-01-02, excellent,2,Yes,43
M02139,2021-06-24,Excellent,2,YES,
M00264,2024-09-03,Fair,,yes,150
M04708,2023-04-25,Good,5,YES,97
M01928,2019-11-17,,2,n,45
M03254,2024-05-16,fair,5,y,11
M00019,2022-07-19,fair,3,no,90
M01624,2020-04-23, excellent,3,No,9
M04631,2022-10-22,Good,3,No,38
M01934,2021-05-03,fair,1,y,50
M01754,2020-12-03,Poor ,4,YES,29
M01072,2020-06-16,Fair,5,No,22
M00846,2023-01-26,Poor ,5,y,58
M01216,2020-01-17,,2,no,19
M00073,2020-07-28,Good,2,n,54
M02172,2021-04-08,Poor ,3,y,38
M00392,2022-10-01,Excellent,4,No,68
M02834,2022-06-20,GOOD,4,YES,57
M04643,2022-10-16,,3,no,77
M01159,2022-03-14,poor,3,Yes,29
M01987,2020-03-02,Poor ,4,y,76
M00333,2021-03-06,GOOD,3,YES,53
M03809,2023-09-05,Poor ,5,NO,80
M04207,2020-07-17,poor,,yes,45
M00531,2019-07-07,Poor ,1,No,71
M03260,2023-11-22,fair,1,yes,39
M03378,2020-10-01,good,4,Yes,41
M02000,2022-04-18,poor,4,No,48
M01629,2023-05-17,Good,2,y,59
M00508,2024-08-20,Poor ,3,no,150
M01729,2022-07-21,Good,4,no,68
M01490,2021-04-01,Good,4,y,150
M02239,2024-11-09,poor,2,no,
M03088,2019-06-23,fair,2,yes,5
M02484,2023-01-12,poor,1,y,10
M04387,2024-08-17,good,3,Yes,
M03971,2021-08-18, excellent,1,No,96
M01290,2022-12-25,poor,1,yes,41
M00925,2024-05-14,,4,yes,58
M04347,2021-10-07, excellent,1,n,50
M00574,2024-08-23,good,5,No,
M04498,2022-10-07,Poor ,5,yes,50
M09495,2019-09-15, excellent,5,no,14
M04391,2019-08-27,,4,NO,94
M02729,2023-07-14,good,,YES,83
M02995,2022-12-06,fair,4,y,73
M02440,2022-04-28,poor,5,n,98
M00980,2020-09-23,Fair,1,YES,52
M03608,2022-12-07,GOOD,4,y,8
M02012,2022-02-11, excellent,2,y,24
M02923,2019-05-16,poor,4,Yes,31
M04272,2024-12-21,fair,4,NO,75
M03482,2021-04-27, excellent,4,n,18
M01789,2019-08-13,Good,2,y,59
M02968,2021-01-26,GOOD,,No,7
M02755,2020-08-09,GOOD,3,NO,30
M02568,2020-07-02,GOOD,1,y,
M00853,2019-06-01, excellent,2,no,18
M00858,2022-04-20,fair,5,y,0
M02431,2019-08-23,Fair,1,Yes,94
M04645,2019-10-01,fair,5,y,21
M04286,2021-10-28,Excellent,1,YES,76
M02449,2024-05-15,Poor ,1,YES,74
M01263,2021-03-09,Excellent,5,n,15
M00992,2019-08-02,Poor ,4,No,38
M03943,2022-03-05,Poor ,1,no,89
M02040,2023-07-11,Fair,3,n,27
M00601,2019-08-17,Poor ,1,No,19
M01442,2021-03-12,Good,4,NO,36
M01332,2020-08-11,Good,4,YES,16
M04268,2021-03-17,Poor ,3,YES,78
M09926,2021-07-14,GOOD,5,No,10
M04348,2024-05-21, excellent,1,YES,15
M00390,2020-10-04,GOOD,,NO,55
M09049,2021-08-19,,3,no,
M03568,2020-07-25,fair,2,yes,76
M02570,2019-12-15,fair,4,y,10
M01607,2022-10-08,GOOD,4,Yes,45
M00473,2022-10-02,fair,2,No,80
M00965,2024-03-24, excellent,5,y,41
M03392,2023-02-26,Poor ,1,n,49
M04335,2022-06-12,Good,3,Yes,56
M02885,2024-10-06,poor,1,NO,51
M04321,2024-12-03,GOOD,2,NO,31
M01175,2022-12-25,good,3,NO,61
M00296,2019-09-18,Fair,3,yes,88
M03692,2022-11-14,Good,5,YES,82
M02468,2024-04-25,Poor ,2,Yes,61
M01206,2019-01-22,Good,,n,45
M00039,2019-12-18,,5,no,9
M01069,2019-02-27,poor,1,Yes,26
M01324,2024-11-02,good,2,No,59
M02597,2023-12-23,GOOD,2,No,46
M03123,2024-12-20,Excellent,2,yes,21
M04198,2024-10-20, excellent,4,yes,84
M01235,2021-01-20,Excellent,4,no,7
M04004,2019-03-22,Fair,3,No,150
M01442,2021-03-12,Good,4,NO,36
M01407,2019-04-23,GOOD,1,NO,61
M09836,2024-01-04,Poor ,,n,7
M03223,2022-11-22, excellent,1,n,80
M02631,2024-12-01,fair,1,n,15
M00197,2022-03-01,good,4,NO,54
M04650,2023-05-01,good,1,YES,35
M00234,2024-08-24,poor,3,Yes,76
M04522,2019-08-01, excellent,1,n,53
M02893,2023-05-07,fair,5,NO,41
M00485,2019-11-13,poor,5,y,66
M01352,2020-12-13, excellent,3,yes,49
M01021,2023-05-23,Poor ,5,YES,55
M04483,2023-11-15,fair,2,no,72
M00295,2019-08-18,Fair,3,y,83
M03828,2022-03-10,poor,5,NO,27
M01508,2024-03-07,Poor ,5,YES,54
M02474,2021-09-23,Excellent,3,no,95
M00489,2019-09-24,GOOD,5,Yes,79
M02454,2020-02-01,,,YES,27
M02503,2021-10-03,fair,2,Yes,93
M02955,2020-10-09,Fair,2,y,96
M01193,2023-11-14,GOOD,5,y,21
M01880,2022-06-01,fair,1,no,61
M01640,2021-01-06,Fair,1,NO,5
M02361,2019-10-01, excellent,4,NO,3
M01893,2024-01-24, excellent,1,no,52
M03655,2020-06-15,Excellent,5,no,47
M01562,2020-06-15,Poor ,5,n,23
M04673,2020-02-07,Excellent,5,no,87
M02698,2023-11-25,good,5,NO,37
M00358,2020-09-07,Poor ,2,yes,49
M03555,2019-10-26,good,3,yes,36
M04297,2024-01-13,Good,4,YES,39
M00937,2019-11-24,fair,3,n,86
M01927,2021-10-17,GOOD,1,y,64
M03032,2021-07-06,Fair,2,No,42
M00801,2021-06-15,good,4,YES,150
M04046,2020-02-14,Fair,1,n,29
M00943,2023-04-10,Excellent,2,YES,47
M02969,2021-11-21,fair,4,no,41
M04758,2020-01-06,Good,3,Yes,31
M03917,2023-12-28,Excellent,2,Yes,54
M04414,2022-04-23, excellent,5,y,35
M00126,2023-03-13,good,2,n,47
M03134,2024-12-05,Good,3,no,54
M01983,2021-02-25,Good,2,n,25
M01042,2020-12-16,Poor ,4,YES,66
M00087,2023-04-28,Fair,2,no,26
M02929,2023-02-20,poor,2,no,30
M00805,2024-02-20,Poor ,2,no,150
M02668,2022-10-26,Fair,3,no,37
M03009,2024-09-03,fair,3,y,78
M03740,2022-01-27,Good,5,YES,51
M04276,2019-01-25,good,4,no,73
M01681,2020-02-20,Good,3,y,89
M03810,2019-06-21,Excellent,1,yes,3
M00125,2021-12-21,Good,2,n,38
M04564,2022-07-01, excellent,5,y,2
M01485,2024-11-03,Poor ,2,y,64
M03087,2019-12-24,Poor ,1,no,26
M00750,2021-07-01,good,4,Yes,0
M02614,2021-11-18, excellent,4,yes,48
M02734,2023-10-25, excellent,3,No,84
M00190,2022-12-06,fair,4,y,86
M03160,2023-05-18,Excellent,2,yes,54
M03422,2021-04-20, excellent,1,YES,57
M01033,2022-10-12,Excellent,2,YES,60
M02066,2019-07-21,poor,5,No,150
M02950,2022-11-18,poor,3,YES,44
M03467,2020-06-19,Excellent,3,n,60
M00289,2023-05-02,,3,yes,7
M02884,2024-11-03,fair,,yes,81
M04332,2021-03-22,Good,3,No,9
M03605,2019-09-17,Poor ,4,Yes,80
M00730,2022-02-10,Poor ,5,y,81
M02118,2021-09-07,Excellent,2,yes,75
M02208,2022-08-15,GOOD,1,yes,10
M04261,2021-05-20, excellent,1,n,53
M02087,2023-10-06,good,1,yes,8
M00673,2021-03-27,Fair,1,YES,11
M02414,2021-07-14,GOOD,3,no,18
M00011,2020-04-14,Poor ,1,Yes,28
M03939,2019-05-15,Poor ,2,n,19
M04208,2020-07-02,GOOD,1,NO,83
M03848,2021-02-03, excellent,4,No,54
M01551,2023-12-12,GOOD,2,n,94
M03814,2023-07-08,Fair,5,NO,73
M03686,2021-07-22,Poor ,1,Yes,24
M01709,2021-06-17,Excellent,5,yes,94
M02794,2021-04-23, excellent,2,yes,77
M04002,2024-07-05,poor,5,Yes,24
M01975,2021-05-13,Fair,2,n,37
M01109,2019-08-26,Good,2,no,85
M00028,2022-04-20,Fair,1,n,63
M04593,2019-07-23,Fair,4,NO,8
M01088,2019-08-10,Good,5,y,51
M00939,2020-03-09,good,5,yes,83
M00168,2023-08-02,Excellent,3,Yes,3
M03232,2021-08-10,Excellent,99,yes,61
M04476,2020-09-08, excellent,2,YES,73
M01051,2022-04-26, excellent,1,NO,43
M03907,2020-11-20,good,4,NO,51
M03278,2019-12-15,Good,4,no,30
M00720,2023-11-28,Fair,3,Yes,25
M00859,2021-09-22,good,5,no,59
M04384,2019-02-20,Excellent,1,y,89
M00022,2021-11-17,fair,2,Yes,65
M00565,2023-04-17,,2,no,39
M01932,2020-06-25,good,1,Yes,60
M03950,2023-11-25,Good,5,no,83
M04501,2020-06-18,Excellent,3,no,16
M01840,2019-01-09, excellent,2,NO,
M01369,2020-05-18,GOOD,5,yes,46
M02686,2019-04-13,Fair,5,no,49
M01451,2023-02-11,Poor ,3,n,95
M02576,2024-07-16,poor,1,n,41
M00962,2021-09-03,good,3,yes,77
M02510,2022-09-16, excellent,4,YES,19
M04097,2019-07-24,Fair,5,n,31
M02405,2024-09-16,good,1,n,75
M02780,2023-08-12,GOOD,4,YES,71
M03747,2024-04-25, excellent,1,yes,33
M02285,2021-12-25,Fair,2,no,82
M03825,2019-04-15,Good,5,y,18
M03188,2024-04-19,,2,n,31
M02562,2023-05-19,Fair,,Yes,80
M04169,2021-12-11,fair,2,n,84
M03736,2023-09-05,GOOD,4,y,18
M01673,2021-11-15, excellent,2,NO,68
M01070,2020-05-01,good,2,yes,7
M02621,2019-05-19, excellent,3,no,6
M03591,2019-08-23,good,2,Yes,0
M02333,2022-08-08,Fair,5,no,80
M00270,2022-08-12,fair,5,yes,27
M01385,2020-02-03,Fair,5,y,63
M03045,2019-03-04,fair,5,yes,7
M00448,2020-11-13,Excellent,4,No,59
M03027,2024-02-17,Good,0,yes,13
M02544,2024-12-24,poor,,No,41
M04263,2020-05-12,Good,2,NO,69
M02560,2023-07-04,poor,4,No,86
M03183,2023-12-04, excellent,2,yes,10
M03249,2019-02-15, excellent,3,YES,69
M02785,2019-09-07,poor,4,NO,25
M04655,2024-08-23,good,2,No,75
M01782,2024-03-16,good,1,yes,3
M03676,2021-07-28,GOOD,2,No,14
M04194,2022-05-13,Poor ,4,YES,42
M00637,2019-03-05,GOOD,2,NO,63
M04108,2022-05-10,Fair,3,Yes,87
M09052,2022-06-11, excellent,99,y,76
M04139,2023-03-07,Excellent,5,YES,55
M04548,2024-08-15,good,1,yes,70
M04600,2024-11-12,good,5,NO,60
M02603,2021-10-12,fair,1,no,76
M00158,2020-07-19,fair,3,no,46
M00838,2019-02-02, excellent,4,Yes,66
M03283,2022-12-19,good,3,n,83
M01082,2021-09-11,Good,1,no,93
M03372,2021-11-10,Good,5,yes,22
M00674,2024-10-18,Poor ,3,no,59
M02036,2022-09-27, excellent,1,YES,45
M00460,2024-10-01,Good,3,YES,94
M01881,2023-11-21,GOOD,4,y,76
M00898,2021-08-03,Good,3,YES,95
M01605,2019-02-22, excellent,4,yes,88
M01653,2019-11-15,Fair,5,n,76
M00199,2022-09-01, excellent,2,Yes,50
M04885,2022-02-18,good,2,no,47
M04612,2023-01-11,fair,4,YES,72
M00703,2024-08-27,good,4,Yes,79
M00717,2019-02-14, excellent,5,Yes,95
M04681,2023-10-08,good,1,Yes,60
M00968,2019-11-02,fair,3,YES,40
M02554,2023-03-13,Fair,4,NO,6
M01644,2020-11-06,Excellent,2,No,43
M00776,2024-02-01,fair,1,n,
M00072,2022-08-07,Excellent,2,y,32
M03387,2023-06-02,poor,2,Yes,46
M04053,2024-07-21,poor,2,NO,71
M03299,2023-08-17, excellent,3,n,24
M03209,2019-11-17,good,3,YES,19
M00425,2020-06-28,fair,1,no,24
M04785,2024-05-11,good,3,Yes,17
M02437,2021-05-07, excellent,2,y,78
M00887,2021-12-01,Fair,1,Yes,21
M03498,2020-02-16, excellent,1,YES,76
M00317,2020-04-13,Fair,3,yes,82
M03530,2020-11-13,Excellent,3,NO,35
M02394,2020-10-10,Good,3,yes,7
M01176,2019-04-21,fair,3,NO,5
M02580,2023-03-05,poor,5,y,24
M00298,2023-07-11,Fair,2,NO,150
M02422,2024-04-13,,2,YES,58
M00685,2024-01-17,Fair,1,Yes,12
M03535,2020-05-18,,5,YES,95
M02854,2019-04-25,fair,5,No,60
M01957,2019-09-28,good,1,Yes,46
M00279,2020-06-01,GOOD,5,yes,13
M02409,2022-11-19,Excellent,2,Yes,46
M00745,2020-03-02,Fair,1,no,1
M02823,2019-04-11,poor,4,n,-10
M03374,2024-04-11,poor,4,yes,75
M03224,2022-05-14,poor,5,NO,46
M04090,2021-01-25,,4,Yes,13
M02253,2019-04-17,GOOD,2,no,78
M02109,2020-07-10, excellent,2,No,28
M02038,2020-08-25,good,5,NO,21
M01357,2023-08-08,poor,2,yes,8
M03408,2020-01-20,poor,4,no,31
M03683,2023-03-24,GOOD,2,NO,81
M04018,2021-11-15,GOOD,5,no,84
M01273,2022-11-10,good,2,n,24
M00442,2021-11-26, excellent,3,yes,40
M00342,2019-01-12,good,5,n,15
M04333,2019-06-15,GOOD,2,n,80
M02928,2020-12-01,Fair,2,no,1
M00545,2022-11-25,Good,3,NO,63
M02693,2022-12-20,Good,,NO,79
M00539,2024-05-14,,4,Yes,13
M04103,2019-04-02,fair,4,No,31
M00211,2020-10-28,poor,2,n,20
M00336,2023-09-04,Excellent,3,YES,39
M04313,2024-08-16,fair,5,YES,44
M04380,2020-05-20,poor,3,no,74
M03824,2023-09-15,Fair,5,n,17
M04279,2020-08-25,Good,3,no,36
M03108,2021-06-16,fair,1,Yes,41
M03495,2023-02-27,Good,1,n,12
M02704,2023-04-06,Excellent,1,No,41
M00176,2019-12-13,,5,NO,83
M03618,2023-12-15,good,5,Yes,48
M01184,2019-07-12,GOOD,4,Yes,32
M02017,2024-06-02,Poor ,3,y,12
M02902,2019-09-17,GOOD,5,yes,98
M00638,2022-03-21,good,4,no,16
M03664,2023-02-09,poor,5,Yes,23
M04368,2020-05-18,fair,1,No,61
M01281,2021-02-06,fair,1,Yes,40
M04243,2019-07-24,Good,4,yes,22
M00389,2022-02-13,poor,2,YES,
M02949,2023-05-04,Fair,4,Yes,48
M01639,2020-12-23,fair,5,n,89
M02054,2020-03-25,fair,0,no,43
M04450,2022-08-21,good,3,YES,13
M02700,2021-03-12,Good,5,n,43
M02032,2021-10-17,fair,5,NO,48
M01323,2023-08-24, excellent,2,YES,76
M04815,2024-08-05,Poor ,2,Yes,64
M03773,2019-01-05,good,4,YES,
M00242,2024-04-01,poor,4,y,70
M04594,2024-07-09,,2,No,1
M02723,2022-02-24,GOOD,1,no,32
M04823,2021-06-13,Fair,3,yes,90
M03842,2022-10-02,Good,4,yes,88
M01054,2024-06-12,GOOD,4,No,48
M04692,2024-07-12,GOOD,5,y,24
M04784,2020-12-25,Fair,5,yes,83
M03949,2022-04-03,poor,5,Yes,39
M04185,2023-10-11,GOOD,3,y,24
M02978,2021-12-28,Fair,3,y,38
M03906,2021-11-15,Excellent,3,yes,43
M00549,2022-01-15,Excellent,2,no,37
M04172,2021-03-19,GOOD,3,Yes,95
M01058,2020-07-08,Excellent,4,YES,90
M02702,2022-03-20,good,1,YES,19
M03944,2020-02-02,Good,1,Yes,33
M04009,2023-02-11,fair,2,yes,
M00037,2022-02-13, excellent,1,YES,33
M03206,2019-04-23,fair,4,Yes,93
M01929,2023-03-15,good,5,yes,21
M01872,2022-03-22, excellent,5,yes,
M03727,2024-10-11,poor,1,yes,93
M04651,2022-08-07,Fair,5,YES,18
M00914,2022-03-05,Fair,4,YES,28
M00454,2024-07-26,Excellent,1,no,2
M04827,2020-08-01,fair,3,YES,39
M03712,2019-05-28,good,3,NO,83
M04357,2023-11-08,fair,5,n,47
M01941,2021-06-01,Excellent,3,n,89
M02909,2024-07-17,GOOD,1,Yes,26
M02690,2023-12-09,Poor ,1,NO,50
M03837,2024-05-23,Good,2,Yes,66
M02792,2024-10-01,fair,2,n,67
M00246,2019-12-28,Excellent,3,Yes,37
M01039,2023-10-11,good,99,NO,23
M01668,2021-05-22,Fair,1,Yes,29
M03331,2024-02-13,GOOD,2,n,99
M02805,2023-06-21,Good,2,no,84
M00312,2024-06-14,Good,1,Yes,98
M00727,2024-02-18,GOOD,2,Yes,83
M00014,2019-01-08,,5,no,95
M00658,2019-10-19,fair,3,n,35
M02664,2021-10-04,Good,4,NO,58
M03161,2024-05-25,Fair,4,Yes,74
M00299,2022-03-12,Poor ,2,yes,8
M00431,2020-02-13,GOOD,3,No,84
M00117,2022-06-14,Fair,1,No,3
M03666,2019-08-05, excellent,3,n,76
M00346,2024-04-19,good,3,no,22
M03945,2023-10-19, excellent,,y,16
M09740,2022-07-01,GOOD,4,No,93
M01137,2024-09-04,Good,1,yes,93
M00269,2021-04-23,Poor ,1,Yes,15
M03342,2019-09-15,Excellent,99,NO,47
M00788,2024-02-16,Good,3,n,5
M00911,2022-09-17,GOOD,2,No,86
M04884,2020-08-05,Poor ,5,No,32
M00103,2019-11-06, excellent,2,y,10
M01059,2021-12-28,Good,4,YES,73
M04233,2019-07-05,poor,1,No,4
M03582,2021-05-24,Poor ,2,y,27
M02305,2021-11-05,Good,3,No,71
M02660,2020-03-24,Poor ,4,YES,65
M04436,2023-12-28,Excellent,1,no,38
M01732,2022-06-24,Poor ,5,NO,81
M02042,2022-09-16,GOOD,,n,34
M03065,2024-04-15,Poor ,4,yes,25
M02419,2020-10-15,Excellent,4,y,14
M04084,2021-03-27,Fair,3,no,35
M00796,2020-05-28,GOOD,2,Yes,18
M03446,2023-04-23,Excellent,5,NO,71
M03242,2021-11-05,poor,1,NO,83
M03572,2019-08-12,GOOD,5,no,82
M04181,2024-08-24,Excellent,2,YES,77
M04626,2022-05-20,Fair,3,no,66
M00587,2021-02-05,Poor ,4,y,64
M02910,2020-05-17,,,YES,91
M00940,2022-04-04,poor,3,no,88
M04730,2024-03-28,good,5,yes,79
M00465,2024-05-25,GOOD,2,no,48
M09472,2021-11-08,Poor ,3,No,56
M00941,2022-05-06,,1,y,28
M03445,2024-12-11, excellent,5,no,17
M04689,2022-11-25,poor,1,no,65
M02463,2021-01-09,Good,3,yes,37
M01055,2019-02-26,fair,1,No,17
M03737,2022-02-19,Fair,5,Yes,64
M03264,2019-11-20,GOOD,2,yes,66
M04206,2024-06-05,Fair,2,y,88
M04621,2019-02-25,poor,4,YES,84
M04168,2023-10-27,Good,3,Yes,18
M04637,2023-07-28,good,3,YES,69
M04101,2021-07-08,poor,3,YES,68
M03559,2019-09-11,poor,5,Yes,12
M09436,2022-11-04,Excellent,1,No,94
M02587,2020-06-12,Poor ,3,Yes,60
M02456,2023-03-10,Excellent,4,No,18
M01579,2022-10-09,fair,2,NO,93
M02130,2019-05-22,GOOD,3,YES,34
M00709,2022-03-03, excellent,2,Yes,54
M01106,2019-09-19, excellent,3,YES,21
M01487,2019-10-04,,4,No,62
M02830,2020-11-22, excellent,5,yes,56
M01195,2024-10-09,Fair,4,n,17
M04344,2023-03-02,poor,5,n,48
M02420,2019-09-14,Fair,3,y,23
M03298,2023-08-18,poor,3,n,79
M02025,2021-04-19,Excellent,3,yes,37
M01728,2023-11-01, excellent,3,no,71
M00738,2022-01-22,GOOD,1,no,61
M03177,2020-12-17,fair,3,no,13
M04664,2023-12-13, excellent,1,y,100
M04747,2021-10-17,Fair,1,n,41
M00693,2023-09-21,Poor ,1,YES,89
M00588,2024-02-09,GOOD,3,No,2
M09068,2023-02-08,poor,1,yes,2
M04485,2022-08-22,GOOD,0,y,34
M04079,2021-11-03,GOOD,5,NO,94
M04712,2024-03-17,GOOD,2,no,64
M02104,2023-12-07,good,99,NO,97
M01797,2024-12-15,Excellent,3,No,84
M00126,2023-03-13,good,2,n,47
M00405,2022-12-12, excellent,1,n,23
M02156,2019-10-16,GOOD,3,y,59
M04026,2021-01-09,Excellent,1,No,2
M03991,2023-03-13,,2,NO,84
M03244,2019-11-28,GOOD,99,YES,77
M01231,2023-10-21,Good,5,YES,30
M02707,2024-09-28,Fair,2,NO,92
M02323,2022-05-11,Good,,NO,95
M03093,2024-02-28,Excellent,1,n,13
M00577,2020-08-14, excellent,2,YES,20
M01025,2024-03-15,Fair,1,yes,68
M00746,2021-04-09,Poor ,4,n,29
M00737,2024-11-22,Excellent,2,No,60
M01587,2023-08-25,Good,1,y,93
M04834,2024-04-21,Excellent,4,no,8
M01107,2023-11-19,Fair,,YES,84
M00267,2021-01-01,poor,1,y,78
M03952,2023-12-02,Poor ,4,yes,14
M01312,2019-10-01,Excellent,3,YES,50
M04562,2020-12-11,Excellent,1,YES,4
M00386,2021-11-01,fair,5,Yes,55
M04756,2021-06-14,good,2,NO,35
M02566,2022-01-24,Good,3,YES,31
M02451,2022-09-06,GOOD,2,n,0
M00061,2019-11-28,Poor ,1,YES,150
M00771,2019-07-06,Excellent,3,No,80
M01705,2021-08-13,Excellent,3,No,37
M00066,2023-05-16,good,5,y,80
M03277,2022-07-16,fair,1,YES,15
M03766,2022-12-25,GOOD,4,Yes,0
M00375,2021-10-21,Good,5,yes,64
M04424,2022-04-07,Poor ,3,y,71
M04030,2024-10-09,GOOD,3,No,91
M03857,2022-09-02,poor,3,No,43
M04337,2019-12-25, excellent,2,No,73
M03369,2024-09-11,,4,y,75
M00409,2022-09-18,Poor ,5,yes,40
M00183,2023-02-15,poor,,NO,31
M00882,2021-10-08, excellent,3,n,74
M04880,2020-09-28,poor,5,NO,71
M04849,2023-01-24,GOOD,5,yes,100
M00265,2024-02-26, excellent,2,Yes,90
M00526,2023-11-26,good,1,NO,95
M02170,2024-06-03,poor,2,y,23
M09733,2020-09-07,Poor ,5,y,
M03318,2023-01-06,fair,4,YES,5
M00878,2021-04-27,Fair,3,no,8
M04306,2021-09-12,Good,1,NO,13
M04638,2023-01-08,GOOD,3,No,29
M03148,2020-06-26,poor,2,Yes,92
M03226,2021-04-10,poor,5,no,31
M04440,2020-02-11,GOOD,2,no,14
M02016,2019-11-14,poor,1,yes,22
M03443,2021-11-12,GOOD,3,no,5
M04106,2023-12-15,Good,1,No,0
M02833,2023-09-12,Good,3,y,42
M01414,2023-11-28,poor,3,y,99
M02689,2022-04-26,Fair,1,NO,44
M00951,2020-10-26,Poor ,3,no,
M00784,2022-11-16,fair,5,yes,82
M00274,2023-07-06,,4,YES,17
M02210,2024-09-21,,5,No,9
M03377,2022-10-18,good,3,No,3
M01896,2024-12-15,good,2,no,96
M03693,2022-05-23,GOOD,3,YES,35
M01134,2024-03-05,Excellent,5,n,95
M00472,2022-01-03,fair,1,yes,54
M04223,2019-04-23,Fair,5,NO,35
M01803,2023-05-24,Fair,5,yes,39
M01293,2021-07-08,Fair,3,no,38
M01925,2023-06-25, excellent,1,No,44
M00330,2019-10-21,good,4,yes,
M03219,2020-09-12,GOOD,2,No,90
M04188,2021-12-22,Poor ,2,No,64
M01274,2024-09-20,Fair,1,y,69
M01885,2019-05-12,Poor ,4,YES,96
M00374,2022-03-07, excellent,3,NO,39
M01396,2023-03-25,poor,4,NO,53
M03005,2019-06-27,Poor ,3,Yes,11
M03710,2020-04-19,poor,5,No,
M00667,2024-10-07,Excellent,4,yes,60
M00152,2022-07-28,good,4,NO,43
M01693,2019-09-08,Poor ,2,n,23
M04227,2020-04-18,fair,5,Yes,80
M04320,2022-11-27,fair,4,YES,65
M00498,2019-07-11,Good,4,n,
M02246,2020-02-16,,2,NO,85
M03252,2022-01-08,GOOD,4,no,38
M02489,2022-12-28, excellent,1,n,68
M02630,2019-07-04,Excellent,2,NO,63
M04292,2022-12-16,Poor ,,No,
M03255,2020-04-23,GOOD,1,No,55
M02919,2021-03-17, excellent,2,YES,92
M03040,2021-02-02,fair,2,Yes,91
M04112,2019-09-27,Fair,5,no,68
M04611,2023-02-11, excellent,3,n,92
M02221,2019-10-17,Poor ,4,y,35
M03472,2024-11-03,Excellent,5,yes,85
M01977,2023-12-02,Good,2,n,88
M00456,2024-07-13,fair,5,YES,16
M00915,2022-03-07,GOOD,5,No,79
M03614,2023-12-09,Good,5,y,84
M04795,2022-07-15,Good,,No,38
M01892,2021-06-24,Fair,4,yes,56
M01314,2020-11-23,good,4,y,98
M01969,2019-05-12,Good,1,No,41
M03069,2019-05-27,fair,4,Yes,75
M01507,2023-03-22,good,3,yes,1
M03793,2019-06-08,good,5,y,97
M04150,2022-10-02, excellent,2,NO,47
M00823,2024-05-15,fair,3,no,86
M00337,2020-08-10,fair,2,Yes,2
M00550,2021-11-01,good,5,y,64
M01628,2020-11-21,fair,1,No,61
M02073,2024-07-23,fair,1,YES,32
M04746,2020-02-23,good,3,y,86
M03294,2020-04-10,fair,1,y,16
M03523,2019-06-01,GOOD,1,yes,92
M00981,2024-03-25,Good,1,y,43
M00316,2022-04-01,poor,3,n,80
M02942,2020-06-11,good,4,No,78
M04454,2019-02-16,GOOD,2,No,35
M04720,2020-02-27,Good,5,NO,96
M01576,2019-12-26,Poor ,5,y,23
M04457,2019-08-13,GOOD,2,n,47
M04275,2021-08-02,Poor ,4,y,68
M04624,2020-08-16,Excellent,1,NO,75
M01093,2023-07-12,Good,4,Yes,12
M00023,2019-09-24, excellent,1,n,80
M04028,2021-06-07,Good,1,no,69
M04499,2023-12-28,Poor ,4,Yes,4
M01142,2024-06-25,,5,NO,43
M02265,2022-07-12,GOOD,5,no,34
M01815,2021-05-05,poor,2,yes,16
M03334,2023-05-13,GOOD,2,No,92
M00101,2024-03-10,Poor ,2,Yes,41
M03783,2022-11-06,fair,5,Yes,51
M00038,2024-10-19,Fair,,NO,11
M09381,2024-11-16,GOOD,3,YES,-10
M00659,2022-04-15,Excellent,5,yes,54
M03228,2019-11-16,Poor ,2,Yes,2
M04768,2019-05-11,Poor ,4,No,11
M02841,2024-12-21,Excellent,5,No,58
M00849,2022-08-08, excellent,4,YES,39
M02402,2024-09-12,poor,5,no,24
M03058,2020-02-05,Good,1,no,0
M01903,2021-05-24,Poor ,3,n,18
M01948,2021-04-07,Poor ,4,NO,87
M01686,2019-03-24,fair,3,no,9
M03287,2023-06-26,poor,4,NO,28
M02839,2024-01-20,Poor ,4,No,55
M02496,2019-03-14,Excellent,2,n,89
M00633,2023-09-28,GOOD,3,yes,1
M01080,2020-02-26, excellent,4,Yes,100
M01678,2021-04-20,fair,5,Yes,48
M04269,2024-08-09,Good,2,y,2
M03180,2022-05-21,good,,no,
M04001,2022-07-16,GOOD,,no,98
M02243,2019-12-10,poor,4,No,70
M01213,2023-08-28,Excellent,1,YES,12
M01374,2023-07-16,GOOD,4,YES,-10
M04575,2020-05-06,Good,2,n,17
M03272,2021-10-05,Good,,n,7
M00595,2024-09-19,good,4,No,0
M01990,2023-07-10,Good,3,YES,16
M02871,2020-09-04, excellent,3,yes,58
M02800,2021-04-20,Good,2,YES,
M01129,2023-10-17,Good,2,NO,71
M01437,2019-10-08,fair,3,NO,88
M04165,2024-09-10,Poor ,1,Yes,53
M04121,2019-08-09,fair,3,YES,30
M02765,2023-01-27,good,4,YES,73
M03151,2022-01-13,Fair,1,No,28
M00735,2021-05-15,Poor ,5,yes,13
M03642,2023-11-25,Fair,4,n,70
M01343,2021-08-14,poor,1,n,35
M01623,2021-10-04, excellent,5,No,47
M00080,2020-10-10,Fair,1,Yes,58
M02586,2023-07-27, excellent,2,yes,150
M01604,2020-01-27, excellent,2,y,51
M00365,2020-07-03,GOOD,5,n,82
M04228,2023-09-28,Excellent,3,No,36
M03142,2022-11-19,fair,3,YES,32
M00799,2019-02-16,good,2,y,81
M02744,2022-08-20,good,2,No,42
M00797,2021-06-04, excellent,2,YES,45
M00983,2023-04-25,Fair,3,Yes,43
M01683,2019-03-17,Fair,5,NO,4
M02436,2023-01-27,Poor ,4,NO,82
M02522,2020-01-20,Fair,2,no,96
M03878,2019-08-14,Poor ,3,yes,40
M03915,2022-11-22,poor,1,No,20
M02876,2024-01-23,Excellent,1,NO,15
M04463,2022-02-22,,4,NO,31
M03819,2019-04-12,Excellent,5,n,84
M01479,2019-01-02, excellent,,n,9
M03461,2019-04-07, excellent,3,No,32
M04516,2021-07-24,good,1,YES,95
M01931,2024-02-09,poor,2,yes,85
M02213,2021-08-10,Good,2,n,150
M01170,2022-08-18,fair,2,n,0
M01322,2020-07-25,Good,2,Yes,26
M00594,2020-09-28,GOOD,1,No,75
M04620,2024-06-09,good,2,No,34
M03871,2021-05-06, excellent,99,y,12
M03275,2019-05-11,good,,YES,38
M00570,2020-07-07, excellent,1,No,95
M04398,2021-11-06,good,3,y,19
M00798,2024-12-03,Poor ,5,no,74
M04376,2022-05-17,,3,No,34
M00145,2024-07-18,Excellent,4,YES,
M02427,2022-11-28, excellent,2,no,6
M03914,2024-11-05,Excellent,2,NO,86
M00566,2024-02-09,Good,4,No,30
M03967,2019-03-17,Good,4,yes,39
M01908,2019-04-16,poor,1,n,82
M09036,2024-10-17,Poor ,4,n,-10
M02986,2019-03-03,Good,1,No,
M00325,2024-12-01, excellent,4,n,15
M02908,2020-04-02,Poor ,3,No,45
M00974,2019-09-09, excellent,4,yes,98
M01135,2021-05-23,good,2,Yes,78
M00435,2021-08-03, excellent,4,YES,66
M04056,2021-07-28,Fair,2,no,13
M04648,2024-11-14,Good,3,n,78
M00905,2020-02-26,Excellent,5,YES,63
M03640,2021-01-04,poor,1,y,74
M00171,2019-03-06,Good,5,y,4
M04791,2024-03-16,good,2,NO,25
M01661,2020-03-23, excellent,1,No,4
M02369,2021-06-09,good,1,n,3
M04852,2021-12-06,Good,0,yes,80
M01631,2022-05-08,poor,3,YES,3
M02894,2021-01-06, excellent,4,no,21
M02111,2019-09-10,Fair,4,No,32
M01249,2019-06-19,fair,1,No,92
M01525,2020-07-01,GOOD,3,no,61
M04826,2022-06-22, excellent,1,n,18
M01690,2020-06-11, excellent,3,No,51
M03901,2024-07-05,good,2,yes,61
M00908,2019-12-11,Excellent,1,y,55
M01581,2022-07-15,Fair,4,yes,24
M04407,2023-05-06,poor,3,y,11
M04129,2023-10-05,Good,4,Yes,91
