m_id,nbhd,artst,med,sz,yr,dt
M04334,bushwick,kaws,Spray Paint,"7,829",2011,20110922
M04053,Williamsburg,cost,aerosol,"5,520",2014,20140201
M03396,astoria,kaws,mosaic,"2,792",2006,20060612
M01238,chelsea ,futura,Acrylic,66,2013,20130919
M03409, Bushwick ,KAWS,Acrylic,,2023,20230714
M00041,the bronx,jane q. public,Wheatpaste,"3,845",2012,20120326
M03161,soho,Os Gemeos,Aerosol,"6,595",2005,20050211
M02244,astoria,kaws,wheatpaste,"3,711",2021,20210810
M04578,Long Island City,,Wheatpaste,"2,916",2010,20100303
M02705,LIC,KAWS,spray paint,"5,170",2008,20081113
M01489,the bronx,Shepard Fairey,Spray Paint,"2,281",2023,20230825
M02712,the bronx,Banksy,aerosol,"4,397",2009,20091003
M01921,the bronx,lady pink,wheatpaste,"4,326",2013,20130211
M04059,SoHo,lady pink,Spray Paint,"2,716",,20130226
M02159,Bronx,COST,Wheatpaste,"2,322",2014,20141102
M00797,soho,Faith47,aerosol,112,2021,20210909
M04847,soho,,acrylic,"2,417",2019,20190827
M00513,Bronx,Faith47,Mosaic,"4,029",2005,20051119
M03904,Astoria,KAWS,Aerosol,"2,744",,20160123
M00212,harlem, BANKSY ,Spray Paint,341,2016,20161021
M03607,Bushwick,faith47,Acrylic,424,2010,20100513
M02532,chelsea ,faith47,aerosol,"5,525",2009,20090415
M01592,Astoria,Os Gemeos,wheatpaste,"7,300",2022,20221022
M02568,LIC,lady pink,aerosol,94,2020,20201110
M00017,Astoria,Os Gemeos,Wheatpaste,"4,717",2012,20120404
M04174,Harlem,Shepard Fairey,Mosaic,"4,755",2015,20150508
M02662,SoHo,Jane Q. Public,Mosaic,306,2012,20120910
M01523,Chelsea,Os Gemeos,spray paint,284,2022,20221213
M01095,Long Island City,Os Gemeos,Wheatpaste,"5,546",2015,20150517
M02790,Long Island City, BANKSY ,aerosol,"4,054",2008,20080203
M02463,chelsea ,kaws,Wheatpaste,275,2012,20120817
M00094,Bushwick,os gemeos,wheatpaste,602,2022,20220411
M01704,bushwick,,spray paint,908,2018,20180315
M02264,BUSHWICK,KAWS,wheatpaste,"5,059",2014,20140420
M01343,soho,banksy,mosaic,"3,423",2013,20130622
M01618,LIC,shepard fairey,spray paint,"1,229",2011,20110306
M02516,Astoria,Lady Pink,wheatpaste,"4,817",2023,20230311
M04371,williamsburg,cost,wheatpaste,"7,555",2014,20141002
M04882,soho,cost,Aerosol,"3,465",2007,20071217
M03674,Astoria,cost,Acrylic,"4,174",2011,20110924
M04310,LIC,Faith47,mosaic,"1,089",2014,20140514
M03155,Bushwick,Lady Pink,Wheatpaste,751,2014,20140702
M03350,Lower East Side,os gemeos,mosaic,"6,063",2009,20091012
M03343,Williamsburg,Jane Q. Public,mosaic,"4,003",2014,20141013
M04709,Long Island City,kaws,wheatpaste,"6,435",2021,20210101
M00352,astoria,Shepard Fairey,acrylic,"6,100",2013,20131211
M02150,LES,lady pink,Aerosol,"5,933",2005,20050412
M02134,Bushwick,KAWS,Wheatpaste,999999,2009,20090815
M01421,Williamsburg, BANKSY ,aerosol,362,2014,20141108
M02070,Bushwick,Jane Q. Public,acrylic,"1,527",2017,20170220
M01912,lower east side,Faith47,aerosol,"5,808",2017,20170325
M00782,Harlem,Lady Pink,Wheatpaste,946,2006,20060602
M02738,Bronx,banksy,aerosol,"7,918",2023,20230502
M00353,LIC,lady pink,Aerosol,"1,479",,20070318
M02245,LES,faith47,Mosaic,"7,152",2020,20200726
M00902,Williamsburg,Os Gemeos,Mosaic,"6,935",2013,20131120
M03794,astoria,cost,wheatpaste,"5,793",2021,20211227
M03233,the bronx,Futura,spraypaint,,2013,20130323
M00130,chelsea ,COST,aerosol,"5,216",2012,20120120
M03573,Bronx,COST,wheatpaste,"5,242",2009,20090324
M01424,Astoria,Faith47,Wheatpaste,,2012,20120824
M00060,Lower East Side,Shepard Fairey,acrylic,"7,773",2020,20200516
M01754, Bushwick ,kaws,Aerosol,999999,2013,20131216
M04272,LES, BANKSY ,Aerosol,"6,606",2013,20130214
M04743,Harlem,KAWS,spraypaint,"7,722",2019,20190222
M03536,lower east side,banksy,Spray Paint,"4,807",2020,20200312
M02674,chelsea ,cost,Mosaic,"5,854",2010,20100520
M01824,LES,os gemeos,spray paint,"2,437",2016,20160815
M04673,BUSHWICK,banksy,acrylic,99,2015,20151006
M01056,Astoria,jane q. public,Aerosol,"2,527",,20141211
M03940,Williamsburg,kaws,acrylic,"6,444",2006,20060728
M04400,harlem,Lady Pink,spraypaint,"4,605",2018,20180712
M04056,Harlem,os gemeos,spray paint,529,2011,20110204
M02750,Lower East Side,Jane Q. Public,spraypaint,"5,488",2005,20051115
M03337,LIC,Lady Pink,aerosol,"6,472",2007,20071215
M03121,Astoria,shepard fairey,Acrylic,"5,684",2010,20100706
M02321,Williamsburg,COST,acrylic,999999,2016,20161121
M04017,BUSHWICK,KAWS,aerosol,396,,20170322
M00501,SoHo,Os Gemeos,acrylic,"5,327",2009,20091021
M03200,Harlem,Futura,Wheatpaste,380,2019,20190128
M01425,Chelsea,lady pink,spraypaint,"4,261",2010,20100217
M01825,LIC,Shepard Fairey,Acrylic,540,2019,20190525
M00636,LIC,jane q. public,mosaic,"4,363",2009,20090418
M00201,Bushwick,cost,mosaic,"5,972",2016,20160211
M02608,SoHo,kaws,aerosol,"7,925",2010,20100223
M02147, Bushwick ,jane q. public,Wheatpaste,"3,732",2006,20060105
M03889,Lower East Side,KAWS,Mosaic,"5,282",2019,20190308
M03203,Bronx,,acrylic,"2,886",2015,20150419
M03793,soho,Banksy,spraypaint,"5,561",2015,20150713
M04264,BUSHWICK,KAWS,aerosol,345,2023,20230605
M02920,Chelsea,Jane Q. Public,mosaic,-50,2021,20210211
M04145, Bushwick ,faith47,spray paint,"1,558",2008,20080405
M00850, Bushwick ,os gemeos,Acrylic,"3,342",2021,20211226
M01149,Harlem,Jane Q. Public,spray paint,"2,554",2009,20090810
M01458,bushwick,Jane Q. Public,Acrylic,"1,922",2017,20170806
M01663,the bronx,banksy,Spray Paint,"3,737",2007,20070203
M03780,BUSHWICK,faith47,Wheatpaste,"7,976",2018,20181122
M02180,BUSHWICK,COST,spray paint,"5,431",2011,20110917
M03745,bushwick,futura,mosaic,"3,837",2016,20160118
M02929,harlem, BANKSY ,Wheatpaste,"1,067",2013,20130827
M01569,harlem,,Aerosol,420,2005,20050914
M03400,lower east side,Futura,Spray Paint,"6,536",2016,20160519
M00182,bushwick,banksy,aerosol,"2,011",2008,20081123
M04181,BUSHWICK,Shepard Fairey,mosaic,,,20190819
M01492,soho,KAWS,acrylic,"4,450",2012,20121220
M03538,Astoria,Futura,spraypaint,"6,796",2005,20050810
M01773,the bronx,KAWS,Aerosol,"1,691",2009,20090409
M00315,SoHo,cost,acrylic,"5,133",2007,20070213
M04376,Harlem,Faith47,mosaic,"4,463",2023,20230802
M00698,Lower East Side,Shepard Fairey,Spray Paint,"3,242",2011,20110707
M00521,Chelsea,Lady Pink,wheatpaste,"6,268",2014,20141120
M04716,Astoria,KAWS,Wheatpaste,"1,694",2015,20150618
M01542, Bushwick ,banksy,Spray Paint,"6,551",2005,20050618
M00964,LIC,KAWS,aerosol,"1,833",2006,20061006
M03807,williamsburg,jane q. public,Aerosol,"6,150",2014,20140509
M03581, Bushwick ,KAWS,acrylic,"4,620",2019,20191128
M03767,Lower East Side,,Aerosol,"1,596",2009,20090417
M00607,astoria,Banksy,Spray Paint,"5,615",2016,20160605
M02982,Harlem,lady pink,spraypaint,"4,413",2023,20230106
M03991,chelsea ,lady pink,aerosol,"4,000",2018,20180426
M04895,Williamsburg,Banksy,Aerosol,"5,497",2019,20191114
M04598,astoria,KAWS,Aerosol,"1,212",2013,20131225
M01461,LES,KAWS,Acrylic,"3,321",2011,20110312
M03317, Bushwick ,cost,Aerosol,"1,892",2009,20090916
M03201,williamsburg,Futura,acrylic,-50,2023,20230814
M02337,BUSHWICK,faith47,spraypaint,"4,559",2013,20131016
M04888,harlem,faith47,Wheatpaste,"7,055",2008,20080404
M04162, Bushwick ,Jane Q. Public,mosaic,"3,064",2011,20110424
M04665,Chelsea,jane q. public,Wheatpaste,"7,731",2099,20180617
M02644,Harlem, BANKSY ,aerosol,"6,592",2012,20120616
M02192,Lower East Side,Faith47,spray paint,"3,509",2023,20231221
M02170,lower east side,Faith47,Wheatpaste,321,2009,20090103
M01459,astoria,faith47,spray paint,"5,530",2008,20081204
M04815, Bushwick ,lady pink,spraypaint,"4,821",2007,20070913
M03758,harlem,futura,spraypaint,"5,946",2023,20230322
M02505,Chelsea,Shepard Fairey,Spray Paint,999999,2012,20121105
M04353,Williamsburg, BANKSY ,mosaic,"3,640",2015,20150310
M03629,Bronx, BANKSY ,Spray Paint,"7,303",2019,20191113
M02103,astoria,futura,mosaic,"6,002",2015,20150825
M02741,BUSHWICK, BANKSY ,Acrylic,"3,557",2007,20070702
M04269,Harlem,lady pink,Mosaic,428,2008,20080906
M00441,Long Island City,Banksy,wheatpaste,"6,771",2013,20130306
M00891,Bushwick,,Wheatpaste,375,2023,20230114
M04218,chelsea , BANKSY ,Mosaic,"5,217",2012,20120519
M02498, Bushwick ,lady pink,Mosaic,493,2023,20230712
M00666,chelsea ,os gemeos,Aerosol,"6,092",2023,20231203
M04858,SoHo,kaws,aerosol,"2,189",2017,20170621
M04198,bushwick,Faith47,Acrylic,"7,573",2019,20190425
M00375,LES,futura,Mosaic,"1,937",2006,20060303
M04294,Williamsburg,Banksy,spraypaint,"6,482",2019,20190104
M03085,Chelsea,futura,spray paint,"7,880",2015,20151110
M01404,Chelsea,banksy,Wheatpaste,"1,300",2009,20090824
M00854,SoHo,os gemeos,Aerosol,"5,269",2008,20080204
M01490,Chelsea,cost,acrylic,"6,208",2006,20061201
M01296,LES,,Wheatpaste,559,2015,20150907
M04205,astoria,COST,Spray Paint,"5,014",2011,20110306
M01699,LIC,jane q. public,Acrylic,"5,022",2014,20140527
M02564,Chelsea,Lady Pink,Spray Paint,"2,572",2016,20160704
M04025,Lower East Side,Faith47,Acrylic,"5,293",2010,20100414
M03355,astoria,jane q. public,Acrylic,"5,864",2006,20060502
M03618,Lower East Side,os gemeos,mosaic,"5,073",2021,20210621
M01041,Williamsburg,Faith47,spraypaint,"2,425",2010,20101215
M02585,SoHo,KAWS,Wheatpaste,"5,657",,20171003
M01541,BUSHWICK,os gemeos,Mosaic,"6,731",2010,20100403
M04337,LES,,acrylic,"3,983",2015,20150302
M01648,Harlem,COST,spray paint,"5,739",2017,20170918
M02561,Long Island City,Os Gemeos,Aerosol,"1,642",2012,20120626
M04341,BUSHWICK,COST,Mosaic,"1,042",2010,20100727
M00320,SoHo,Futura,mosaic,"6,993",2020,20200811
M00420,Long Island City,Jane Q. Public,mosaic,"7,687",2015,20150614
M00448,chelsea ,Lady Pink,acrylic,"6,419",2022,20220801
M01691,Bronx,Banksy,Mosaic,"6,006",2021,20211223
M03993,bushwick,Lady Pink,mosaic,438,2006,20061120
M03529,Lower East Side,lady pink,aerosol,"6,041",,20201114
M03074,harlem,KAWS,Spray Paint,"7,705",2011,20110802
M00141,Williamsburg,lady pink,Spray Paint,"6,388",2019,20191216
M02670,lower east side,jane q. public,aerosol,"7,470",2009,20091225
M04674,Lower East Side,,spray paint,"5,514",2009,20090919
M01671,williamsburg,faith47,spraypaint,"4,936",,20180816
M03445,harlem,lady pink,aerosol,677,2016,20160110
M04140,Astoria,Lady Pink,acrylic,"1,218",2021,20210609
M00911,SoHo,lady pink,aerosol,"2,670",2019,20191018
M04380,lower east side,banksy,aerosol,431,2005,20051115
M01136,soho,Faith47,Acrylic,"2,721",2013,20131213
M01627,Chelsea,cost,acrylic,"1,266",2011,20110720
M03988,astoria,Banksy,Spray Paint,"2,079",2017,20171106
M03379,Bushwick,faith47,wheatpaste,"1,849",2010,20100102
M01521,chelsea ,shepard fairey,spray paint,"3,250",2010,20100317
M04130,lower east side,,mosaic,"6,855",2019,20190513
M03173,LES,shepard fairey,Spray Paint,"2,812",2016,20160717
M00819, Bushwick ,Banksy,Aerosol,"7,812",2018,20181123
M03643,Long Island City,,mosaic,"2,733",2014,20140924
M03184,Williamsburg,lady pink,mosaic,"2,567",2010,20101213
M02764,Harlem,os gemeos,Mosaic,"2,763",2020,20200628
M03687, Bushwick ,futura,Wheatpaste,"1,498",2014,20140814
M00351,williamsburg,,Mosaic,"3,731",2014,20141012
M00707,Lower East Side,jane q. public,Mosaic,"1,390",2021,20211123
M03836,chelsea ,Futura,wheatpaste,"3,190",,20190420
M03911,LES,Shepard Fairey,Mosaic,"6,406",2022,20220928
M00435,harlem,Banksy,spray paint,"7,140",2007,20070818
M00086,SoHo,shepard fairey,Acrylic,"2,457",2018,20180912
M03611,Astoria,Banksy,Mosaic,"5,237",2006,20061117
M03493,LES,faith47,aerosol,"3,040",2005,20050101
M03004,LES,jane q. public,Wheatpaste,741,2021,20210322
M01995,SoHo, BANKSY ,aerosol,,2022,20220524
M01893,astoria,os gemeos,Spray Paint,"5,263",2005,20051005
M02898,Long Island City,COST,Mosaic,"7,646",2015,20150908
M00830,SoHo,Lady Pink,Spray Paint,"2,575",2007,20070310
M01773,the bronx,KAWS,Aerosol,"1,691",2009,20090409
M00136,soho,Lady Pink,Acrylic,"7,611",2013,20130214
M03473,LIC,,Aerosol,191,2008,20080919
M04511,Lower East Side,jane q. public,acrylic,"6,284",2011,20110712
M00277,soho,KAWS,Aerosol,"1,326",2015,20151218
M03133,Bronx,banksy,spraypaint,"5,996",2099,20180525
M00826,Bushwick,shepard fairey,spraypaint,"1,101",2008,20080904
M04659,Long Island City,Jane Q. Public,Wheatpaste,"6,620",2017,20170713
M04189, Bushwick ,Futura,Aerosol,"7,066",2023,20231219
M02913,williamsburg,Lady Pink,Mosaic,"2,494",2017,20170710
M03697,Harlem,shepard fairey,acrylic,"6,177",2018,20181112
M00518,harlem,Os Gemeos,mosaic,"3,683",2015,20150608
M02524, Bushwick ,Jane Q. Public,Spray Paint,"1,829",2018,20181115
M04289,SoHo,,wheatpaste,"2,727",2005,20050405
M04508, Bushwick ,Faith47,wheatpaste,"2,519",2005,20050107
M04690,Bushwick,Banksy,Aerosol,"4,491",2009,20091227
M00149,lower east side,Shepard Fairey,aerosol,"5,103",2020,20201110
M04233,LIC,futura,Spray Paint,,2010,20100406
M00174,Bronx,Jane Q. Public,Acrylic,"1,835",2020,20201012
M01528,soho,,aerosol,793,2017,20170223
M01156,chelsea ,Banksy,acrylic,"4,841",2016,20160315
M03627,Lower East Side,Lady Pink,spraypaint,"4,061",2099,20181111
M01554,lower east side,jane q. public,Acrylic,"5,496",,20080204
M01685,bushwick,faith47,Wheatpaste,"1,361",2011,20110201
M03876,Williamsburg,shepard fairey,Spray Paint,"3,133",2020,20200311
M03105,Bushwick,faith47,mosaic,"3,257",2014,20140908
M04393,Harlem,,Aerosol,"5,722",2015,20150524
M01785,LES,banksy,Acrylic,"3,699",2014,20140705
M01137,bushwick,os gemeos,Acrylic,"1,018",2011,20110807
M02587,chelsea ,Jane Q. Public,Acrylic,"5,975",2020,20200408
M01360,Lower East Side,shepard fairey,acrylic,"5,277",2014,20140413
M01321,Lower East Side,,aerosol,"3,332",2023,20230820
M03878,Astoria,faith47,Spray Paint,"1,531",2009,20090717
M04204,Harlem,os gemeos,Mosaic,"3,758",2015,20150604
M02789,Harlem,Shepard Fairey,spraypaint,"4,589",2022,20220314
M03946,Lower East Side,Lady Pink,wheatpaste,"4,840",2023,20230608
M01950,lower east side,Banksy,aerosol,"6,100",2005,20050915
M04336,Bronx,KAWS,Wheatpaste,715,2005,20050914
M02872,Astoria,shepard fairey,spray paint,394,2011,20110611
M02740,lower east side,Futura,spray paint,"7,799",2018,20181202
M03333,lower east side,Shepard Fairey,spray paint,"6,363",2016,20160515
M04601,astoria,os gemeos,wheatpaste,999999,2013,20130807
M00326,Williamsburg,kaws,Acrylic,,2023,20230822
M00132,Williamsburg,,mosaic,-50,2007,20071104
M04308,Harlem,shepard fairey,wheatpaste,"6,718",2019,20190315
M02119,Astoria,jane q. public,acrylic,"2,462",2016,20160203
M01292,Harlem,Lady Pink,Mosaic,"1,103",2013,20130514
M03707,bushwick,Shepard Fairey,Spray Paint,"6,025",2014,20140623
M00998,LES,kaws,mosaic,"1,490",2013,20130812
M01502,BUSHWICK,faith47,wheatpaste,"3,742",2020,20200705
M01468,chelsea ,lady pink,acrylic,"3,275",2021,20211103
M00299, Bushwick ,Lady Pink,Aerosol,"6,469",2016,20161118
M02739,lower east side,KAWS,spray paint,"4,103",2022,20220809
M03939,Bushwick,jane q. public,mosaic,-50,2013,20130104
M01932,Harlem,jane q. public,spray paint,"4,822",2007,20070407
M04469,LIC,lady pink,Acrylic,"1,540",2021,20210820
M02550,the bronx,COST,spraypaint,"7,054",2011,20110917
M03898,SoHo,Jane Q. Public,Spray Paint,"7,496",2016,20160319
M04494,SoHo,futura,wheatpaste,"2,757",2014,20140404
M04668,Bronx, BANKSY ,wheatpaste,"5,651",,20070510
M01658,BUSHWICK,kaws,spray paint,"2,258",2009,20090803
M04787,astoria,jane q. public,spray paint,885,2008,20080421
M03902,bushwick,Lady Pink,spray paint,"7,505",2017,20170116
M03822,lower east side,faith47,acrylic,"5,082",2009,20090526
M01910,williamsburg,os gemeos,Aerosol,"4,009",2007,20070526
M04767,williamsburg,lady pink,acrylic,,2009,20090227
M04066,Chelsea,Lady Pink,Aerosol,"6,520",2012,20120724
M01732,Long Island City,Banksy,spray paint,"2,053",2020,20200619
M04326,Bushwick,COST,Aerosol,"4,593",2022,20220511
M04134,SoHo,Lady Pink,spraypaint,"6,516",2017,20171116
M02216,chelsea ,,Aerosol,"6,324",2017,20170204
M02166,the bronx,faith47,Aerosol,"3,879",2019,20190408
M04442,Lower East Side,COST,Aerosol,"3,017",2009,20090918
M01100, Bushwick ,kaws,Spray Paint,"4,291",2017,20171104
M00317,Bronx,os gemeos,acrylic,"3,629",2017,20171127
M00239,soho,Faith47,spray paint,"2,616",2012,20120920
M01481,soho,cost,spraypaint,"1,876",2017,20170819
M00849,Williamsburg,kaws,Mosaic,"2,021",2017,20170126
M03680,Long Island City,,acrylic,"5,996",2012,20120101
M03842,Harlem,jane q. public,Aerosol,"5,471",2006,20061002
M04515,BUSHWICK,jane q. public,spraypaint,"1,067",2017,20170506
M04464,astoria,lady pink,wheatpaste,"1,193",2016,20160628
M01880,SoHo,cost,wheatpaste,"4,104",,20130417
M04569,Lower East Side,faith47,spray paint,"6,778",2016,20160811
M01263,Long Island City,jane q. public,mosaic,242,2021,20210626
M02907,chelsea ,lady pink,Mosaic,"4,853",2019,20190902
M02759,chelsea , BANKSY ,spraypaint,"1,263",2009,20090120
M02612,astoria,Faith47,Aerosol,"7,906",2020,20201106
M03742,Chelsea,banksy,mosaic,607,2013,20130415
M02780,astoria,KAWS,Aerosol,"1,781",2021,20210316
M03448,Harlem,KAWS,spraypaint,"3,204",2012,20120502
M01138,Williamsburg,COST,acrylic,"6,864",2007,20070414
M04068,Lower East Side,Faith47,spray paint,"2,958",2008,20080406
M00611,astoria,lady pink,acrylic,"7,443",2009,20090617
M03835,Williamsburg,COST,Mosaic,"7,248",2005,20051212
M02795,Long Island City,futura,mosaic,"1,460",2021,20210806
M03542,Harlem,futura,spraypaint,527,2017,20171119
M03259,the bronx,futura,Wheatpaste,"4,879",2021,20210125
M02892,chelsea ,futura,Wheatpaste,"5,695",2019,20190103
M01786,williamsburg,Jane Q. Public,Aerosol,"2,700",2019,20191107
M00918,BUSHWICK,banksy,mosaic,"7,610",2006,20061020
M02377,lower east side, BANKSY ,aerosol,839,2022,20221211
M02763,Long Island City,jane q. public,Acrylic,"5,619",2009,20090712
M04435,LES,Os Gemeos,Aerosol,"6,452",2012,20120908
M00266,chelsea ,COST,wheatpaste,"1,482",2015,20151001
M01778,astoria,KAWS,wheatpaste,"1,965",2020,20201022
M04102,Harlem,cost,wheatpaste,"1,496",2014,20141210
M03339,LIC,KAWS,Wheatpaste,"7,903",2020,20201216
M02509,bushwick,kaws,wheatpaste,"4,595",2011,20110727
M03157,soho,jane q. public,Mosaic,"4,125",2019,20190625
M04576,LIC,kaws,wheatpaste,"1,581",2099,20181003
M01323,harlem,jane q. public,spraypaint,"1,719",2022,20221118
M02253,Long Island City,futura,Spray Paint,"5,218",2015,20150215
M02481,the bronx,jane q. public,Spray Paint,"4,990",2023,20230109
M01652,Williamsburg,faith47,spray paint,"2,383",2013,20130427
M01605, Bushwick ,Shepard Fairey,spray paint,"1,483",2021,20211121
M01295,Long Island City,futura,spray paint,722,2007,20070418
M02659,Williamsburg,faith47,Acrylic,"2,033",2005,20050317
M02687,Chelsea,KAWS,spray paint,"1,244",2010,20100225
M02747,chelsea ,futura,Aerosol,,2022,20221011
M01540,bushwick,futura,spray paint,"3,890",2021,20210624
M00478,chelsea ,lady pink,spraypaint,610,,20170103
M04138,Williamsburg,Banksy,wheatpaste,150,2018,20180828
M02386,Williamsburg,Futura,Aerosol,"4,702",2023,20231101
M01780,harlem,Os Gemeos,Spray Paint,228,2023,20230414
M01004,SoHo,Jane Q. Public,Mosaic,"3,326",,20120904
M01306,williamsburg,Os Gemeos,Aerosol,72,2020,20200718
M01231,Chelsea,faith47,Aerosol,"7,344",2006,20060821
M02797,chelsea ,Jane Q. Public,spray paint,"6,868",2020,20201227
M02376,Lower East Side,COST,Wheatpaste,"7,935",2013,20130406
M01374,Harlem,jane q. public,spraypaint,"3,300",2019,20190121
M04128,soho,COST,Aerosol,"3,919",2007,20070722
M04287,lower east side,kaws,aerosol,"4,623",,20160302
M00657,astoria,,Acrylic,"5,248",2009,20090418
M01414,Bronx,lady pink,Mosaic,"2,716",2011,20110620
M01409,chelsea ,cost,spraypaint,"1,568",2015,20150311
M02566,soho,COST,Mosaic,"1,423",2022,20221101
M04390,Chelsea,KAWS,Mosaic,"7,962",2015,20151003
M00486,SoHo,os gemeos,Acrylic,350,2016,20161203
M02877,bushwick,shepard fairey,aerosol,"3,915",2019,20190223
M02622,Williamsburg,lady pink,Wheatpaste,"2,882",2016,20160706
M00928,soho,,spray paint,"3,174",2006,20061114
M01438,chelsea ,shepard fairey,Acrylic,"2,213",2020,20200817
M01597,Bronx,COST,wheatpaste,"2,237",2015,20150414
M00719,SoHo,faith47,spraypaint,"1,714",2012,20120824
M00706, Bushwick ,COST,Spray Paint,"5,991",2011,20110904
M03901,bushwick,futura,spray paint,"2,330",2021,20210519
M02938,harlem,lady pink,mosaic,"6,762",2018,20181103
M00240,harlem,cost,Spray Paint,"3,249",2006,20060416
M04113,Bushwick,os gemeos,spraypaint,"6,260",2013,20130924
M04111,bushwick,os gemeos,Aerosol,"1,476",2010,20100715
M01169,bushwick,Lady Pink,Spray Paint,"6,064",2005,20050510
M00306,soho,banksy,Aerosol,"2,860",2008,20080303
M04793,Long Island City,Futura,spray paint,"2,349",2014,20141208
M02943,harlem,Os Gemeos,Wheatpaste,"6,164",2008,20080511
M02487,harlem,futura,spray paint,"2,727",2020,20200824
M04864,lower east side,Os Gemeos,acrylic,,2006,20060306
M02081,Bronx,shepard fairey,mosaic,"4,009",2007,20070716
M00497,BUSHWICK,Banksy,wheatpaste,891,2016,20160402
M02653,Bushwick,Os Gemeos,Mosaic,"5,389",2012,20121207
M04693,Williamsburg,lady pink,spraypaint,"5,745",2019,20191206
M03551,the bronx,COST,acrylic,"2,082",2012,20120314
M01977,the bronx,cost,aerosol,999999,2018,20180108
M03164,LES,Os Gemeos,spraypaint,"6,573",2016,20160825
M04334,bushwick,kaws,Spray Paint,"7,829",2011,20110922
M00913,Harlem,shepard fairey,acrylic,"3,382",2007,20071221
M02479,astoria, BANKSY ,aerosol,"2,166",2009,20090707
M00977,Williamsburg,shepard fairey,acrylic,"7,164",2006,20061126
M04724,Chelsea, BANKSY ,wheatpaste,"7,236",2005,20051018
M03156,Astoria,kaws,aerosol,"3,900",2022,20220202
M03216,lower east side,Banksy,spraypaint,"6,235",2011,20110823
M02692,soho,Jane Q. Public,acrylic,"5,826",2021,20211005
M02511,Long Island City,Jane Q. Public,Spray Paint,"3,859",2012,20120611
M03633,BUSHWICK,banksy,Aerosol,"5,277",2020,20201206
M02800,Lower East Side,cost,Aerosol,"1,271",2020,20200620
M01867,astoria,Lady Pink,Aerosol,910,2016,20161113
M00461,Bronx,faith47,mosaic,"2,836",2023,20230307
M03962,Astoria,COST,mosaic,"5,512",2008,20080125
M02695,williamsburg,Lady Pink,Mosaic,"7,572",2011,20110302
M04509,Lower East Side,Jane Q. Public,aerosol,"2,846",2017,20170710
M00425,LIC,Os Gemeos,aerosol,"3,165",2006,20060714
M03138,Bronx,Jane Q. Public,aerosol,"6,100",2013,20130823
M01353,chelsea ,shepard fairey,Aerosol,"7,027",2011,20110607
M00541,Lower East Side,lady pink,acrylic,224,2019,20190913
M01798,Williamsburg,cost,Acrylic,"2,605",2011,20110724
M04749, Bushwick ,os gemeos,mosaic,725,2015,20151103
M00488,Long Island City,Lady Pink,spray paint,"3,883",2015,20150510
M01548,williamsburg,cost,aerosol,330,2006,20061120
M02510,SoHo,banksy,Aerosol,"5,847",2017,20170403
M02041,harlem,Shepard Fairey,aerosol,"3,981",2022,20220110
M01971,astoria,cost,spray paint,"2,754",2007,20070605
M04518,Astoria,Lady Pink,Wheatpaste,"6,074",2022,20220801
M01557, Bushwick , BANKSY ,mosaic,"7,413",2006,20061202
M01106,Lower East Side,,spraypaint,"2,208",2020,20200625
M00878,bushwick,COST,Spray Paint,"1,777",2021,20210809
M04225,Bushwick,jane q. public,acrylic,"2,780",2008,20080812
M00553,Bronx,os gemeos,spray paint,"5,877",2008,20080227
M01475,williamsburg,KAWS,spraypaint,290,2007,20070510
M02274,Harlem,,Acrylic,"6,917",2017,20170226
M00664,harlem,Faith47,aerosol,"6,127",2013,20130403
M02186,BUSHWICK,KAWS,acrylic,"4,875",2016,20160218
M01114,Chelsea,KAWS,acrylic,"6,893",2019,20190301
M01986,Chelsea,kaws,wheatpaste,"6,030",2013,20130515
M00857,Bushwick,lady pink,wheatpaste,"2,880",1776,20180504
M04375,chelsea ,Futura,Wheatpaste,"2,803",2023,20230702
M00698,Lower East Side,Shepard Fairey,Spray Paint,"3,242",2011,20110707
M01632,Bushwick,Faith47,acrylic,,2017,20171115
M02885,BUSHWICK,Futura,Wheatpaste,"2,883",2023,20230907
M03064,Lower East Side,shepard fairey,aerosol,101,2019,20190813
M02168,Bronx,lady pink,Spray Paint,"5,230",2014,20140301
M04781,williamsburg,futura,Acrylic,"5,239",2018,20181103
M01370,Long Island City,KAWS,Wheatpaste,"7,761",2023,20231110
M00659, Bushwick , BANKSY ,Mosaic,"6,926",2006,20060210
M01979,SoHo,kaws,Acrylic,"4,322",2023,20230824
M02827,bushwick,kaws,aerosol,"4,276",2006,20061202
M00754,williamsburg,Jane Q. Public,Wheatpaste,999999,2023,20230313
M03923,Bronx,COST,mosaic,266,2011,20110701
M00437,lower east side,os gemeos,Spray Paint,"6,715",2022,20220613
M00131,Bronx,,Mosaic,"2,994",2021,20210918
M01878,Bushwick,KAWS,acrylic,"2,312",2007,20070217
M04349,Bushwick,,spray paint,"4,699",2014,20141026
M03564,SoHo,faith47,spray paint,"4,054",2010,20100728
M00503,harlem,,Acrylic,999999,2020,20201225
M01683,the bronx,futura,wheatpaste,"3,898",2019,20191020
M00100,Bronx,os gemeos,Wheatpaste,"3,755",2008,20080512
M03282,the bronx,kaws,Mosaic,"5,992",2006,20060806
M02459,Chelsea,shepard fairey,acrylic,"3,240",2017,20170214
M02288,bushwick, BANKSY ,acrylic,899,2009,20091114
M01669,lower east side,COST,wheatpaste,"4,948",2015,20150301
M00799,Williamsburg,KAWS,Aerosol,999999,2016,20160603
M03731,Long Island City,,Acrylic,"1,190",2005,20050220
M03053,LIC,banksy,wheatpaste,"7,861",2011,20110317
M02651,SoHo,Futura,Aerosol,"2,420",2005,20050301
M02578,SoHo,os gemeos,Wheatpaste,"6,959",2005,20050515
M00253,bushwick,futura,Spray Paint,"4,380",2018,20180323
M02417,chelsea ,Os Gemeos,acrylic,"2,101",2014,20140319
M01901,lower east side,shepard fairey,spray paint,"5,723",2007,20070716
M00822,williamsburg,cost,Mosaic,"4,621",2007,20070621
M04702,the bronx,Banksy,wheatpaste,"4,624",2021,20211117
M01782,Harlem, BANKSY ,mosaic,"1,269",2011,20111101
M03459,Bushwick, BANKSY ,acrylic,"1,613",2008,20080813
M00729,Long Island City,os gemeos,Aerosol,322,2016,20161222
M01088,lower east side,shepard fairey,spraypaint,"5,878",2016,20160228
M00738,Williamsburg,,Mosaic,"5,488",2006,20060201
M00887,lower east side, BANKSY ,aerosol,"4,118",2023,20230607
M00634,bushwick,banksy,Mosaic,"5,918",2007,20070314
M01395,lower east side,Shepard Fairey,aerosol,"3,551",2008,20080728
M00337,chelsea ,Faith47,acrylic,367,2015,20151120
M00376,LES,KAWS,wheatpaste,165,2007,20071227
M01386,BUSHWICK,jane q. public,aerosol,"7,712",2022,20220407
M02489,Bushwick,Banksy,Mosaic,"5,077",2010,20100503
M02485,lower east side,futura,spray paint,58,2019,20190119
M01814,lower east side,jane q. public,Aerosol,,2017,20170912
M04089,BUSHWICK,os gemeos,wheatpaste,"4,336",2010,20100301
M03966,harlem,Jane Q. Public,Acrylic,"5,866",2008,20081127
M04894,Williamsburg,,spray paint,"7,991",2023,20230325
M04426,Bushwick,futura,Aerosol,"4,367",2015,20150218
M01022,the bronx,Lady Pink,Aerosol,440,2020,20200524
M03228,bushwick,faith47,acrylic,"4,775",2014,20140309
M03268,Long Island City,COST,aerosol,"1,323",2021,20210107
M03089,BUSHWICK,lady pink,Wheatpaste,,2011,20111125
M00682,SoHo,Lady Pink,aerosol,"1,632",2016,20160410
M01535, Bushwick ,Lady Pink,Spray Paint,"4,026",2007,20070513
M03418,Bushwick,futura,Aerosol,999999,2020,20200514
M01815,BUSHWICK,COST,spraypaint,"5,628",2007,20070419
M02693,lower east side,futura,mosaic,"1,481",2016,20160522
M01063, Bushwick ,Banksy,spraypaint,"1,905",2015,20150509
M02405,astoria,banksy,wheatpaste,"3,380",2021,20210916
M03097,williamsburg,jane q. public,Mosaic,"2,213",2022,20220606
M00661,Bushwick,Shepard Fairey,spray paint,"3,806",2015,20151101
M01394,Bronx,jane q. public,spray paint,"4,492",2015,20151025
M02003,LIC,Jane Q. Public,spray paint,"2,304",2018,20180406
M04477, Bushwick ,,Mosaic,"6,060",2013,20130825
M03891,LIC,shepard fairey,acrylic,"2,761",2019,20190728
M02465,soho, BANKSY ,Mosaic,"5,964",2016,20160804
M02966,Williamsburg,banksy,acrylic,,2009,20090124
M03675,Lower East Side,jane q. public,Spray Paint,"4,154",2012,20120119
M04042,astoria,Lady Pink,Aerosol,"3,968",2017,20170905
M03022,Lower East Side,KAWS,spray paint,"5,820",2015,20150119
M04087,BUSHWICK,faith47,mosaic,"7,455",2021,20210212
M04678,chelsea ,Banksy,Spray Paint,196,2014,20140628
M04808,Long Island City,Faith47,acrylic,"3,140",2013,20131122
M01275,LES,os gemeos,Aerosol,"7,986",2099,20180302
M04031,harlem,shepard fairey,wheatpaste,"2,833",2013,20131021
M01725,harlem,Banksy,Acrylic,342,2022,20220419
M01997,lower east side,lady pink,mosaic,"3,010",2013,20130115
M04192,harlem,banksy,spraypaint,"7,647",2021,20210118
M02589,Williamsburg,COST,spray paint,"6,718",2022,20220301
M01667,LIC,futura,wheatpaste,"7,061",2009,20091111
M03245,the bronx,shepard fairey,Aerosol,"1,373",2016,20161101
M01398,chelsea ,banksy,Acrylic,"7,716",2023,20230825
M04840,lower east side,lady pink,Aerosol,"3,858",2023,20230112
M03638,williamsburg,Faith47,Aerosol,"5,183",2007,20070818
M04415,harlem,Jane Q. Public,wheatpaste,"6,119",2020,20201016
M02719,Bronx,lady pink,Wheatpaste,"2,532",2019,20191021
M00140,Bronx,Banksy,spraypaint,"4,741",2016,20160404
M02226,SoHo,Futura,aerosol,"4,541",2019,20190604
M04063, Bushwick ,shepard fairey,spray paint,"7,421",2005,20050727
M04596,Chelsea,COST,acrylic,"2,194",2016,20161220
M01890,chelsea ,Jane Q. Public,acrylic,"7,311",2022,20220314
M04099,soho,Faith47,Wheatpaste,"7,822",2017,20171116
M02890,chelsea ,,Aerosol,"6,098",2099,20181103
M04624,soho,shepard fairey,spray paint,"4,844",2016,20160919
M01566,BUSHWICK,COST,spray paint,"6,255",2010,20100321
M00213,SoHo,Banksy,Spray Paint,402,2017,20170704
M00489,Bronx,Banksy,Aerosol,543,2023,20230526
M04382,soho,Shepard Fairey,wheatpaste,"4,728",2017,20170826
M00413,Chelsea,faith47,Spray Paint,"6,050",2005,20051008
M04842,Harlem,Shepard Fairey,acrylic,,2017,20171003
M02784,BUSHWICK,jane q. public,Acrylic,"1,301",2010,20101208
M00160,Bushwick,Os Gemeos,aerosol,"6,385",2009,20091023
M00896,soho,os gemeos,wheatpaste,"3,400",2022,20220225
M00875,LES,os gemeos,aerosol,"7,072",2014,20140904
M01758,Bushwick,banksy,acrylic,330,2017,20170707
M00395,Williamsburg,futura,wheatpaste,"3,916",2005,20050204
M00668,the bronx,Os Gemeos,Wheatpaste,"5,554",2006,20060709
M00203,astoria,Banksy,Aerosol,"1,303",2009,20090203
M04440,LIC,Os Gemeos,mosaic,"7,629",2008,20080928
M04084,Bushwick,kaws,Wheatpaste,"6,183",,20061128
M04318,bushwick,,Spray Paint,"6,475",2008,20080121
M00191,Williamsburg,Jane Q. Public,Aerosol,"1,852",2005,20051024
M03865,Bronx,kaws,Wheatpaste,"1,561",2015,20150919
M03305,the bronx,Os Gemeos,Aerosol,"2,183",2019,20190201
M00894,soho,Faith47,Spray Paint,"6,629",2011,20110410
M02234, Bushwick ,COST,Mosaic,"5,575",2018,20180419
M01304,chelsea , BANKSY ,Acrylic,"1,936",2014,20140928
M00651,BUSHWICK,kaws,acrylic,"1,512",2013,20131227
M02277,Lower East Side,jane q. public,Spray Paint,"7,479",2005,20050909
M04600,SoHo,cost,wheatpaste,"5,466",2007,20070414
M00601,astoria,Shepard Fairey,mosaic,"5,538",2022,20220317
M04096, Bushwick ,jane q. public,Spray Paint,"3,703",2011,20110102
M02359,Long Island City,jane q. public,aerosol,"5,232",2008,20081112
M04784,Chelsea,Lady Pink,spraypaint,152,2021,20210115
M03020,Williamsburg,Shepard Fairey,Spray Paint,"1,846",2010,20100625
M03814,soho,Jane Q. Public,spraypaint,"6,520",2012,20121226
M03193,SoHo,Shepard Fairey,Mosaic,72,2007,20070815
M03828,harlem,shepard fairey,Spray Paint,"6,834",2018,20180823
M03521,the bronx,,acrylic,"5,496",2020,20201016
M03574,williamsburg,kaws,Spray Paint,"3,839",2013,20130922
M03824,Harlem,COST,spraypaint,"2,554",2020,20201114
M04742,Astoria,lady pink,spraypaint,"5,194",2010,20100903
M03972,astoria,,spray paint,173,2018,20180205
M01240,bushwick,Jane Q. Public,aerosol,615,,20220224
M04519,LES,Faith47,acrylic,"3,192",2014,20140604
M00029,Williamsburg,,Mosaic,656,2009,20091018
M01583,Bushwick,cost,aerosol,"6,260",2007,20070709
M04219,Williamsburg,faith47,Spray Paint,"5,324",2015,20150821
M00548,the bronx,Os Gemeos,mosaic,,2018,20180823
M02880,LES,faith47,acrylic,"3,030",2012,20120401
M00121,BUSHWICK,os gemeos,spraypaint,"2,570",2011,20110408
M00109,Astoria,,spray paint,"1,098",2012,20120603
M03369,Lower East Side,Faith47,Mosaic,"4,393",2022,20220726
M00972,LES,Futura,acrylic,"3,093",2008,20080113
M04082,astoria,cost,Wheatpaste,"5,741",2018,20180612
M02044,bushwick,COST,Acrylic,"5,369",2008,20080926
M02952,Bushwick,kaws,acrylic,"3,690",,20111020
M03765,williamsburg,KAWS,Acrylic,"6,192",2009,20091206
M02684,bushwick,shepard fairey,aerosol,"3,327",2017,20170219
M03978,LIC,banksy,Acrylic,"4,109",2007,20070311
M02113,Chelsea,banksy,Aerosol,"6,196",,20110317
M01391,the bronx,Shepard Fairey,Wheatpaste,"5,627",,20080315
M02401, Bushwick ,Shepard Fairey,Mosaic,"4,821",2016,20160526
M02106,williamsburg,os gemeos,Aerosol,"7,489",2005,20050424
M03513,astoria,faith47,spray paint,"5,569",2023,20230404
M02448,bushwick, BANKSY ,Mosaic,"5,893",2010,20100111
M04178,LES,Lady Pink,Spray Paint,"2,491",2007,20070209
M01563,LIC,,spray paint,414,2007,20070819
M01246,lower east side, BANKSY ,wheatpaste,209,2017,20170605
M00187,SoHo,lady pink,spray paint,"5,337",2019,20191227
M02837,bushwick,,wheatpaste,"3,704",2014,20140416
M04797, Bushwick , BANKSY ,acrylic,"6,635",2023,20230310
M04543,soho,KAWS,aerosol,"7,173",2019,20191007
M01810, Bushwick ,KAWS,Acrylic,500,2019,20190701
M03288,astoria,Os Gemeos,spraypaint,"5,627",2020,20200115
M00981,SoHo,Banksy,aerosol,"3,879",2007,20070412
M02657,Astoria,banksy,Acrylic,"2,647",2005,20050209
M00608,Williamsburg,faith47,wheatpaste,"7,865",2005,20051015
M02035,Bushwick,COST,wheatpaste,"7,409",2019,20190716
M04726,Bushwick,Jane Q. Public,Aerosol,434,2005,20051001
M03366,bushwick,COST,Wheatpaste,"3,766",2021,20210218
M03504,Long Island City,Os Gemeos,wheatpaste,225,2015,20150118
M03515,soho,Lady Pink,mosaic,"6,404",2012,20120802
M04579,soho,banksy,Aerosol,"6,250",2023,20230101
M01216,BUSHWICK,futura,Acrylic,"7,997",2005,20050216
M00747,Lower East Side,cost,Mosaic,"3,154",2005,20050428
M04700,the bronx,Lady Pink,Aerosol,"3,714",2008,20080916
M03046,Harlem,kaws,acrylic,"7,706",2009,20090216
M04658,LES,os gemeos,Mosaic,"5,752",2005,20050417
M03102,Long Island City,lady pink,Spray Paint,"1,749",2005,20050626
M00245,LES,Lady Pink,acrylic,"5,496",2010,20101201
M03924,chelsea ,jane q. public,Mosaic,"6,591",2014,20140925
M03256,bushwick,Faith47,Aerosol,"4,958",2009,20090417
M00341,the bronx,lady pink,mosaic,"6,774",2021,20210110
M02902,SoHo,KAWS,acrylic,"1,497",2010,20100525
M02322,Lower East Side,futura,Acrylic,"5,802",2009,20091115
M01486,Astoria,Lady Pink,aerosol,"7,380",2012,20121021
M01506,harlem,Shepard Fairey,mosaic,"1,246",2010,20100424
M03857,BUSHWICK,Jane Q. Public,Aerosol,"3,878",2013,20131225
M03362,Long Island City,faith47,Acrylic,"5,958",2018,20181112
M04142,the bronx,,Wheatpaste,740,2016,20161114
M01776, Bushwick ,Futura,wheatpaste,,2012,20120715
M04354,Harlem,Shepard Fairey,acrylic,919,2017,20171203
M03460,LIC,shepard fairey,Wheatpaste,968,2009,20090222
M01101,chelsea ,jane q. public,acrylic,"5,850",2018,20180112
M01166,soho,Lady Pink,acrylic,"5,163",2020,20200820
M00418,Chelsea,Lady Pink,Acrylic,"5,980",2017,20170419
M00744,LIC,os gemeos,Acrylic,"6,317",2013,20131104
M02495,BUSHWICK,Banksy,spraypaint,"3,663",2018,20180520
M01281,Harlem,kaws,Aerosol,"5,927",2018,20181118
M01900,harlem,shepard fairey,Aerosol,"3,053",2021,20210418
M02731,Harlem,Futura,aerosol,"7,436",2006,20060617
M01090,williamsburg,Lady Pink,Spray Paint,"4,407",2012,20120312
M04021,bushwick,shepard fairey,spraypaint,"5,843",2016,20160508
M03402,bushwick,KAWS,Aerosol,"5,475",2006,20060511
M01532,Bushwick,Futura,spraypaint,"1,519",2007,20070123
M04062,soho,COST,wheatpaste,578,2018,20180301
M00037,soho,Banksy,Aerosol,"5,487",2010,20100927
M03005,Bushwick,os gemeos,spraypaint,"4,344",2099,20180116
M00018,Chelsea,lady pink,aerosol,483,2008,20080208
M00862, Bushwick ,cost,spray paint,"2,113",2014,20140912
M04156,the bronx,faith47,spray paint,296,2023,20231218
M03987,astoria,Os Gemeos,mosaic,"1,867",2007,20070407
M02518,Lower East Side,shepard fairey,spray paint,"2,572",2012,20120120
M02078,Bronx, BANKSY ,mosaic,"5,539",2023,20230702
M04875,Astoria, BANKSY ,mosaic,"7,774",2010,20100503
M00502,lower east side,banksy,Wheatpaste,"2,092",2005,20051101
M00996,LIC,Faith47,Wheatpaste,"1,427",2011,20111208
M03847,lower east side,Banksy,Spray Paint,"5,782",2022,20220401
M01779,Bronx,KAWS,Mosaic,"4,478",2015,20150228
M01396,harlem,Lady Pink,spraypaint,166,2005,20051127
M02076,soho,banksy,aerosol,"3,456",2017,20171203
M03585,harlem,faith47,Acrylic,"3,095",2005,20051002
M04369,Chelsea,jane q. public,Acrylic,830,2021,20210916
M04011,Bushwick,kaws,spray paint,"3,254",2008,20080506
M04091,SoHo,banksy,spraypaint,"2,423",,20170107
M01689, Bushwick ,,Aerosol,"7,932",2017,20170414
M04505,harlem,Os Gemeos,mosaic,,2016,20160302
M04833,williamsburg,,Mosaic,"4,315",2023,20231004
M04552,BUSHWICK,Banksy,wheatpaste,"1,862",2018,20180705
M02944,harlem, BANKSY ,acrylic,"3,332",2005,20050109
M02440,Astoria,Lady Pink,spraypaint,"3,944",2007,20071001
M01579,harlem,os gemeos,Wheatpaste,"3,945",2006,20060518
M01484,bushwick,Futura,wheatpaste,"7,967",2012,20121217
M04719,SoHo,KAWS,Spray Paint,"2,790",2011,20110710
M02533, Bushwick ,cost,aerosol,"6,998",2005,20050723
M01657,SoHo,kaws,Acrylic,"3,072",,20070424
M00428,Chelsea,os gemeos,acrylic,"4,530",2007,20071205
M03179,SoHo, BANKSY ,Mosaic,,2010,20101024
M04004,SoHo,futura,Aerosol,"6,567",2017,20170813
M00923,lower east side,os gemeos,wheatpaste,"1,519",2015,20150410
M01959,LES,os gemeos,aerosol,"3,717",2009,20090701
M01256,Chelsea,cost,Acrylic,"3,131",2014,20141125
M04750,soho, BANKSY ,wheatpaste,"7,310",2014,20140819
M02065,bushwick,os gemeos,Mosaic,"5,730",2005,20050416
M00443,Harlem,Jane Q. Public,aerosol,"4,065",2010,20100109
M00499,Lower East Side,futura,Mosaic,"5,738",2014,20141115
M00273,SoHo, BANKSY ,mosaic,"5,847",2015,20150423
M01176,harlem,Faith47,spraypaint,529,2008,20080820
M02804,Harlem,Futura,Acrylic,"4,578",2006,20060112
M00922,harlem,banksy,spray paint,793,2012,20120919
M04859,Williamsburg,Shepard Fairey,spraypaint,"3,823",2010,20101020
M04500,the bronx,jane q. public,Mosaic,,2017,20171106
M00753,Williamsburg,Shepard Fairey,Aerosol,"7,133",2014,20140315
M00752,lower east side,lady pink,Acrylic,"2,893",2017,20170523
M00369,Astoria,lady pink,mosaic,84,2005,20050113
M01897,Long Island City,Jane Q. Public,Aerosol,"6,369",2019,20190118
M01772,the bronx,cost,wheatpaste,306,2023,20230102
M04366,williamsburg,Os Gemeos,Acrylic,"6,977",,20220224
M01407,Williamsburg,Futura,Wheatpaste,"4,902",2009,20090506
M00770,SoHo,,spraypaint,"3,231",2022,20220716
M04613,Bushwick,Lady Pink,aerosol,694,2016,20160907
M02699,Harlem,Jane Q. Public,wheatpaste,546,2016,20160724
M01103,bushwick,futura,acrylic,"6,012",2013,20130608
M04423,Long Island City,shepard fairey,wheatpaste,"6,862",2007,20070826
M04151,chelsea ,cost,Mosaic,"3,484",2016,20161003
M01477,chelsea ,lady pink,Mosaic,423,2015,20150327
M02217,bushwick,Futura,Spray Paint,"7,374",2011,20111012
M02425,Long Island City,os gemeos,spray paint,402,2023,20230822
M00515,the bronx,COST,Acrylic,"2,889",2022,20220904
M00124,soho,jane q. public,acrylic,"1,999",2020,20201119
M00510,Lower East Side,lady pink,Mosaic,"6,739",2008,20080403
M00577,Astoria,faith47,aerosol,"6,557",2014,20141118
M04395, Bushwick ,jane q. public,aerosol,999999,2013,20131221
M04212,Long Island City,futura,Mosaic,"6,948",2021,20210314
M01006,Williamsburg,Banksy,Wheatpaste,780,2009,20090315
M01655,BUSHWICK,jane q. public,acrylic,923,2005,20050514
M01129,Chelsea,kaws,wheatpaste,"2,392",2006,20060210
M04296,BUSHWICK,,acrylic,"5,989",2005,20050720
M01756,chelsea ,cost,Aerosol,"7,839",2023,20230324
M04413,Williamsburg,jane q. public,spraypaint,"5,903",2020,20201115
M04015,harlem,faith47,spray paint,"6,740",2006,20060521
M01965,SoHo, BANKSY ,Acrylic,,2012,20120826
M02680,LIC,KAWS,aerosol,"5,820",2012,20120326
M03048,Williamsburg,Lady Pink,Spray Paint,"2,602",2009,20091115
M03377,the bronx,os gemeos,aerosol,"2,095",2020,20200303
M02521,williamsburg,KAWS,spray paint,"3,278",2011,20110503
M02999,astoria,lady pink,spraypaint,"5,159",2013,20131115
M01549,the bronx,os gemeos,Mosaic,"7,262",2016,20160411
M00360,williamsburg,lady pink,spraypaint,"4,151",2019,20191109
M02414,williamsburg,,Wheatpaste,"7,993",2022,20220913
M02702,bushwick,lady pink,Aerosol,"5,892",2005,20050321
M01241,Chelsea,kaws,Aerosol,"2,805",,20130420
M03929,harlem,Shepard Fairey,Mosaic,"7,435",2009,20090701
M00188,Bushwick,faith47,Aerosol,636,2023,20230807
M02467,Bronx,lady pink,aerosol,"5,936",2016,20160711
M03455,Chelsea,Os Gemeos,Mosaic,"3,845",2021,20210920
M00202,soho, BANKSY ,wheatpaste,"1,908",2017,20171113
M02858,the bronx,Shepard Fairey,Aerosol,"2,250",2017,20170914
M00900,BUSHWICK,,Spray Paint,"1,307",2014,20140820
M02808,Harlem,os gemeos,acrylic,"5,346",2017,20170407
M03906,lower east side,kaws,spray paint,"6,468",1776,20180604
M04524, Bushwick ,kaws,mosaic,"6,945",2012,20120621
M04193,Long Island City,COST,acrylic,"4,768",2005,20051126
M00196,harlem,jane q. public,wheatpaste,"5,117",2016,20160613
M01826,soho,Lady Pink,acrylic,"1,813",2015,20150125
M04636,the bronx,,Wheatpaste,,2012,20121212
M04019,williamsburg,faith47,Spray Paint,"5,862",2012,20120526
M02316,Long Island City,KAWS,spraypaint,"3,580",2014,20140226
M00683,LIC,os gemeos,Mosaic,"1,502",2010,20100127
M03424,Chelsea,Faith47,Mosaic,"3,636",2015,20150219
M00214,LES,shepard fairey,spraypaint,"5,673",2019,20191119
M00280,bushwick,futura,wheatpaste,"3,066",2006,20060427
M02735,Chelsea,kaws,Mosaic,"2,792",2008,20081008
M01284,Harlem,Shepard Fairey,Aerosol,803,2015,20150417
M01210,LES,Os Gemeos,mosaic,"4,549",2010,20100616
M02755,Williamsburg,COST,acrylic,"6,914",2020,20200303
M04533,the bronx,Banksy,spraypaint,"7,194",2008,20081018
M02507,BUSHWICK,faith47,Mosaic,432,2008,20080227
M02882,harlem,Lady Pink,Acrylic,127,2013,20130311
M04157,soho,Jane Q. Public,aerosol,239,2011,20110411
M02842,LES,Futura,Aerosol,"5,258",2006,20060618
M03030, Bushwick ,shepard fairey,spraypaint,713,,20091027
M01305,bushwick,faith47,Aerosol,"5,429",2017,20170703
M03127,harlem, BANKSY ,Acrylic,"2,004",2006,20060512
M00594,Bushwick,kaws,aerosol,"2,348",2018,20180727
M01327,SoHo,kaws,spray paint,"2,898",2019,20191204
M03055,Astoria,Futura,acrylic,"1,970",2012,20120816
M04576,LIC,kaws,wheatpaste,"1,581",2099,20181003
M04363,harlem,shepard fairey,Wheatpaste,680,,20071126
M02255,Lower East Side,KAWS,Aerosol,"1,950",2013,20130424
M01988,Astoria,kaws,spraypaint,"7,562",,20110902
M02352,Harlem,Lady Pink,mosaic,601,2013,20131025
M02206,Bronx,shepard fairey,mosaic,"5,574",2010,20101202
M03422,williamsburg,banksy,Wheatpaste,148,2020,20200410
M01467,LIC,kaws,Aerosol,"2,634",2006,20060126
M00123,soho,jane q. public,wheatpaste,"7,434",2019,20191208
M04512,BUSHWICK,Jane Q. Public,Aerosol,"1,484",1776,20180501
M02194,BUSHWICK,futura,mosaic,"4,078",2016,20160608
M01212,Harlem,cost,Aerosol,"6,593",2009,20090508
M01307,Harlem,Banksy,acrylic,711,2010,20100221
M03702,astoria,cost,mosaic,"6,577",2009,20091128
M00168,williamsburg,cost,acrylic,"4,423",2006,20060302
M04450,astoria,futura,spray paint,"5,743",2020,20200515
M00355,the bronx,jane q. public,Acrylic,"1,257",,20120505
M00279,LIC,futura,Spray Paint,711,2008,20080822
M03115,chelsea ,futura,Acrylic,"1,258",2016,20160318
M01817,Chelsea,Os Gemeos,wheatpaste,"6,321",2010,20101223
M02720,Harlem,Banksy,wheatpaste,"2,328",2018,20181022
M00967,williamsburg,Shepard Fairey,spray paint,,2005,20050913
M02575,Bronx,KAWS,mosaic,"3,681",2010,20100520
M00067,Bushwick,kaws,wheatpaste,"7,326",2015,20150422
M03114,astoria,Lady Pink,acrylic,"2,100",2016,20160928
M04266,Williamsburg,Os Gemeos,Mosaic,"1,219",2017,20170308
M00390,LES,Jane Q. Public,Spray Paint,"2,168",2022,20220601
M02985,SoHo,futura,Aerosol,"1,117",2013,20130816
M01909,SoHo,Lady Pink,Wheatpaste,"7,268",2013,20130721
M03778,Astoria,KAWS,aerosol,"2,131",2008,20080302
M00186,the bronx,Jane Q. Public,Acrylic,"1,886",2009,20090914
M04542,astoria,kaws,spraypaint,"4,096",2017,20170718
M00296,Lower East Side,futura,Wheatpaste,"4,639",2014,20140211
M01123,Bushwick,os gemeos,acrylic,"1,307",2023,20230317
M04459,Chelsea, BANKSY ,Mosaic,"6,961",2006,20060917
M01832,SoHo,jane q. public,Mosaic,"1,226",2023,20230620
M04662,Williamsburg,Jane Q. Public,Acrylic,"3,991",2021,20210602
M04769,BUSHWICK,Os Gemeos,wheatpaste,"3,319",2010,20100419
M02158,Williamsburg,jane q. public,Spray Paint,"3,978",2017,20170101
M01733,Williamsburg,COST,mosaic,"4,732",2010,20101002
M02717,BUSHWICK,lady pink,wheatpaste,"6,813",2011,20110519
M03939,Bushwick,jane q. public,mosaic,-50,2013,20130104
M04557, Bushwick ,Shepard Fairey,spray paint,"6,372",2008,20080302
M00020,Bushwick,Lady Pink,Mosaic,"6,992",2018,20180702
M02409,lower east side,cost,spray paint,"6,493",2023,20230701
M01387,astoria,,Spray Paint,"5,896",2011,20110215
M01989,the bronx,faith47,acrylic,"3,469",2015,20150709
M02947,williamsburg,Os Gemeos,Spray Paint,"7,091",2019,20190605
M03239,astoria,COST,Acrylic,"5,611",2022,20220328
M02937,the bronx,Futura,Spray Paint,"6,082",2013,20130615
M02540,Lower East Side,Lady Pink,mosaic,"7,170",2016,20160211
M02939,chelsea ,KAWS,Aerosol,96,2005,20051218
M04003,astoria,Banksy,wheatpaste,"6,979",2008,20081022
M02460,lower east side,cost,mosaic,"2,933",2006,20061119
M02491,bushwick,Futura,Mosaic,"4,413",2015,20150311
M01888,Lower East Side,Jane Q. Public,spray paint,"6,931",2017,20170614
M01348,the bronx,os gemeos,mosaic,"4,721",2014,20140414
M02230,Bronx,Os Gemeos,spray paint,"1,548",2005,20051223
M01976,williamsburg,COST,Acrylic,479,2020,20200716
M01015,chelsea ,Banksy,mosaic,"1,505",2022,20220205
M02294,Williamsburg,COST,Acrylic,421,2013,20130613
M04177,astoria,futura,Spray Paint,"5,010",2019,20190623
M02817,the bronx,Faith47,acrylic,374,2019,20191121
M03864,Chelsea,Faith47,Mosaic,"2,556",2020,20201027
M00292,soho,,Spray Paint,"3,694",2020,20200327
M04549,SoHo,cost,Acrylic,"7,076",1776,20180213
M01617,Bronx,futura,Mosaic,"7,077",2018,20180928
M00492,bushwick,kaws,mosaic,"3,422",2012,20120307
M01896,Astoria,KAWS,spraypaint,696,2023,20230804
M04799,BUSHWICK, BANKSY ,Aerosol,"6,625",2021,20210519
M04090,the bronx,faith47,acrylic,"2,615",2012,20120521
M04821,Bronx,shepard fairey,aerosol,"7,508",2019,20190608
M04879,chelsea , BANKSY ,Aerosol,"4,453",2021,20210421
M00155, Bushwick ,Os Gemeos,spraypaint,"3,204",2022,20221120
M04844,Chelsea, BANKSY ,wheatpaste,"6,891",2010,20101109
M00993,Harlem,banksy,Spray Paint,"5,955",2021,20210727
M00479,Lower East Side,lady pink,aerosol,"1,241",2019,20191015
M01978,Lower East Side,jane q. public,Aerosol,"6,672",2013,20130519
M03353,Lower East Side,Lady Pink,acrylic,"5,016",2017,20171013
M02464,chelsea ,,Aerosol,"2,366",2011,20110513
M03732,lower east side,kaws,spraypaint,958,2016,20160224
M01051,soho,Faith47,Wheatpaste,"3,375",2020,20200817
M03752,SoHo,,mosaic,"4,050",2023,20230810
M02204,BUSHWICK,faith47,aerosol,"3,841",2012,20121028
M01796,BUSHWICK,Shepard Fairey,acrylic,"3,388",2019,20191010
M03205,bushwick,KAWS,Spray Paint,"7,961",2006,20060914
M00195, Bushwick ,Jane Q. Public,spraypaint,177,2013,20130927
M02836,soho,Lady Pink,mosaic,"6,328",2020,20201028
M00231,Harlem,KAWS,Mosaic,803,2019,20190226
M04498,williamsburg,Futura,wheatpaste,"7,322",2018,20181209
M04588,Chelsea,futura,Aerosol,748,2020,20201103
M03275,astoria,faith47,Acrylic,"6,608",2018,20180213
M04052,harlem,shepard fairey,Mosaic,"1,620",2020,20200414
M00763,bushwick,banksy,aerosol,"4,321",2016,20161204
M02909,bushwick,futura,Spray Paint,"3,314",2013,20131109
M01544,Lower East Side,Jane Q. Public,wheatpaste,,2023,20230803
M02394,Astoria,banksy,mosaic,858,2020,20200107
M03660,chelsea ,futura,spray paint,"7,978",2017,20170418
M01451,BUSHWICK,Banksy,Aerosol,"2,715",,20170428
M04503, Bushwick ,lady pink,aerosol,"6,847",2015,20150621
M00511,williamsburg,banksy,wheatpaste,"2,696",2023,20230425
M02935, Bushwick ,KAWS,Wheatpaste,"6,204",2012,20120308
M02344,Harlem,futura,spray paint,"6,317",,20060902
M04776,williamsburg,os gemeos,Wheatpaste,"2,047",2023,20230119
M03189,Bronx,Banksy,aerosol,"5,642",2006,20061009
M00840,Astoria,faith47,Spray Paint,"1,224",2015,20150316
M02891,Bushwick,Lady Pink,Acrylic,441,2011,20110722
M04753,Williamsburg,Faith47,spraypaint,"7,107",2099,20180306
M01091,bushwick,lady pink,Aerosol,"7,663",2009,20090728
M03076,Astoria,Banksy,acrylic,"5,907",2014,20140909
M04590,Chelsea,Jane Q. Public,Wheatpaste,"7,856",2020,20200702
M02429,Astoria,Futura,wheatpaste,"7,078",2014,20140827
M00012,Long Island City,shepard fairey,spray paint,,2011,20110925
M04107,LIC,Futura,aerosol,"3,461",2021,20210315
M02599,Astoria,futura,Mosaic,504,2021,20210218
M00991,BUSHWICK,Lady Pink,spraypaint,"5,344",2008,20081205
M01599,Lower East Side,shepard fairey,Spray Paint,"5,755",2023,20231010
M03783,harlem,faith47,Acrylic,"5,892",2021,20211009
M04707,bushwick,Os Gemeos,mosaic,"3,919",2005,20050216
M00610,Bronx,Os Gemeos,Aerosol,"7,022",2017,20171105
M03968,astoria,Futura,spray paint,"3,602",2017,20170721
M02454,BUSHWICK,Jane Q. Public,spraypaint,"5,215",2013,20130704
M02543,LES,faith47,Aerosol,"6,999",2009,20090412
M01764,soho,Futura,Aerosol,91,2014,20140327
M01038,LES,Os Gemeos,spraypaint,"5,361",2008,20081025
M00617,Chelsea,,Mosaic,"7,178",,20111009
M03570,Bushwick,,Acrylic,279,2018,20180812
M02068,Harlem,cost,aerosol,"4,776",2010,20100625
M03142,Bushwick,jane q. public,Mosaic,"7,935",2005,20050610
M03168, Bushwick ,COST,spray paint,999999,2007,20070820
M00549,LES,banksy,Aerosol,"4,804",2015,20150606
M03986,Williamsburg,Banksy,Acrylic,"5,098",2017,20170116
M01836,soho,Lady Pink,spray paint,"5,375",2018,20180214
M00681,LES,,Spray Paint,"6,713",2017,20170112
M04235,Williamsburg,banksy,Acrylic,"6,935",2007,20070324
M00002,chelsea ,Futura,acrylic,"4,179",2022,20220914
M04874,Chelsea,lady pink,Aerosol,"3,290",2015,20150922
M00455,LES,Faith47,mosaic,"6,489",2019,20190103
M02545, Bushwick ,futura,mosaic,"1,870",2014,20140315
M00836,LES,cost,spray paint,"7,810",2011,20111025
M02167,harlem,futura,Mosaic,771,2008,20081003
M03244,Long Island City,faith47,acrylic,"2,285",2015,20150118
M04538,Long Island City,lady pink,spraypaint,"6,490",2018,20180804
M04446,Harlem, BANKSY ,Wheatpaste,"7,744",2016,20161112
M01845,chelsea ,COST,aerosol,"5,331",2010,20101110
M01207,astoria,COST,Wheatpaste,"4,482",2018,20180311
M02393,harlem,kaws,spray paint,"4,720",2021,20210819
M02312,bushwick,jane q. public,aerosol,"1,457",2010,20100619
M00812,BUSHWICK,futura,spraypaint,"3,699",2020,20200724
M02590,williamsburg,Banksy,Wheatpaste,"5,660",2012,20120103
M04424,Williamsburg,banksy,mosaic,"4,179",2012,20120910
M04788,williamsburg,COST,spray paint,"1,181",2006,20061128
M00570,SoHo,banksy,Mosaic,"4,576",2023,20230317
M00735,Bushwick, BANKSY ,mosaic,"7,519",2010,20100209
M02480,chelsea ,cost,Wheatpaste,"1,894",2008,20080313
M04677,the bronx,lady pink,aerosol,753,2018,20180413
M03735,Lower East Side,Futura,Mosaic,68,2022,20220127
M00262,SoHo,banksy,Spray Paint,"5,070",2012,20120916
M00267,Long Island City,banksy,aerosol,"6,678",,20200103
M00211,the bronx,cost,Acrylic,"1,302",2017,20170819
M03977,Lower East Side,Shepard Fairey,spraypaint,"5,341",2015,20151228
M02341,chelsea ,Banksy,spray paint,"2,585",2017,20170424
M02222,Bushwick,faith47,spray paint,"2,432",2007,20070509
M03509,bushwick,,Aerosol,"7,850",2099,20180101
M04452,BUSHWICK,faith47,mosaic,"2,190",2008,20080609
M04470,Lower East Side,futura,acrylic,"7,216",2023,20231116
M02205,astoria,COST,spraypaint,"1,205",2016,20160313
M03928,bushwick,os gemeos,acrylic,"2,767",2014,20140707
M01108,soho,cost,Spray Paint,"3,354",2009,20090705
M04365,astoria,lady pink,Mosaic,389,2020,20201008
M00829,Bronx,kaws,Wheatpaste,,2012,20120205
M00344,LIC,cost,acrylic,"1,498",2022,20220514
M04299,bushwick,faith47,mosaic,"1,317",2013,20131013
M01846,Bronx,Banksy,Mosaic,"3,100",2005,20050527
M04820,astoria,kaws,Acrylic,"2,032",2017,20170912
M01512,Lower East Side,banksy,Aerosol,143,2006,20060708
M03884,williamsburg, BANKSY ,Wheatpaste,934,2008,20080419
M00665,chelsea ,Os Gemeos,Aerosol,"4,077",2011,20111113
M04738,soho,futura,Wheatpaste,"3,787",2017,20171205
M04789,BUSHWICK,,Acrylic,"7,302",2023,20230816
M02673,chelsea ,Lady Pink,acrylic,"2,268",2020,20201214
M03063,Williamsburg, BANKSY ,Aerosol,"2,096",2010,20100719
M02666,Lower East Side,Banksy,mosaic,"7,083",2017,20170313
M01293,harlem,Os Gemeos,spray paint,"2,405",2022,20220205
M04209,Chelsea,shepard fairey,mosaic,"4,591",2010,20100525
M00316,Astoria,Lady Pink,Spray Paint,"3,494",2010,20100128
M02087,the bronx,COST,mosaic,"6,024",2019,20190707
M01536,Long Island City,Lady Pink,spraypaint,"1,225",2023,20230506
M02650,Long Island City,kaws,Spray Paint,606,2007,20071218
M03496,Lower East Side,Faith47,Spray Paint,"4,262",2016,20160614
M03506,Bronx,faith47,Mosaic,"2,617",2016,20160623
M02363,Chelsea,Faith47,Spray Paint,"2,124",2020,20201208
M03873,Bronx,Os Gemeos,Acrylic,"4,031",2013,20130705
M03600,Bushwick,os gemeos,acrylic,,1776,20180120
M01018,Bronx,os gemeos,Wheatpaste,"6,035",2017,20170205
M02984,LES,jane q. public,aerosol,"2,629",2020,20201022
M01876,williamsburg,lady pink,acrylic,"5,900",2016,20160224
M01115,Bronx,Banksy,wheatpaste,"5,826",2016,20161009
M02978,BUSHWICK,os gemeos,spraypaint,"6,077",2023,20230628
M04876,chelsea ,cost,wheatpaste,731,2016,20160313
M00543,Astoria,Lady Pink,Mosaic,757,2019,20190810
M02356,astoria,kaws,acrylic,"4,028",2012,20120412
M04135,soho,,aerosol,"7,397",2012,20121018
M04022,Bushwick,,mosaic,527,2006,20060828
M04585,LES,Faith47,Mosaic,"4,203",2006,20060828
M03590,Harlem,COST,Spray Paint,792,2022,20220601
M02801,LIC,COST,mosaic,"5,111",2023,20231203
M04252,bushwick,jane q. public,spraypaint,"2,293",2010,20100428
M00472,Williamsburg,jane q. public,wheatpaste,"2,953",2011,20110903
M02871,williamsburg,Futura,Spray Paint,"6,875",2014,20140810
M00162,Bronx,futura,wheatpaste,"3,126",2010,20100912
M02373,the bronx, BANKSY ,spraypaint,"5,523",2020,20201225
M00438,Chelsea,faith47,acrylic,"5,663",2012,20120520
M02857,astoria,banksy,aerosol,"1,235",2009,20090306
M03159,harlem,os gemeos,aerosol,"1,713",2016,20160920
M00757,chelsea ,Banksy,wheatpaste,135,2007,20070908
M02317, Bushwick ,,wheatpaste,"7,066",2013,20130522
M01288,chelsea ,banksy,aerosol,"1,931",2023,20231128
M00496,Bushwick,KAWS,spray paint,,2021,20210311
M01362,Bushwick,COST,Wheatpaste,"2,130",2014,20141202
M00970,SoHo,lady pink,Spray Paint,"2,597",2018,20180515
M04029,Bushwick,jane q. public,Aerosol,"1,878",2020,20200207
M00008,Williamsburg,os gemeos,Aerosol,"7,219",2011,20111115
M00602,soho,COST,Mosaic,"1,201",2015,20150524
M00760,williamsburg,,wheatpaste,"6,747",2008,20081104
M03411,astoria,Os Gemeos,spraypaint,"1,297",2012,20120414
M04723,soho,lady pink,spray paint,"6,515",2011,20110518
M00517,Bronx,Lady Pink,spray paint,"2,099",2019,20190906
M02347,chelsea ,Faith47,wheatpaste,"5,778",2009,20090413
M01155,lower east side,banksy,spraypaint,"6,986",2008,20080804
M00481,harlem,Faith47,spray paint,"3,064",1776,20180604
M03254,Bronx,faith47,spray paint,999999,2010,20100602
M03657,williamsburg,cost,spraypaint,"7,469",2010,20100810
M01929,SoHo,Faith47,acrylic,"6,247",2014,20140426
M02013,Williamsburg,KAWS,Spray Paint,978,2005,20050218
M03686,BUSHWICK,shepard fairey,Mosaic,"2,373",2006,20060603
M03917,LIC,lady pink,aerosol,"2,892",2013,20130222
M01701,astoria,,spraypaint,"6,644",2005,20050106
M03208,Lower East Side,shepard fairey,Acrylic,"7,546",2006,20060807
M00937,Astoria, BANKSY ,Wheatpaste,"4,226",2011,20111114
M03263,soho,cost,spray paint,"4,945",2017,20170413
M02201,SoHo,kaws,mosaic,"4,686",2019,20190805
M00473,lower east side,futura,mosaic,836,2019,20190328
M03433, Bushwick ,Jane Q. Public,Wheatpaste,"7,606",2008,20081205
M00462,the bronx,Jane Q. Public,spray paint,"3,984",2019,20190615
M01738,lower east side,lady pink,Mosaic,"3,816",2007,20070916
M04563,Williamsburg,faith47,spray paint,"4,686",2005,20050614
M01485,soho, BANKSY ,Spray Paint,"3,968",2021,20210701
M01981,lower east side,kaws,Aerosol,"6,786",2018,20181208
M00532,Chelsea,Faith47,Mosaic,957,2020,20201101
M04496,Bushwick,Os Gemeos,Aerosol,"5,391",2023,20230524
M01637,BUSHWICK,Faith47,aerosol,"2,905",2021,20210414
M01053,Harlem,KAWS,spraypaint,"3,579",2008,20081122
M03792,lower east side,Banksy,Mosaic,"3,962",2014,20140125
M01889,Harlem,,Wheatpaste,"2,227",2023,20230716
M03952,the bronx,Futura,aerosol,"1,401",2010,20100928
M03180, Bushwick ,cost,aerosol,"3,994",2023,20230216
M02703,Chelsea,shepard fairey,aerosol,"1,605",2011,20110926
M01164, Bushwick ,faith47,Wheatpaste,"7,485",2009,20090821
M04838,BUSHWICK,os gemeos,aerosol,"1,512",2016,20160316
M03113,Williamsburg,jane q. public,spray paint,359,2008,20080216
M00236,Lower East Side,Os Gemeos,Spray Paint,"7,087",2009,20090224
M04425,SoHo,Jane Q. Public,spray paint,"7,120",2011,20110321
M01274,Williamsburg, BANKSY ,spray paint,"1,390",2015,20150203
M01682,chelsea ,Shepard Fairey,Acrylic,"1,376",2022,20220524
M02868,Lower East Side,Faith47,aerosol,"1,127",2010,20100204
M02610,Bushwick,banksy,acrylic,"2,990",2017,20170428
M04222,the bronx,Shepard Fairey,mosaic,"5,106",2013,20130620
M02641,williamsburg,futura,Spray Paint,"6,371",2014,20140119
M00093,Lower East Side,Banksy,spray paint,"1,040",2019,20191120
M01014,Lower East Side,COST,acrylic,486,2013,20130817
M00254,lower east side,os gemeos,Wheatpaste,"5,781",2019,20190217
M02385,Bushwick,Futura,wheatpaste,"2,485",2007,20071125
M04348,SoHo,,spraypaint,"6,292",2020,20201209
M04241,BUSHWICK,Lady Pink,Spray Paint,"2,781",2020,20200513
M00801,astoria,KAWS,aerosol,"4,818",2017,20171121
M04720,Astoria,Os Gemeos,spray paint,"2,201",2005,20050104
M04810,Astoria,KAWS,spray paint,"4,279",2005,20051016
M00523,bushwick,Shepard Fairey,Acrylic,"4,887",2023,20230102
M03136,Williamsburg,futura,Aerosol,,2006,20060503
M00251,Chelsea,Shepard Fairey,aerosol,"2,428",,20140619
M04226,SoHo,Jane Q. Public,wheatpaste,"4,785",2005,20050222
M03664,SoHo,futura,aerosol,"5,662",,20050123
M01768,bushwick,Os Gemeos,Mosaic,"1,137",2016,20160912
M00039,Long Island City,Futura,acrylic,"7,838",2014,20140102
M02629,chelsea ,futura,mosaic,"7,560",2005,20050308
M04887,Bronx,kaws,Spray Paint,,2012,20120709
M00028,astoria,futura,spraypaint,"5,236",,20130321
M01496,Long Island City,banksy,spray paint,"4,256",2015,20150801
M03995,bushwick,kaws,wheatpaste,"2,180",2007,20071206
M00200,lower east side,KAWS,mosaic,670,2023,20230722
M00332,Harlem,banksy,Aerosol,503,2010,20100327
M02865,williamsburg,Jane Q. Public,aerosol,"1,576",2010,20100814
M01371,lower east side,COST,wheatpaste,"6,274",2019,20190318
M04619,Bushwick,Lady Pink,Spray Paint,322,2020,20200710
M02176,astoria,jane q. public,Aerosol,"1,163",2018,20181010
M03489,harlem,Lady Pink,Spray Paint,"4,355",2022,20220416
M04054,soho,os gemeos,wheatpaste,"4,664",2005,20050109
M03265, Bushwick ,Futura,mosaic,"4,410",2099,20180419
M00110,williamsburg,Banksy,mosaic,"4,756",2017,20170213
M03471,Long Island City,Futura,Mosaic,"2,231",2016,20161016
M01055,harlem,Jane Q. Public,Aerosol,"1,447",2010,20100821
M00973,Williamsburg,Futura,Spray Paint,"1,217",2007,20070819
M03214,LIC,Faith47,spray paint,"6,850",2021,20210207
M03328,Bronx,jane q. public,acrylic,"3,876",2010,20101118
M01940,SoHo,cost,Wheatpaste,"6,339",,20060918
M02997,Long Island City,os gemeos,Acrylic,"7,879",2005,20051228
M02833,Williamsburg,shepard fairey,wheatpaste,"4,581",2008,20081201
M03426,lower east side,faith47,aerosol,"1,326",2017,20171001
M02413,LES,Faith47,spraypaint,,2005,20050725
M00105,williamsburg,jane q. public,mosaic,"1,202",2005,20050714
M04312,LES,Futura,aerosol,"4,571",2011,20110624
M00467,bushwick,Banksy,Aerosol,"1,127",2006,20060904
M03312,astoria,Lady Pink,spray paint,980,2016,20160725
M04697,LES,Futura,Aerosol,"2,061",2013,20130925
M02974, Bushwick ,cost,mosaic,803,2014,20140512
M04501,williamsburg,Os Gemeos,Aerosol,"5,344",2010,20100713
M03232,Harlem,Os Gemeos,wheatpaste,"3,886",2019,20190717
M02142,bushwick,lady pink,mosaic,465,2011,20110219
M02805,SoHo,shepard fairey,spray paint,,2008,20080524
M04669,soho,jane q. public,spraypaint,"4,512",2014,20140204
M00322,Chelsea,Faith47,Acrylic,880,2099,20180226
M04352, Bushwick ,Jane Q. Public,spray paint,999999,2021,20210615
M03797,SoHo,shepard fairey,acrylic,336,2014,20140410
M01009,BUSHWICK,cost,Acrylic,"6,374",2014,20140720
M01847,bushwick,Lady Pink,wheatpaste,217,2022,20220219
M04191,Harlem,Jane Q. Public,Wheatpaste,858,2022,20221101
M02295,Williamsburg,Lady Pink,aerosol,"2,040",2015,20150411
M03012,Lower East Side,KAWS,Aerosol,"7,505",2009,20090421
M01363,bushwick,Jane Q. Public,spray paint,"3,279",2006,20061205
M02753,lower east side,Os Gemeos,Mosaic,"7,920",2009,20090703
M04105,lower east side,Faith47,Acrylic,"3,657",2011,20110110
M03384,astoria,kaws,acrylic,"5,787",2011,20110402
M04606,williamsburg,os gemeos,spray paint,"2,052",2006,20060205
M02839,LES,os gemeos,mosaic,"3,532",,20230804
M01286,bushwick,lady pink,Mosaic,"6,073",2013,20131020
M02655,Bushwick,jane q. public,spray paint,"6,263",2017,20170713
M03700,harlem,Shepard Fairey,Spray Paint,"6,242",2022,20220424
M02887,astoria,,mosaic,"7,642",2016,20160619
M01642,harlem,futura,Spray Paint,"4,755",2022,20221028
M03077,lower east side,Faith47,acrylic,"1,663",2022,20221122
M03204,Astoria,faith47,Aerosol,"1,688",2007,20070119
M00629,astoria,Os Gemeos,spray paint,"4,603",2009,20091022
M03192,the bronx,Lady Pink,wheatpaste,"1,283",2014,20140912
M00459,Astoria,lady pink,wheatpaste,999999,2005,20051228
M03905,williamsburg,os gemeos,Aerosol,"2,820",2022,20220728
M03617,soho,jane q. public,acrylic,"3,648",2017,20170211
M03534,Astoria,cost,Spray Paint,"2,378",2016,20161027
M03393, Bushwick ,KAWS,spraypaint,"1,540",2021,20211027
M03558,Lower East Side,banksy,Aerosol,"2,307",2007,20070126
M02473,Bronx,shepard fairey,wheatpaste,"4,694",2018,20180705
M01744,soho,KAWS,Wheatpaste,"7,357",2019,20190411
M01344,Long Island City,Jane Q. Public,wheatpaste,383,2006,20060408
M02178,Astoria,Faith47,spraypaint,"5,108",2009,20090224
M04261,the bronx,futura,acrylic,999999,,20210310
M03728,lower east side,os gemeos,Wheatpaste,"4,171",2005,20050213
M01080,Williamsburg,KAWS,acrylic,"3,479",,20080728
M04274,soho, BANKSY ,acrylic,"7,141",2009,20090813
M03673,Bronx,shepard fairey,Aerosol,"1,258",2021,20210818
M01049,Chelsea,lady pink,Spray Paint,"2,652",2007,20070216
M01755,LIC,Faith47,Spray Paint,"6,436",2022,20220823
M04351,Chelsea,Os Gemeos,wheatpaste,"1,228",2023,20230418
M00125, Bushwick ,COST,Acrylic,"1,367",2009,20090828
M02128,harlem,Jane Q. Public,acrylic,"6,712",2016,20160506
M04298,BUSHWICK,os gemeos,Spray Paint,"7,985",2015,20150715
M04722,soho,Os Gemeos,mosaic,"4,785",2015,20150820
M02124,Lower East Side,Futura,acrylic,726,2009,20090101
M01951,the bronx,banksy,spraypaint,464,2006,20060112
M01401,LES,jane q. public,Spray Paint,"2,880",2022,20220123
M03870,lower east side,faith47,Mosaic,"6,727",2005,20050903
M02213, Bushwick ,Futura,Wheatpaste,"4,462",2009,20090715
M03539,LES,kaws,Wheatpaste,"2,323",2008,20080722
M01257,Astoria,futura,Acrylic,"5,343",2016,20161213
M02601,Williamsburg,banksy,spraypaint,"3,758",2011,20110901
M03160,Bushwick,Banksy,acrylic,"3,031",2007,20070611
M02792,Bushwick,jane q. public,wheatpaste,"4,337",2008,20080527
M00345,the bronx, BANKSY ,mosaic,"1,009",2007,20071228
M03580,Bushwick,banksy,Acrylic,"1,580",2006,20060512
M02933,soho,Shepard Fairey,spraypaint,"6,522",2007,20071023
M04392,LES,Shepard Fairey,Acrylic,"4,145",2011,20111226
M01801,the bronx,Faith47,Acrylic,60,2018,20181119
M03667, Bushwick ,Jane Q. Public,spraypaint,212,,20090528
M04473,BUSHWICK,futura,spraypaint,"7,950",2016,20161126
M04868,SoHo,Banksy,Wheatpaste,"7,622",2006,20060116
M02258,LIC,lady pink,mosaic,"5,047",2010,20101125
M03398,Chelsea,Banksy,Wheatpaste,"2,728",2022,20220903
M00263,Bronx,Shepard Fairey,Acrylic,"6,570",2022,20221212
M00363,Long Island City,lady pink,acrylic,"7,980",2005,20050503
M04685,LES,KAWS,Mosaic,"2,037",2017,20170405
M04744,lower east side,banksy,Aerosol,"5,182",2006,20061108
M00885,LES,Shepard Fairey,Aerosol,"2,535",2015,20150909
M02330,chelsea ,futura,Acrylic,166,2005,20051224
M01273,Astoria,lady pink,Mosaic,"3,074",2012,20120719
M02411,SoHo,cost,Aerosol,"1,158",2012,20120126
M00522,harlem,Jane Q. Public,aerosol,"4,047",2011,20110501
M01181,astoria,futura,Spray Paint,"7,254",2009,20090815
M00358,chelsea ,futura,Aerosol,366,2015,20151127
M00542,LES,Banksy,Aerosol,"5,502",2009,20090712
M03349,lower east side,Futura,mosaic,"6,959",2007,20070310
M03375,LES,COST,Wheatpaste,"4,358",2019,20191022
M01185,williamsburg,cost,Acrylic,"3,492",2019,20190821
M03246,soho,cost,spray paint,,2006,20060328
M04240,williamsburg,Jane Q. Public,Acrylic,784,2012,20120208
M00112,LIC,COST,mosaic,"6,422",2021,20210425
M00256,Chelsea,Jane Q. Public,Spray Paint,"6,429",2008,20080811
M02048,the bronx,banksy,spraypaint,"7,757",2011,20110307
M01058,Long Island City,lady pink,aerosol,"3,099",2018,20180924
M00509, Bushwick ,banksy,Aerosol,"3,900",2006,20060106
M00049,Williamsburg,Banksy,wheatpaste,"1,876",2006,20060427
M02723,Harlem, BANKSY ,Acrylic,"2,707",2023,20230712
M04666,Bronx,COST,mosaic,-50,2010,20100319
M01189,Lower East Side, BANKSY ,Mosaic,"1,378",2012,20120611
M01739,LIC,banksy,spray paint,"2,896",2017,20170426
M03316,Harlem,kaws,mosaic,"2,421",2017,20170705
M00563,LES,Lady Pink,Spray Paint,"5,582",2009,20090224
M01915,Astoria,,aerosol,"2,077",2013,20130307
M02266,williamsburg,,wheatpaste,"6,428",2011,20110506
M03685,chelsea ,Shepard Fairey,acrylic,"2,863",2013,20131021
M00842,Bushwick,COST,mosaic,"3,132",2011,20111001
M04291,astoria,kaws,spraypaint,"4,561",2012,20120214
M04803,williamsburg,jane q. public,spray paint,"6,038",2014,20141110
M01619,LES,Lady Pink,spraypaint,"1,301",2023,20231121
M01127,Williamsburg,Faith47,mosaic,"4,652",2022,20221107
M02353,astoria,Shepard Fairey,Aerosol,"4,475",2012,20121119
M03135,Long Island City,cost,wheatpaste,"4,529",2016,20160725
M02108,williamsburg,cost,spray paint,"6,969",2005,20051026
M02700,astoria,shepard fairey,aerosol,"2,152",2022,20220325
M03025,bushwick,jane q. public,spray paint,243,2017,20170408
M03869,BUSHWICK,shepard fairey,Aerosol,"3,000",2016,20160408
M02400,williamsburg,faith47,Aerosol,"6,609",2008,20080701
M04279,Bushwick,Jane Q. Public,Acrylic,"6,112",2019,20191217
M01150,williamsburg,cost,wheatpaste,"3,188",2018,20181207
M03912,lower east side,Banksy,Mosaic,"1,176",2018,20180912
M00068,LIC,kaws,Mosaic,369,2010,20100506
M00265,lower east side,Futura,wheatpaste,860,2012,20121202
M00060,Lower East Side,Shepard Fairey,acrylic,"7,773",2020,20200516
M03467,Lower East Side,Jane Q. Public,spray paint,"1,953",2018,20180601
M00498,LIC,cost,Wheatpaste,"1,816",2008,20081005
M02004,Harlem,Os Gemeos,acrylic,"6,239",2019,20190907
M03893,Chelsea, BANKSY ,wheatpaste,,2017,20170212
M00963,lower east side,jane q. public,Mosaic,"3,390",2015,20150726
M03491,Bushwick,Futura,Acrylic,"3,719",2014,20140926
M02593,bushwick,jane q. public,Aerosol,500,2017,20171207
M01046,chelsea ,banksy,acrylic,590,2022,20220226
M04175,Lower East Side,faith47,wheatpaste,669,2008,20080421
M00555,Astoria,,acrylic,"2,558",2009,20090203
M01911,SoHo,Lady Pink,Acrylic,192,2009,20090401
M00127,Williamsburg,,spraypaint,"3,103",2007,20070227
M00439,LIC,Jane Q. Public,spraypaint,"5,643",2009,20090905
M02118,harlem,jane q. public,Aerosol,"3,853",2022,20220710
M04388,Astoria,jane q. public,wheatpaste,999999,2099,20180321
M04583,Astoria,Shepard Fairey,mosaic,"2,327",2011,20111115
M01505,SoHo,os gemeos,Mosaic,"7,269",2019,20190515
M01610,Harlem,Lady Pink,spray paint,"6,341",2017,20170216
M02336,Bushwick,Shepard Fairey,Acrylic,"3,538",2014,20140814
M00070,Chelsea,Banksy,Wheatpaste,"2,616",2008,20080927
M00975,harlem,faith47,Wheatpaste,85,2011,20110916
M01328,astoria,banksy,Wheatpaste,410,2011,20110515
M01354,Chelsea,,Spray Paint,"1,857",2008,20080817
M03026,LIC,jane q. public,Spray Paint,"7,148",2014,20140718
M04344,williamsburg,Futura,aerosol,"6,772",2016,20160213
M00010,Bushwick,futura,Acrylic,"5,614",2007,20070817
M01840,Harlem,kaws,aerosol,"3,690",2006,20060110
M04625,chelsea ,jane q. public,mosaic,"6,886",2007,20070309
M01546,SoHo,os gemeos,wheatpaste,"3,876",2022,20220712
M04367,Bronx,shepard fairey,spraypaint,"5,539",2013,20130624
M02120,williamsburg,Banksy,wheatpaste,"2,862",2020,20200205
M03602,LES,shepard fairey,spray paint,"2,616",2021,20210414
M02256,Lower East Side,shepard fairey,Wheatpaste,471,2005,20051013
M00169,Chelsea,jane q. public,Wheatpaste,"7,222",2014,20140610
M00788,bushwick,Jane Q. Public,Wheatpaste,"4,340",2012,20120117
M03535,chelsea ,kaws,Spray Paint,"3,865",2013,20130710
M04223,the bronx,Banksy,Wheatpaste,"2,969",2013,20130506
M00235,astoria,,Wheatpaste,787,2005,20051008
M04593,Bronx,shepard fairey,Wheatpaste,561,2007,20070905
M01746,chelsea ,Os Gemeos,Acrylic,"7,688",2008,20080515
M04867,the bronx,Shepard Fairey,Aerosol,"5,848",2023,20230203
M01196,chelsea ,lady pink,aerosol,"6,347",2010,20100224
M00483,Astoria,Shepard Fairey,Wheatpaste,"1,303",2009,20090105
M00349,astoria,banksy,Acrylic,"1,547",2013,20131028
M02794,Harlem,banksy,spraypaint,"1,933",2010,20100704
M03125,williamsburg,cost,Aerosol,"7,493",2020,20200522
M03210,Bushwick,Os Gemeos,aerosol,"4,745",2023,20230405
M00816,harlem,Futura,aerosol,"7,140",2009,20090914
M01914,LES,os gemeos,Spray Paint,173,2017,20170918
M03572,chelsea ,Futura,Aerosol,"3,545",,20070318
M00790,Bushwick,Os Gemeos,Wheatpaste,865,2013,20130504
M03271,lower east side,Faith47,mosaic,"4,860",2006,20060903
M00772,LIC,Futura,Aerosol,"2,939",2021,20210923
M00756,LIC, BANKSY ,acrylic,"2,519",2010,20101226
M02303,harlem,Faith47,acrylic,590,2007,20070516
M03137,LES,COST,wheatpaste,"6,939",2012,20120703
M01659,Chelsea,futura,Wheatpaste,"6,569",2006,20061214
M01738,lower east side,lady pink,Mosaic,"3,816",2007,20070916
M04001, Bushwick ,Banksy,Acrylic,"5,458",2020,20200316
M03100,Lower East Side,faith47,Spray Paint,"6,833",2018,20180106
M04368,lower east side,Banksy,Mosaic,"1,662",2009,20090403
M01161,Lower East Side,Jane Q. Public,Mosaic,334,2013,20130928
M02529,BUSHWICK,COST,mosaic,,2015,20151211
M00032,harlem,,aerosol,"7,184",2020,20200812
M00619,Bushwick,lady pink,Spray Paint,"7,930",,20170301
M04751,Harlem,os gemeos,mosaic,"3,035",2018,20181213
M02993,LES,COST,wheatpaste,"4,708",2013,20131023
M04114, Bushwick ,Lady Pink,spray paint,"3,467",2023,20230711
M01144,SoHo,Shepard Fairey,wheatpaste,"4,721",2014,20141208
M00013,BUSHWICK, BANKSY ,acrylic,"7,238",2014,20141003
M02093,SoHo,banksy,Acrylic,"4,349",2023,20230503
M00545,Chelsea,cost,Aerosol,"4,593",2023,20230327
M01805,BUSHWICK,banksy,Spray Paint,551,,20111020
M01644,harlem,,spray paint,"2,391",2018,20181005
M02062,Chelsea,Faith47,Mosaic,"1,649",2022,20220422
M01649,SoHo,Faith47,spraypaint,"1,330",,20090515
M01861, Bushwick ,faith47,Acrylic,"7,084",2007,20070521
M04328,Williamsburg,cost,Mosaic,"6,093",2006,20061018
M00994,Bushwick,Lady Pink,Wheatpaste,727,2006,20060914
M00533,Lower East Side,shepard fairey,Wheatpaste,"6,083",2014,20140427
M04026,Bushwick,futura,Mosaic,"5,620",2020,20200703
M03119,soho,Futura,aerosol,"5,459",2010,20100411
M00484,the bronx,Lady Pink,acrylic,"6,642",2019,20190720
M01604,LES,Lady Pink,aerosol,"3,057",2019,20190511
M04317,LES,COST,spray paint,"2,807",2007,20070821
M00051,soho,Futura,Spray Paint,"5,588",2017,20170219
M00745,LIC,cost,Mosaic,"7,182",2023,20231111
M02183,Williamsburg,KAWS,Spray Paint,999999,2014,20140619
M03862,Lower East Side,os gemeos,Spray Paint,"7,011",2019,20190412
M00206,SoHo, BANKSY ,mosaic,"2,238",2007,20070516
M00286,LIC,futura,Mosaic,905,2008,20080614
M01316,lower east side,futura,acrylic,"4,378",2019,20190807
M00129, Bushwick ,jane q. public,Spray Paint,950,2012,20120721
M01972,Harlem,Faith47,aerosol,608,2099,20180726
M01392,the bronx,lady pink,Aerosol,"1,362",2020,20200304
M00079,BUSHWICK,Faith47,aerosol,"3,153",2020,20200208
M04682,astoria,lady pink,spraypaint,"4,943",2013,20130225
M03485,LIC,Os Gemeos,Wheatpaste,"6,469",2009,20090604
M00336,SoHo,,wheatpaste,"6,061",2017,20170505
M01748,Chelsea,Futura,mosaic,"7,728",2019,20190604
M01402,lower east side,jane q. public,Aerosol,"3,706",2011,20110301
M00461,Bronx,faith47,mosaic,"2,836",2023,20230307
M04828,Bushwick,os gemeos,aerosol,,2005,20051028
M01118,BUSHWICK,Os Gemeos,mosaic,"1,634",2010,20100824
M04030,LES,cost,acrylic,"3,465",2018,20180422
M01443,lower east side,,spraypaint,"3,444",2007,20070220
M03950,Williamsburg,Lady Pink,wheatpaste,"5,971",2007,20070414
M04553,Long Island City,,Spray Paint,"4,825",2014,20141206
M02282,Lower East Side,Futura,Acrylic,"7,895",2009,20091128
M01105,Long Island City,cost,mosaic,"5,089",2012,20121203
M03421,SoHo,banksy,Acrylic,"7,136",2005,20050921
M01237, Bushwick , BANKSY ,Aerosol,"5,914",2023,20230520
M00748,Williamsburg,jane q. public,mosaic,"1,074",2023,20230928
M00814,chelsea ,Jane Q. Public,Acrylic,"4,453",2022,20220219
M04221,Lower East Side,Faith47,Wheatpaste,"4,664",2008,20081101
M01334,the bronx,os gemeos,spray paint,"6,077",2008,20081119
M00703,LIC, BANKSY ,Aerosol,"2,062",2023,20231002
M04532,Lower East Side,futura,wheatpaste,"2,081",2005,20050825
M04420,bushwick,faith47,wheatpaste,"4,952",2006,20060719
M02169,Bronx,kaws,spraypaint,"3,028",2021,20210609
M00482,Chelsea,os gemeos,aerosol,"5,870",2017,20170316
M00301,Long Island City,kaws,wheatpaste,"2,754",2023,20230802
M02023,soho,Jane Q. Public,Mosaic,"3,915",2014,20140427
M01829,Williamsburg,Shepard Fairey,Mosaic,"3,957",2011,20110913
M03059,chelsea ,lady pink,aerosol,"7,041",2015,20150816
M00166, Bushwick ,faith47,acrylic,455,2021,20210214
M00255,astoria,faith47,mosaic,"7,938",2014,20140723
M02791,chelsea , BANKSY ,Aerosol,"2,561",2011,20111006
M04594,bushwick,Jane Q. Public,Mosaic,"3,563",,20181109
M01251,the bronx,Faith47,spraypaint,"2,441",2018,20180414
M01721,Lower East Side,Faith47,Mosaic,"4,585",2015,20150215
M00248,LES,banksy,acrylic,984,1776,20180108
M01668,Bushwick,Faith47,acrylic,"6,102",2022,20220510
M01629,Chelsea,Shepard Fairey,Wheatpaste,271,2015,20150920
M02442,the bronx,os gemeos,acrylic,"2,502",2018,20180510
M04044,Williamsburg,lady pink,mosaic,"2,983",2009,20091206
M01076,bushwick,os gemeos,acrylic,"2,688",2012,20120905
M01960,Bronx, BANKSY ,Mosaic,262,2011,20110422
M03768,Astoria,Faith47,acrylic,"5,300",2012,20120213
M04117,Harlem,COST,spraypaint,"5,553",2015,20150522
M01614,Bronx,COST,spray paint,"1,859",2012,20120217
M04800,Bronx, BANKSY ,mosaic,"6,647",2019,20191218
M01788,bushwick,cost,Spray Paint,"5,187",2015,20151128
M00355,the bronx,jane q. public,Acrylic,"1,257",,20120505
M00957,Bronx,lady pink,Aerosol,"5,168",2005,20050422
M01126,the bronx,kaws,Spray Paint,"7,907",2011,20110116
M04305,williamsburg,banksy,Wheatpaste,"3,207",2019,20191013
M01842,LES,banksy,spraypaint,"4,463",2023,20230609
M02072,SoHo,Futura,Aerosol,"4,968",2023,20230408
M03363,Bushwick,Jane Q. Public,aerosol,"7,272",2022,20220128
M02271,lower east side,KAWS,spraypaint,"3,600",2016,20160424
M00006,harlem,Lady Pink,Acrylic,"2,950",2013,20130220
M02557,Harlem,banksy,acrylic,630,2021,20210522
M00170,Bushwick,futura,spraypaint,"4,170",2011,20111215
M03880,Bronx,shepard fairey,spray paint,98,2016,20161111
M01399,bushwick,banksy,mosaic,"5,147",2014,20140305
M00278, Bushwick ,,aerosol,"4,542",2099,20180210
M00558,williamsburg,lady pink,Aerosol,"4,176",2008,20080907
M04164,Williamsburg,Shepard Fairey,Spray Paint,"3,748",,20200413
M00237,Long Island City,kaws,spray paint,"6,703",2009,20090217
M01315,williamsburg,Faith47,Aerosol,,2021,20210505
M03597,Astoria,futura,mosaic,"1,637",2014,20141220
M02914,SoHo,Futura,mosaic,"2,365",1776,20180227
M04280,SoHo,futura,mosaic,"5,924",2016,20160414
M03722,bushwick,Faith47,mosaic,"3,341",2019,20190302
M01278,Lower East Side,banksy,Mosaic,"2,169",2021,20211210
M04422,Bushwick,jane q. public,aerosol,"7,016",2006,20060203
M00789,Lower East Side,banksy,Wheatpaste,"2,915",2012,20120101
M02172,bushwick,Banksy,Spray Paint,"7,401",2011,20110426
M02071,Bushwick,COST,wheatpaste,"2,732",2008,20080206
M02247,Astoria,Jane Q. Public,Spray Paint,"1,417",2016,20160324
M02538,Chelsea,os gemeos,Wheatpaste,"6,892",2015,20151206
M04064,LIC,Faith47,mosaic,"5,460",2018,20180420
M03626,SoHo,Shepard Fairey,Acrylic,"2,570",2014,20140104
M01267,Bronx,jane q. public,spraypaint,582,2006,20060208
M04418,Lower East Side,COST,Mosaic,"1,834",2010,20100511
M01094,chelsea ,cost,Spray Paint,"1,624",2016,20160505
M04490,BUSHWICK,lady pink,Spray Paint,"3,585",2022,20221209
M01043,williamsburg,Shepard Fairey,Wheatpaste,"2,859",2023,20230613
M01339,LES,Banksy,spraypaint,"3,636",2022,20221124
M00962,soho,Futura,spray paint,"3,301",2020,20201014
M02736,Chelsea,lady pink,spraypaint,"4,074",2005,20051005
M04275,LES,Lady Pink,spray paint,"2,953",2015,20150524
M00534,williamsburg,os gemeos,Aerosol,"2,713",2021,20210519
M02151,chelsea ,kaws,Wheatpaste,"2,720",2009,20090408
M04043,astoria,Os Gemeos,Mosaic,"2,150",2022,20221115
M00411,LES,Lady Pink,Acrylic,"4,015",2022,20220419
M00680,Long Island City,Futura,acrylic,"1,369",2006,20061108
M03099, Bushwick ,shepard fairey,Spray Paint,"3,204",2005,20050715
M02148,Astoria,shepard fairey,Mosaic,"5,330",2020,20200212
M01680,Long Island City,Faith47,Spray Paint,"2,721",2017,20170724
M03850,Astoria,cost,spray paint,"6,894",2013,20130126
M01944,BUSHWICK,Faith47,aerosol,"4,950",2007,20071221
M03777,BUSHWICK, BANKSY ,Aerosol,"4,122",2007,20070802
M00003, Bushwick , BANKSY ,Mosaic,"1,347",2015,20150604
M03314,Astoria,Shepard Fairey,Spray Paint,"1,875",2013,20131112
M04748,bushwick,KAWS,Acrylic,"5,360",2006,20060214
M03052,LES,,aerosol,"2,365",,20130517
M00999,Astoria,kaws,aerosol,"5,668",2006,20060318
M02002,the bronx,faith47,Wheatpaste,"5,665",2010,20101205
M00792,astoria,lady pink,aerosol,"1,108",2008,20081127
M00565, Bushwick ,jane q. public,Spray Paint,"2,957",2017,20170325
M02535,soho,KAWS,Aerosol,"3,231",,20170122
M02439,Astoria,faith47,wheatpaste,"1,380",2022,20221125
M00600,SoHo,banksy,spray paint,"2,766",2020,20201126
M02957,the bronx, BANKSY ,aerosol,"7,463",2019,20190812
M00524,Williamsburg,Jane Q. Public,aerosol,"5,746",2019,20190123
M04411,Bushwick,futura,wheatpaste,"6,572",2015,20150228
M02387,Harlem,kaws,Spray Paint,"7,915",2006,20060618
M03943,Bushwick,Os Gemeos,Aerosol,"3,299",2009,20091128
M02210,the bronx,Jane Q. Public,spray paint,"5,953",2010,20100206
M04158,astoria,COST,Aerosol,677,2007,20070425
M01607,LES,banksy,Wheatpaste,"5,626",2099,20180502
M00150,lower east side,faith47,mosaic,"3,641",2019,20190628
M03352,lower east side, BANKSY ,spraypaint,"2,477",2017,20171222
M03325,harlem,lady pink,spraypaint,"2,313",2014,20140124
M03032,lower east side,jane q. public,Wheatpaste,"7,606",2007,20070504
M04445,the bronx,Lady Pink,Acrylic,"2,577",2008,20080513
M02305,BUSHWICK,Futura,mosaic,176,2010,20100916
M01575,Astoria,Os Gemeos,Acrylic,"4,732",2005,20050704
M03487,williamsburg,Lady Pink,aerosol,"2,402",2008,20081205
M02908,Bushwick,cost,acrylic,"3,461",2013,20130718
M00247,SoHo,COST,spraypaint,671,2021,20211006
M04417,LES, BANKSY ,mosaic,"7,876",2020,20200113
M04186,soho,KAWS,Aerosol,"7,905",2016,20160613
M03766,SoHo,lady pink,Spray Paint,"3,132",2022,20220727
M04315,LES,Os Gemeos,Spray Paint,678,2019,20190503
M01444,BUSHWICK,Os Gemeos,wheatpaste,"1,737",2019,20190302
M03881,Chelsea,banksy,acrylic,"2,482",2022,20220814
M04333,Bronx,Shepard Fairey,Acrylic,"1,058",2015,20150418
M02592,Long Island City,cost,Wheatpaste,"6,171",2014,20140605
M02677,Long Island City,futura,Acrylic,"2,604",2018,20180314
M00092,LIC,COST,Acrylic,"3,075",2019,20190222
M02642,soho,banksy,spray paint,357,2010,20101019
M03651,soho,Lady Pink,acrylic,186,2016,20161011
M04630,Bushwick,Banksy,spray paint,"2,123",2008,20080501
M03388,Bronx,COST,Mosaic,"2,871",2012,20121103
M02573,lower east side,Lady Pink,wheatpaste,"1,626",2012,20120224
M02430,harlem,Shepard Fairey,acrylic,"4,276",2012,20121119
M03872,LIC,jane q. public,wheatpaste,"3,377",2018,20180916
M00624,LES,lady pink,acrylic,"3,917",2016,20160310
M00358,chelsea ,futura,Aerosol,366,2015,20151127
M01059,harlem,cost,acrylic,"2,031",2020,20200125
M00846,Bronx,Os Gemeos,aerosol,307,2018,20180913
M02130,soho,futura,wheatpaste,"3,404",,20190306
M02154,Lower East Side,Futura,Aerosol,"6,804",2020,20200926
M00409,LIC,banksy,mosaic,788,2015,20151102
M01008,lower east side,Futura,Spray Paint,"5,666",2011,20110823
M02236,lower east side,Faith47,Wheatpaste,"6,163",2006,20061121
M00777,soho,Os Gemeos,Aerosol,"3,097",,20150928
M00365,Astoria,shepard fairey,Wheatpaste,"4,878",2017,20170417
M03922,astoria,Lady Pink,Spray Paint,496,2011,20111111
M00440,Astoria,Banksy,mosaic,"4,605",2008,20080324
M02525,bushwick,cost,aerosol,"7,004",2011,20110112
M04737,chelsea ,jane q. public,aerosol,"6,131",2009,20090418
M04806,LIC,,wheatpaste,"2,306",2023,20230118
M03360,Bushwick,futura,Mosaic,899,2009,20090827
M02992,BUSHWICK,Futura,Mosaic,"2,158",2009,20090322
M03644,lower east side, BANKSY ,spraypaint,"6,005",2009,20090226
M00860,Astoria,lady pink,acrylic,"2,342",2008,20080506
M02161,harlem,cost,Acrylic,"3,306",,20191024
M00851,Bushwick,Banksy,Mosaic,"5,178",,20220203
M02240,harlem,Futura,Mosaic,"6,424",2005,20050822
M03719,Long Island City, BANKSY ,acrylic,999999,2016,20160127
M02311,Harlem,futura,Mosaic,"5,909",2006,20060227
M01624,Lower East Side,kaws,Wheatpaste,"5,444",2007,20070203
M04886,astoria,banksy,Spray Paint,"1,595",2005,20050822
M01706,bushwick,jane q. public,wheatpaste,"4,671",2019,20190514
M03266,Chelsea,KAWS,Aerosol,"5,844",2019,20190714
M02806,Bushwick,Lady Pink,Aerosol,"1,752",2099,20180707
M02140,BUSHWICK,Shepard Fairey,Wheatpaste,"7,797",2010,20101013
M00103,Long Island City,Jane Q. Public,Acrylic,"2,908",,20160426
M03747,SoHo,faith47,Spray Paint,"7,282",2018,20180621
M02195,Harlem,futura,Acrylic,"4,434",2018,20180422
M01926,Long Island City,Jane Q. Public,Mosaic,495,2012,20121016
M03855,bushwick,Lady Pink,aerosol,"5,166",2020,20200711
M01982,Lower East Side,Faith47,Acrylic,,2022,20220211
M01852,harlem,KAWS,Wheatpaste,"4,890",2005,20051024
M02203,Harlem,Os Gemeos,Aerosol,"5,751",2014,20140318
M04396,Chelsea,Banksy,aerosol,"3,512",2009,20090814
M02688,Chelsea,Banksy,spraypaint,"4,723",2006,20060724
M01827,the bronx,futura,Mosaic,"2,696",2010,20100311
M04656,Harlem,KAWS,aerosol,"3,131",2014,20140212
M03705,chelsea ,Jane Q. Public,wheatpaste,505,2022,20220124
M03372,Bushwick,os gemeos,Mosaic,984,2005,20050516
M03890,the bronx,,Acrylic,149,,20160228
M02309,the bronx,faith47,mosaic,"7,299",2007,20070913
M01177, Bushwick ,Jane Q. Public,wheatpaste,-50,2014,20140522
M04708,bushwick,kaws,spraypaint,-50,2021,20211012
M02606,Lower East Side,jane q. public,acrylic,"5,116",2021,20210917
M02923, Bushwick ,lady pink,wheatpaste,"6,721",2016,20161019
M01190,williamsburg,lady pink,acrylic,"4,338",2017,20170227
M00080,LES,banksy,Aerosol,"7,188",2010,20100111
M01558,soho,,acrylic,"7,466",2023,20231011
M04634,LIC,cost,spraypaint,"5,377",2005,20050217
M02927, Bushwick ,Banksy,Spray Paint,"7,485",2011,20110921
M01687,harlem,Jane Q. Public,aerosol,551,2017,20170825
M02156,astoria,Banksy,Wheatpaste,999999,2023,20231227
M02604,Bronx,KAWS,Aerosol,999999,2010,20100216
M04016, Bushwick ,Banksy,Acrylic,"7,278",2013,20130720
M01635,williamsburg,Jane Q. Public,wheatpaste,"1,847",2006,20060519
M02822,Long Island City,Jane Q. Public,wheatpaste,"3,817",2016,20160605
M04727,williamsburg,faith47,wheatpaste,,2019,20190126
M02441,chelsea ,,spray paint,"6,008",2017,20170405
M01923,soho,Futura,spray paint,"1,242",2007,20071122
M04166,BUSHWICK,banksy,Aerosol,"5,133",2009,20090328
M00786,williamsburg,shepard fairey,wheatpaste,"6,762",2020,20201224
M01423,Long Island City,cost,wheatpaste,"5,626",2014,20141013
M01393,Chelsea,Jane Q. Public,aerosol,"2,826",2020,20200808
M00950,Williamsburg,,spraypaint,"7,390",2021,20210613
M03900,Long Island City, BANKSY ,Acrylic,"5,079",2008,20080903
M01996,Lower East Side,os gemeos,Aerosol,"5,266",2020,20201016
M03217,harlem,Os Gemeos,aerosol,76,2016,20160911
M02835,Williamsburg,os gemeos,Wheatpaste,"3,056",2021,20210925
M00423,soho,Futura,Aerosol,349,2009,20091008
M01023,SoHo,os gemeos,Aerosol,"5,595",2005,20050722
M02848,harlem,lady pink,Wheatpaste,"6,931",2006,20060120
M01974,Harlem,jane q. public,spray paint,316,2017,20170126
M04481,BUSHWICK,shepard fairey,spray paint,"2,224",2017,20170818
M01294,the bronx,KAWS,acrylic,"2,252",2008,20080925
M01457,Bushwick,banksy,aerosol,945,2006,20060904
M03996,Long Island City,,Aerosol,"5,203",2014,20140716
M04182,Astoria,Futura,Aerosol,"5,807",2008,20080806
M01219,soho,Lady Pink,acrylic,"6,604",2006,20060916
M00442,Bronx,shepard fairey,wheatpaste,"1,942",2005,20050805
M02131,lower east side,Jane Q. Public,mosaic,"3,372",1776,20180319
M00986,LIC,lady pink,spraypaint,"5,825",2014,20140220
M00331,the bronx,Jane Q. Public,spray paint,"4,814",2018,20180910
M04687,LES,Lady Pink,Aerosol,"1,997",2008,20081120
M01285,Harlem,Shepard Fairey,Acrylic,"5,213",2015,20150104
M00257,Lower East Side,banksy,aerosol,"3,835",2008,20080527
M03982,astoria,shepard fairey,Acrylic,"5,834",2023,20231106
M01329,BUSHWICK,Jane Q. Public,spraypaint,"7,513",2016,20160527
M04584,soho,Faith47,Acrylic,"3,119",2022,20220504
M04556,lower east side,Jane Q. Public,mosaic,"2,642",2016,20160504
M03236,Bushwick,Faith47,wheatpaste,"1,703",2010,20100411
M02179,the bronx,Shepard Fairey,Spray Paint,"7,113",2005,20050814
M03789,Long Island City,Futura,spraypaint,"6,986",2021,20211103
M02094,Lower East Side,faith47,aerosol,"7,330",2008,20080127
M00269,soho,Os Gemeos,mosaic,"4,351",2007,20070719
M04197,lower east side, BANKSY ,spray paint,"4,309",2012,20121126
M00961,astoria,Os Gemeos,spraypaint,"6,224",2018,20181114
M01220,lower east side,Futura,spray paint,"3,535",2009,20090816
M01184,Williamsburg,futura,aerosol,,2017,20170110
M00926,harlem,os gemeos,spray paint,"6,932",2012,20120212
M02058, Bushwick ,Jane Q. Public,Aerosol,"1,331",2012,20121014
M03340,Astoria,Lady Pink,Acrylic,400,2008,20081209
M01297,BUSHWICK,Shepard Fairey,wheatpaste,"3,582",2021,20210307
M00702,Williamsburg,lady pink,spray paint,"4,751",2023,20230809
M03495,chelsea ,Shepard Fairey,acrylic,"4,279",2006,20060909
M03287,bushwick,cost,spray paint,"7,645",2005,20050312
M00404,bushwick, BANKSY ,spraypaint,"2,592",2020,20200111
M02421,SoHo,jane q. public,Aerosol,-50,2008,20081119
M01969,Astoria,Banksy,Spray Paint,"1,192",2012,20120209
M01509,Williamsburg,os gemeos,aerosol,"3,867",2009,20090204
M01864,williamsburg,lady pink,Acrylic,"7,276",2021,20210917
M00725,astoria,futura,Mosaic,"6,256",2014,20141206
M01179,Lower East Side,futura,Acrylic,"7,495",2015,20150826
M03300,Williamsburg,cost,wheatpaste,"7,010",2022,20220618
M03425,Harlem,lady pink,Spray Paint,"2,450",2009,20091020
M01552,BUSHWICK,faith47,mosaic,"6,727",2013,20130820
M02569,harlem,shepard fairey,spraypaint,"4,763",2006,20060101
M04419,LES,kaws,wheatpaste,"6,127",2014,20141026
M01071,astoria,cost,spray paint,"7,575",2016,20160804
M01863,Chelsea,faith47,acrylic,"4,612",2008,20080106
M03111,SoHo,Os Gemeos,Spray Paint,697,2022,20221002
M02830,Lower East Side,Os Gemeos,Acrylic,"4,260",2018,20181012
M01142, Bushwick ,banksy,spraypaint,,,20050612
M03342,Bronx,COST,Acrylic,"6,466",2005,20051209
M00464,SoHo,faith47,spray paint,"1,399",2017,20170523
M03207,astoria,faith47,wheatpaste,,,20050704
M03466,soho, BANKSY ,acrylic,"5,064",2013,20130605
M04228,lower east side,Os Gemeos,mosaic,"3,833",2018,20180314
M03021,LES,shepard fairey,wheatpaste,632,1776,20180615
M03354,Bushwick,cost,aerosol,"7,146",2023,20230613
M02812,LIC,COST,Wheatpaste,"3,080",2020,20200601
M02968,Astoria,KAWS,Mosaic,"4,442",2013,20131210
M04701,Astoria,Banksy,mosaic,"2,894",2021,20211108
M01119,LES,Os Gemeos,Aerosol,"5,654",2018,20180606
M03458,bushwick,faith47,Wheatpaste,"4,737",2005,20050610
M04457,chelsea ,Os Gemeos,Aerosol,"4,029",2016,20160512
M01139,Lower East Side,Banksy,spraypaint,"4,165",2011,20110119
M04878,williamsburg,kaws,aerosol,"5,883",2006,20061110
M02818,soho,faith47,Wheatpaste,,2021,20210414
M01337,Bushwick,,mosaic,,,20070322
M02647,LES,Jane Q. Public,Aerosol,"4,974",2022,20221013
M01595,Bushwick,Shepard Fairey,Mosaic,"6,666",2007,20071117
M03999,bushwick,KAWS,Mosaic,"7,082",2010,20100908
M01928,the bronx,Jane Q. Public,Spray Paint,"3,921",2099,20181014
M04521,lower east side,Banksy,wheatpaste,"4,150",2015,20150225
M02973, Bushwick ,Faith47,Acrylic,"4,737",2017,20170801
M00585,Williamsburg,Jane Q. Public,aerosol,"6,648",2023,20231208
M01958,soho,Jane Q. Public,spraypaint,"2,619",,20170704
M04300,the bronx,futura,Wheatpaste,"1,323",2007,20070311
M02506,Long Island City,faith47,spray paint,"7,944",2015,20151102
M03640,chelsea ,COST,acrylic,"7,965",2010,20100111
M04027,Astoria,os gemeos,mosaic,"4,918",2005,20051219
M01204,Astoria,banksy,wheatpaste,"5,538",2011,20110121
M03948,Bushwick, BANKSY ,Aerosol,,2019,20190413
M02783,soho,shepard fairey,Wheatpaste,"2,825",2013,20130204
M02493,BUSHWICK,jane q. public,spray paint,139,2012,20120115
M02967,lower east side,Lady Pink,Aerosol,"6,339",2014,20140226
M02320,SoHo,lady pink,Wheatpaste,"6,447",2023,20230117
M01434,harlem,cost,Aerosol,"4,046",2019,20190406
M01460,the bronx,Faith47,mosaic,872,2019,20190127
M02727,bushwick,COST,Mosaic,"3,363",2010,20100222
M01020,williamsburg,cost,spray paint,"3,168",2007,20070514
M01226,Harlem,Futura,acrylic,"4,337",2023,20230311
M00935,Chelsea,faith47,spray paint,446,2006,20060819
M00307,lower east side,,spraypaint,"3,592",2009,20090625
M03825,Chelsea,banksy,aerosol,"7,357",2014,20141126
M01474,LIC,KAWS,Acrylic,"1,240",2007,20071227
M01109,harlem,Shepard Fairey,aerosol,"1,881",2006,20060501
M02279,the bronx,Jane Q. Public,wheatpaste,"5,635",2014,20140620
M02581,lower east side,shepard fairey,spraypaint,"1,294",2009,20091005
M00035,Astoria,lady pink,mosaic,"1,597",1776,20180922
M04550,BUSHWICK,Faith47,Acrylic,"5,564",2005,20050317
M04137,bushwick,banksy,spray paint,233,2005,20050608
M02547,BUSHWICK,jane q. public,Mosaic,"5,850",2017,20170409
M04846,the bronx,Lady Pink,acrylic,"3,064",2016,20160516
M02708,Long Island City,jane q. public,wheatpaste,"4,350",2011,20110420
M02709,the bronx,Os Gemeos,wheatpaste,"7,105",2011,20110406
M01903,Bronx,banksy,Spray Paint,"1,202",2099,20180825
M01276,bushwick,kaws,Spray Paint,"5,496",2006,20060202
M01385,Long Island City,Lady Pink,wheatpaste,794,,20200702
M04208,astoria,COST,aerosol,309,2023,20230516
M04493,Chelsea,kaws,mosaic,"6,368",2015,20151118
M00965,Chelsea,faith47,mosaic,"1,098",2005,20050703
M03453,bushwick,Faith47,wheatpaste,"1,413",2016,20160503
M03269,harlem,KAWS,acrylic,"3,293",2022,20221026
M02646,soho,Faith47,wheatpaste,"5,112",2011,20110103
M01562,harlem,COST,mosaic,"7,866",2015,20150318
M03552, Bushwick , BANKSY ,spray paint,"6,596",2005,20050403
M04863,Long Island City,cost,acrylic,,2099,20180706
M00877,SoHo,jane q. public,mosaic,-50,2019,20191117
M03292,williamsburg,jane q. public,Acrylic,"7,296",2015,20150726
M04188,bushwick,Os Gemeos,Mosaic,"4,639",2006,20060402
M02001,the bronx,Faith47,Spray Paint,"3,806",2022,20220604
M03478,Bronx,cost,acrylic,,2010,20100311
M02861,harlem,lady pink,Mosaic,"6,172",2018,20181009
M02775,astoria,futura,aerosol,"7,806",2009,20090316
M00630,LES,Os Gemeos,aerosol,907,2008,20080206
M02600, Bushwick ,kaws,Mosaic,"5,994",2012,20120627
M01222,LES,Banksy,Acrylic,"1,387",2023,20231214
M04822,Long Island City,faith47,Mosaic,"2,060",2023,20231102
M02915,soho,jane q. public,aerosol,"1,220",2023,20230225
M04126,soho,faith47,Wheatpaste,"6,955",2010,20101212
M04639,lower east side,Futura,spraypaint,"5,896",2014,20140506
M04190, Bushwick ,banksy,acrylic,"5,162",2011,20110425
M03488,chelsea ,Faith47,aerosol,"4,330",2020,20201219
M03527,LIC,Faith47,spray paint,"7,835",2007,20070520
M02391,Bronx,faith47,Spray Paint,"6,914",1776,20180426
M03196,harlem,cost,Spray Paint,"6,711",2015,20150728
M03784,lower east side,,wheatpaste,"6,631",2011,20111006
M04775,Williamsburg,lady pink,Spray Paint,"5,095",2021,20210904
M04502,Astoria,Banksy,wheatpaste,999999,2005,20051023
M02539,Bronx,banksy,Aerosol,"1,621",2019,20190524
M00811,Williamsburg, BANKSY ,spray paint,"6,737",2008,20080609
M00699,Harlem,Banksy,spraypaint,803,2022,20221016
M00550,williamsburg,Os Gemeos,wheatpaste,"2,414",2007,20070325
M02704,astoria,jane q. public,aerosol,715,2020,20200109
M03413,Bronx, BANKSY ,mosaic,"4,660",2019,20191108
M01121,Bushwick,shepard fairey,spray paint,"5,005",2022,20220301
M00954,Astoria,Os Gemeos,acrylic,"6,037",2009,20090223
M04000,Lower East Side,COST,aerosol,"3,517",2022,20220716
M00291, Bushwick ,cost,Wheatpaste,310,2016,20160817
M04480,Harlem,futura,mosaic,"1,929",2018,20180210
M01793,Chelsea,Futura,mosaic,"4,129",2011,20110309
M04187,BUSHWICK,Jane Q. Public,mosaic,"6,784",2022,20221228
M04263,SoHo,Shepard Fairey,spraypaint,"2,524",2023,20231106
M02685,LIC,shepard fairey,Acrylic,"1,452",2014,20141227
M03935,the bronx,futura,spray paint,"3,034",2009,20090307
M03215, Bushwick ,Banksy,Acrylic,"4,546",2019,20191107
M04364,LES,Jane Q. Public,Mosaic,"3,059",2009,20091015
M04338,chelsea ,shepard fairey,mosaic,890,2009,20091213
M00403,BUSHWICK,Banksy,aerosol,"4,422",2008,20080824
M03698,astoria, BANKSY ,Mosaic,,2009,20091222
M02972,Long Island City,jane q. public,acrylic,"1,791",2006,20060904
M03092,Harlem,cost,mosaic,"5,694",2023,20230215
M03802,Williamsburg,lady pink,spraypaint,"7,858",2020,20201123
M04861,Bushwick,Banksy,aerosol,"3,094",2014,20140611
M03630,SoHo,jane q. public,Mosaic,"5,277",2006,20060305
M04421, Bushwick ,lady pink,Mosaic,"6,297",2016,20160727
M03408,chelsea ,jane q. public,spray paint,"6,939",2014,20140224
M00456,the bronx,shepard fairey,Mosaic,"6,948",2014,20140511
M00452,Bronx,lady pink,wheatpaste,140,2099,20180808
M01143,BUSHWICK,,Acrylic,518,2023,20231102
M03225,Astoria,COST,spray paint,"2,659",2014,20140121
M02691,williamsburg,,aerosol,"4,363",2018,20180725
M04040,chelsea ,lady pink,Spray Paint,"6,960",2021,20210501
M01600,Bushwick,Os Gemeos,aerosol,"6,483",2023,20230806
M01517,chelsea ,kaws,Mosaic,"4,155",2013,20131019
M04002,LIC,Banksy,aerosol,"6,810",2011,20110104
M02648,lower east side,lady pink,mosaic,"5,578",2023,20231107
M04406,SoHo,Futura,spraypaint,"5,517",2013,20131208
M00386,Harlem,Shepard Fairey,Mosaic,"4,533",2013,20130606
M01857,astoria,Jane Q. Public,Spray Paint,"3,305",,20080120
M01132,Lower East Side,Futura,Wheatpaste,410,2011,20110501
M04571,williamsburg,,Aerosol,964,2011,20110527
M01384,Williamsburg,cost,Mosaic,"3,666",2017,20170805
M00529,LES,Futura,mosaic,"1,994",2020,20201207
M00750,Harlem,faith47,spraypaint,"5,827",2011,20110702
M02135,Bushwick,banksy,acrylic,"4,686",2009,20090523
M02355,chelsea ,os gemeos,spray paint,"3,578",2020,20201006
M03653,astoria,Jane Q. Public,Spray Paint,"5,488",2014,20140703
M03520,LIC,KAWS,spray paint,"6,557",2014,20140916
M01462,lower east side,lady pink,wheatpaste,"4,104",2008,20081126
M03936,LES,Futura,Acrylic,"6,550",2012,20120613
M01356,Astoria,jane q. public,Acrylic,"7,561",2021,20210704
M01208,LIC,faith47,Acrylic,"7,328",2021,20210320
M04729, Bushwick ,jane q. public,Acrylic,"6,026",2015,20150409
M02664,SoHo,Os Gemeos,Spray Paint,"3,978",2008,20080117
M03782,SoHo, BANKSY ,Acrylic,"7,670",2012,20120614
M00807,Bushwick,KAWS,Spray Paint,"2,558",2009,20090521
M02615,the bronx,KAWS,Wheatpaste,"5,845",2007,20071128
M02399,chelsea ,KAWS,spray paint,"2,202",2099,20180909
M01259,harlem,Faith47,Mosaic,"1,805",2009,20091205
M03774,williamsburg,KAWS,spraypaint,"4,464",2023,20230125
M00192,williamsburg,Shepard Fairey,acrylic,"2,053",2015,20151221
M03234,SoHo,shepard fairey,mosaic,"7,046",2016,20161204
M00373,lower east side,banksy,Mosaic,"1,230",2018,20180603
M01435,Bushwick,kaws,acrylic,"2,119",2020,20200315
M04843,Bronx,banksy,acrylic,"6,814",2022,20220101
M01916,chelsea ,kaws,Aerosol,"6,392",2021,20210312
M01943,Long Island City,Shepard Fairey,spray paint,"4,195",2018,20181018
M02678,LIC,Faith47,Wheatpaste,"7,021",2007,20070205
M04671,Chelsea,cost,spraypaint,"6,424",2017,20170117
M00089,Long Island City,KAWS,mosaic,"3,161",2016,20160120
M03172,Chelsea,lady pink,spraypaint,"2,868",2010,20101128
M03234,SoHo,shepard fairey,mosaic,"7,046",2016,20161204
M04495,the bronx,Banksy,wheatpaste,"2,871",2022,20221125
M04461,BUSHWICK,banksy,Acrylic,96,2005,20050222
M01534,Lower East Side,jane q. public,mosaic,"6,274",2023,20230226
M01112,chelsea ,Futura,Acrylic,"1,962",2016,20160628
M00844,soho,Jane Q. Public,Wheatpaste,"4,568",2022,20221123
M00220,chelsea ,Faith47,wheatpaste,"5,047",2008,20081006
M02378,Harlem,Os Gemeos,wheatpaste,"5,669",2006,20061118
M03858,williamsburg,COST,Acrylic,700,2009,20090107
M00115,LIC,Faith47,Spray Paint,"2,923",2014,20140627
M01002,LES,Os Gemeos,spraypaint,"2,979",2005,20050621
M02765,LIC,Lady Pink,spraypaint,"4,407",2020,20200510
M02632,Chelsea, BANKSY ,spray paint,"2,069",2022,20220925
M02015,Chelsea,os gemeos,wheatpaste,340,2006,20060825
M04547,Astoria,kaws,acrylic,"3,420",2023,20230103
M02190,Long Island City,lady pink,Mosaic,228,2016,20160428
M02098,LIC,Lady Pink,Spray Paint,"3,398",2014,20140902
M02778,LES,cost,Mosaic,,2020,20200413
M01079,williamsburg,shepard fairey,spraypaint,"7,183",2018,20181024
M04575,Astoria,cost,Acrylic,"1,503",2006,20060520
M04214,LIC,Banksy,Wheatpaste,"3,081",2014,20140811
M03134,lower east side,banksy,Acrylic,"3,444",2021,20210206
M01338,BUSHWICK,kaws,Spray Paint,"5,486",2005,20051226
M02928,Chelsea,Faith47,spraypaint,"1,823",,20170308
M01187,Lower East Side,cost,spraypaint,"3,061",2017,20171111
M04339,Chelsea,cost,Wheatpaste,"6,770",2011,20110211
M02324,soho,cost,spray paint,"5,303",2009,20090701
M01314,Astoria,futura,spray paint,"1,580",2012,20120702
M00321,Lower East Side,Shepard Fairey,acrylic,"3,343",2007,20070803
M01165,harlem,Jane Q. Public,Wheatpaste,"7,560",2007,20070201
M04399,Williamsburg,kaws,Acrylic,"3,694",2022,20220717
M04206,soho,lady pink,aerosol,"5,046",2010,20100228
M00091,Long Island City,Os Gemeos,acrylic,"3,079",2022,20220314
M02824,astoria,Futura,spray paint,"1,392",2016,20160501
M03107,Harlem,Banksy,Mosaic,129,2007,20070409
M00765,LIC,lady pink,Spray Paint,"3,317",2013,20130318
M00026,SoHo,Os Gemeos,spraypaint,"5,050",2021,20210522
M00835,Bronx,Shepard Fairey,aerosol,"7,597",2018,20180611
M01565,harlem,,mosaic,"1,066",2011,20110510
M02125,Astoria,os gemeos,Aerosol,"4,665",2009,20090207
M01317,SoHo,os gemeos,Spray Paint,-50,2012,20120917
M04335,Harlem,Jane Q. Public,Aerosol,"7,384",2010,20100807
M04735,SoHo,cost,Spray Paint,"4,505",,20190603
M00045,Chelsea,cost,Mosaic,"7,790",2099,20180610
M04321,the bronx,Futura,wheatpaste,"5,293",2014,20140811
M03840,Harlem,jane q. public,spray paint,"2,434",2018,20181213
M04051,Lower East Side,futura,aerosol,"4,405",2009,20090103
M01616,Chelsea,KAWS,Wheatpaste,"1,317",2016,20160908
M03703,Williamsburg,faith47,Mosaic,"5,325",2017,20170206
M01696,Williamsburg,jane q. public,Aerosol,"2,853",2013,20130125
M00569,Bronx,Faith47,Mosaic,"5,441",2014,20140705
M02683, Bushwick ,kaws,Spray Paint,"5,570",2013,20130116
M00081,chelsea ,Futura,acrylic,"4,676",2010,20100720
M02145,the bronx,Os Gemeos,Aerosol,"2,824",2011,20111121
M00696,Astoria,Futura,Mosaic,"7,197",2005,20050611
M02956,Chelsea,shepard fairey,wheatpaste,"5,712",2007,20070223
M04883,Long Island City,Banksy,spraypaint,609,2009,20090712
M04860,williamsburg,Futura,Spray Paint,"6,009",2015,20150620
M00595,lower east side,Lady Pink,spray paint,"5,173",2007,20071228
M00283,bushwick,lady pink,spraypaint,"1,025",2019,20190426
M04525,Williamsburg,COST,Acrylic,"7,842",2009,20090408
M03776,williamsburg,Jane Q. Public,Wheatpaste,"1,411",2021,20210211
M04489,chelsea ,os gemeos,Acrylic,"7,593",2011,20110802
M03054,Bushwick,Banksy,wheatpaste,240,1776,20180403
M04171,LIC,shepard fairey,mosaic,546,2017,20170107
M01450,Williamsburg,jane q. public,Spray Paint,"4,924",2023,20230208
M00449,LES,jane q. public,Wheatpaste,778,2010,20100223
M02925,BUSHWICK,Faith47,Acrylic,"2,556",2021,20210712
M03810,Bushwick,Os Gemeos,Wheatpaste,"4,618",2005,20051020
M03818,LES,Faith47,Wheatpaste,"5,562",2005,20050601
M04667,Long Island City,kaws,Spray Paint,,2020,20201024
M01117,Long Island City,Os Gemeos,Spray Paint,"5,621",2005,20050619
M00737,Lower East Side,COST,Wheatpaste,"7,921",2020,20200711
M00638,Astoria,Futura,Aerosol,"6,241",2005,20051009
M03614,BUSHWICK,jane q. public,aerosol,697,2015,20150208
M04540,Lower East Side,COST,aerosol,"7,541",2006,20060307
M03679,LIC,Futura,Spray Paint,906,2023,20230903
M00139,astoria,os gemeos,Wheatpaste,"1,973",2016,20160120
M01331,Lower East Side,kaws,wheatpaste,"5,771",2013,20131117
M00749,the bronx,faith47,Aerosol,"5,610",2014,20141202
M04255,the bronx,Lady Pink,Spray Paint,"3,035",2022,20220708
M01767,soho,jane q. public,wheatpaste,,2012,20120221
M03382,chelsea ,KAWS,spray paint,"1,635",2016,20161022
M03002,Chelsea,lady pink,Spray Paint,"3,942",2099,20181018
M00414,BUSHWICK,,Wheatpaste,"6,312",2014,20140204
M04070,LES,Banksy,wheatpaste,"6,397",2017,20170822
M02220,Chelsea,Os Gemeos,wheatpaste,"6,131",2021,20210306
M02732,williamsburg,Banksy,spray paint,"5,898",2005,20050611
M03230,the bronx,cost,spraypaint,"2,246",2009,20091117
M04638,Harlem,Banksy,Spray Paint,"6,118",2013,20131111
M02318,Williamsburg,shepard fairey,Wheatpaste,"6,169",2017,20170125
M01884,soho,Jane Q. Public,Spray Paint,"3,947",2013,20130828
M01664,bushwick, BANKSY ,acrylic,"2,879",2022,20221002
M00427,Williamsburg,cost,spraypaint,"7,994",2023,20230526
M03892,williamsburg,Jane Q. Public,wheatpaste,"1,306",2011,20110903
M02283,LIC,Futura,Acrylic,"1,452",2014,20141114
M01380,Long Island City,shepard fairey,Mosaic,"6,860",2099,20181128
M03620,williamsburg,Futura,Acrylic,"2,262",2005,20050504
M02901,Bronx,os gemeos,Acrylic,"6,304",2022,20220717
M00761, Bushwick ,banksy,Spray Paint,360,2011,20110528
M04286,LIC,COST,wheatpaste,"7,410",2005,20051026
M00063,BUSHWICK,lady pink,Aerosol,"3,552",2006,20060421
M02577,Williamsburg,kaws,mosaic,"4,573",2014,20140617
M00258,Chelsea,jane q. public,Acrylic,"3,286",2014,20140113
M03068,LIC,cost,mosaic,"2,016",2018,20181210
M00396,bushwick,Lady Pink,spray paint,"1,918",2014,20140927
M03147,Bronx, BANKSY ,Wheatpaste,"6,739",2014,20141102
M04008,Long Island City,COST,aerosol,"5,158",2011,20110809
M03833,bushwick,kaws,mosaic,178,2010,20100404
M01526,Bushwick,cost,spraypaint,"6,856",2008,20080115
M02951,Astoria,shepard fairey,Aerosol,"2,534",2013,20130105
M00034,Long Island City,faith47,Mosaic,"7,925",2006,20061226
M00284,lower east side,cost,Acrylic,"6,778",2013,20130203
M02084,williamsburg,COST,mosaic,"3,589",2010,20100527
M01191,bushwick,Shepard Fairey,spray paint,"2,000",2022,20221208
M00861,BUSHWICK,COST,Wheatpaste,"6,723",2008,20081012
M02114,LES,Futura,aerosol,"1,278",2008,20081008
M02777,Harlem,Faith47,Acrylic,"4,600",2019,20191104
M02873,Bronx,cost,Wheatpaste,"2,811",2019,20191108
M04203,bushwick,shepard fairey,Spray Paint,91,2008,20080805
M02686,bushwick,jane q. public,spray paint,"4,111",2020,20201216
M03080,Williamsburg,os gemeos,aerosol,"5,227",2023,20230719
M04599,harlem,KAWS,spraypaint,"2,988",2020,20200405
M01804,the bronx,Os Gemeos,Wheatpaste,"6,134",1776,20180805
M03816,Williamsburg,Faith47,Spray Paint,"7,935",2012,20121111
M04587,the bronx,Lady Pink,Wheatpaste,"1,083",2022,20220605
M00991,BUSHWICK,Lady Pink,spraypaint,"5,344",2008,20081205
M02896,Astoria,futura,Acrylic,"5,035",2006,20060715
M00054,Long Island City,jane q. public,wheatpaste,"4,893",2012,20120808
M02697,Lower East Side,cost,aerosol,310,2019,20190124
M04074,astoria,futura,Acrylic,"4,683",2014,20140115
M04230,Bronx,Os Gemeos,mosaic,"5,430",2013,20130719
M02534,LES,Banksy,Aerosol,"3,198",2020,20200407
M00228,Astoria,Os Gemeos,spraypaint,"2,691",2014,20140922
M02410,lower east side,jane q. public,Acrylic,"5,610",2017,20170411
M04568,SoHo,Os Gemeos,spraypaint,"5,070",2022,20221109
M03472,SoHo,faith47,spray paint,"6,362",2016,20161216
M03188,the bronx,faith47,wheatpaste,,2010,20100314
M04402,Long Island City,Lady Pink,wheatpaste,"4,270",2017,20170410
M03938,Williamsburg,jane q. public,wheatpaste,"4,040",2011,20110901
M01828,astoria,os gemeos,spray paint,"4,586",2014,20140709
M01900,harlem,shepard fairey,Aerosol,"3,053",2021,20210418
M03594,bushwick,banksy,Mosaic,"1,703",2009,20090420
M01097,Bronx,COST,aerosol,"3,529",2020,20200203
M03011,williamsburg,os gemeos,acrylic,"7,484",2012,20121113
M01936,Bushwick,COST,Acrylic,"2,920",2013,20130926
M01431,Williamsburg,Lady Pink,spraypaint,"7,624",2023,20230111
M01978,Lower East Side,jane q. public,Aerosol,"6,672",2013,20130519
M04713,Long Island City,faith47,Wheatpaste,"7,736",2010,20101023
M01289,Chelsea,futura,Acrylic,,2099,20180103
M04836,harlem,,acrylic,386,2013,20130311
M03612,Bronx,Banksy,Acrylic,,2023,20230421
M04047,Long Island City,Jane Q. Public,Wheatpaste,794,2005,20050816
M00712,BUSHWICK,lady pink,Wheatpaste,"1,994",2005,20050627
M01994,williamsburg,,spray paint,"3,384",2014,20140417
M04564,chelsea ,,wheatpaste,"5,549",2006,20060322
M00943,Chelsea,kaws,spraypaint,"7,532",2020,20200708
M00566,Lower East Side,cost,wheatpaste,"1,142",2006,20060106
M00328,lower east side,Futura,Aerosol,"2,676",2017,20171225
M01743,BUSHWICK,futura,Aerosol,78,2012,20120726
M03658,Bronx,lady pink,Acrylic,"2,638",2007,20071109
M03926,williamsburg,faith47,wheatpaste,"4,803",2008,20081209
M01984,the bronx,Shepard Fairey,Spray Paint,"1,454",2010,20101217
M01067,lower east side,Jane Q. Public,spray paint,,2010,20100925
M03490,BUSHWICK,lady pink,acrylic,"6,107",2009,20090120
M02527,LES,Faith47,Acrylic,,2010,20100712
M02597,SoHo,COST,acrylic,,2015,20151202
M03291,BUSHWICK,Futura,wheatpaste,323,2016,20160721
M02281,williamsburg,KAWS,wheatpaste,"6,179",2010,20100827
M04141,Bushwick,os gemeos,Aerosol,"6,011",2017,20170907
M03175,BUSHWICK,Jane Q. Public,Spray Paint,"2,095",2005,20050604
M00385, Bushwick ,cost,wheatpaste,"1,026",2019,20191107
M03848,lower east side, BANKSY ,Mosaic,782,2023,20230810
M03817,the bronx,Futura,Aerosol,,,20060920
M00872,Bronx,Futura,wheatpaste,"6,208",2018,20180917
M03024,Bushwick,jane q. public,acrylic,"2,687",2022,20221028
M02269,Astoria,lady pink,Aerosol,"5,208",1776,20180317
M02462,astoria,Faith47,spray paint,"7,124",2009,20090614
M04277,bushwick,Os Gemeos,Mosaic,"2,416",2021,20210403
M02074, Bushwick ,KAWS,Spray Paint,"7,863",2018,20180209
M02354,Harlem,futura,Wheatpaste,"4,810",2020,20201220
M03479, Bushwick ,Lady Pink,acrylic,"6,865",2016,20160214
M00823,williamsburg,Futura,Aerosol,"2,251",2007,20070601
M00711,lower east side,Banksy,spray paint,"5,291",2008,20080120
M02483, Bushwick , BANKSY ,Acrylic,"2,411",2006,20060207
M01735,chelsea ,Os Gemeos,Spray Paint,"6,338",,20150124
M00364,williamsburg,shepard fairey,Aerosol,"6,842",2009,20090320
M00250,Lower East Side,Faith47,Aerosol,"1,509",2021,20210215
M04065,Harlem,Os Gemeos,mosaic,"5,018",2009,20090702
M03681,SoHo,Futura,wheatpaste,"4,942",2016,20160604
M03394,bushwick,lady pink,wheatpaste,"2,580",2020,20200723
M00077, Bushwick ,Os Gemeos,acrylic,"1,286",2006,20060628
M01750,the bronx,shepard fairey,Spray Paint,"6,312",2011,20110925
M02020,harlem,Os Gemeos,spraypaint,665,2014,20141123
M04309,Lower East Side,cost,Mosaic,"3,843",2009,20090825
M01194,Chelsea,Faith47,Aerosol,"1,384",2009,20091220
M02970,soho,jane q. public,spray paint,"1,002",2019,20190311
M02636,Long Island City,KAWS,aerosol,979,2016,20160503
M01723,BUSHWICK,cost,wheatpaste,757,2019,20191026
M03721,Long Island City,futura,Mosaic,"5,386",2007,20070228
M01350,BUSHWICK,Banksy,Wheatpaste,"3,343",2016,20160507
M00587,bushwick,banksy,Wheatpaste,"6,464",2016,20160501
M01729,astoria,,Spray Paint,"6,968",2007,20070907
M03464,bushwick,os gemeos,aerosol,"5,437",2018,20180905
M01162, Bushwick ,,Acrylic,"1,620",2013,20131103
M03868,Lower East Side,Shepard Fairey,spraypaint,"5,036",2012,20120516
M02235, Bushwick ,lady pink,acrylic,"7,606",2022,20220616
M03790,LES,jane q. public,mosaic,"3,047",2010,20100712
M01134,Bronx,futura,aerosol,,2013,20130713
M04535,the bronx,os gemeos,aerosol,"2,747",2008,20080708
M02706,Long Island City,Futura,acrylic,"2,960",2009,20091218
M01255,harlem,Lady Pink,Spray Paint,"7,098",2016,20160415
M02492,chelsea ,kaws,Acrylic,"3,651",2021,20210913
M01463,BUSHWICK,COST,wheatpaste,"7,592",2018,20180303
M01710,harlem,Banksy,mosaic,"3,953",2018,20180304
M00573,the bronx,Jane Q. Public,wheatpaste,"2,537",2010,20100822
M02969,Chelsea,futura,wheatpaste,"2,279",2018,20180802
M00217,LIC,Futura,Mosaic,"6,106",2010,20100715
M04823,bushwick,os gemeos,Wheatpaste,"6,282",2010,20100904
M00297,Lower East Side,cost,Wheatpaste,"7,350",2011,20110126
M03942,Williamsburg, BANKSY ,Aerosol,"2,057",2012,20121126
M03525,Astoria,kaws,Wheatpaste,996,2016,20160426
M01545,harlem,faith47,Aerosol,"7,462",2007,20070518
M00274, Bushwick ,KAWS,Mosaic,"3,629",2010,20100712
M03154,harlem,Futura,aerosol,"7,858",2020,20200702
M03060,Long Island City,jane q. public,mosaic,"7,122",2019,20190205
M01883,Bushwick,kaws,wheatpaste,"6,117",2010,20100411
M01578, Bushwick ,banksy,Wheatpaste,"7,483",2010,20100528
M02436,Lower East Side,Os Gemeos,Wheatpaste,"4,951",2007,20071102
M01312,Harlem,Os Gemeos,mosaic,999999,2011,20110114
M04683,SoHo,Futura,Acrylic,"4,814",2010,20100525
M04681,SoHo,,Acrylic,"7,555",2005,20050624
M04024,Williamsburg,Jane Q. Public,aerosol,"2,114",2007,20070227
M01734,Bushwick,shepard fairey,Acrylic,"1,741",2016,20160624
M03684,Chelsea,Shepard Fairey,spray paint,"3,946",2009,20090114
M00148,chelsea ,banksy,Wheatpaste,"5,155",2015,20150103
M03533,LIC,KAWS,spraypaint,294,2010,20100509
M03013,Harlem,Faith47,wheatpaste,"7,467",2008,20081107
M00639,chelsea ,jane q. public,Aerosol,"3,095",2021,20211104
M04436,astoria,Lady Pink,Acrylic,"6,333",2011,20110424
M00989,LIC,futura,spray paint,"4,842",2008,20080901
M00346,harlem,Lady Pink,Acrylic,748,2019,20190116
M02571,Lower East Side,Banksy,Spray Paint,231,2019,20191115
M04582,Bushwick,jane q. public,spraypaint,"1,002",2020,20200122
M03896,the bronx,COST,Acrylic,764,2009,20090412
M01527,Astoria,banksy,Mosaic,"7,842",2017,20170123
M01581,LIC,os gemeos,spray paint,"4,975",2005,20051201
M03960,LIC,Futura,mosaic,"2,375",2016,20160518
M02042,LES,lady pink,spraypaint,"6,030",2007,20071027
M04265,bushwick,KAWS,spray paint,"4,191",,20080104
M01866,williamsburg,Lady Pink,Acrylic,"7,609",,20151013
M04801,SoHo, BANKSY ,spraypaint,"6,685",2009,20090324
M03008,Bushwick,banksy,Mosaic,282,2011,20110918
M03672,astoria,banksy,Acrylic,"4,909",2014,20141013
M01010,Long Island City,Banksy,wheatpaste,260,2010,20100617
M02555,LIC,faith47,Wheatpaste,"2,162",2023,20231017
M02867,Astoria,Faith47,wheatpaste,352,2009,20090615
M03443,Lower East Side,Banksy,Aerosol,"2,023",2016,20160621
M04332,Williamsburg,lady pink,Mosaic,552,2008,20080618
M04581,chelsea ,KAWS,aerosol,"1,575",2008,20080327
M02461,LIC,Lady Pink,spray paint,"3,960",2006,20061216
M00771,Long Island City,COST,aerosol,"1,075",2023,20231221
M02149,Harlem,shepard fairey,aerosol,737,2020,20200619
M02900,harlem,lady pink,mosaic,"4,061",2007,20071007
M04112,Williamsburg,Jane Q. Public,mosaic,"5,172",2008,20080912
M00430,Williamsburg,jane q. public,wheatpaste,"2,667",2005,20050620
M01084,bushwick,os gemeos,Wheatpaste,"7,009",2017,20170301
M01550,Chelsea,futura,Aerosol,"3,606",2018,20180423
M04811,williamsburg,os gemeos,spraypaint,"5,167",2015,20151005
M01441,chelsea ,os gemeos,Wheatpaste,"7,181",2011,20110201
M01264,the bronx,KAWS,wheatpaste,"4,837",2019,20190902
M02576,BUSHWICK,shepard fairey,spray paint,"1,404",2009,20090323
M04591,Lower East Side,Banksy,Wheatpaste,"5,509",2014,20140111
M03733,LIC,os gemeos,Wheatpaste,"6,613",2017,20170322
M02614,the bronx,shepard fairey,mosaic,"6,251",2017,20170512
M01472,LIC,Banksy,Wheatpaste,"6,755",2010,20100322
M03435,Astoria,COST,spraypaint,"5,848",2021,20211016
M00732,soho,,Mosaic,"7,162",2023,20230309
M01879,astoria,KAWS,aerosol,"5,082",2010,20100310
M04061,bushwick,cost,wheatpaste,"5,146",2007,20071204
M00021,chelsea ,lady pink,spray paint,"3,767",2022,20220410
M01413,lower east side,COST,aerosol,"1,671",2015,20150103
M02038,LIC,cost,wheatpaste,"3,149",2023,20231221
M00793,Harlem,banksy,spraypaint,"2,849",2020,20201205
M01830,the bronx,Banksy,Aerosol,"3,572",2020,20201123
M00806,Bronx,lady pink,spraypaint,"6,531",2008,20081203
M03908,Chelsea,os gemeos,Wheatpaste,"2,029",2006,20060615
M04148,BUSHWICK,Faith47,acrylic,"2,833",2015,20150713
M03306,astoria,futura,aerosol,632,2022,20220920
M04580,LES,Lady Pink,acrylic,"6,866",2012,20121215
M04109,astoria,banksy,acrylic,"5,462",2019,20190820
M00056,soho,Banksy,Spray Paint,"3,369",2012,20120815
M02761,Williamsburg,Faith47,spray paint,"7,069",2019,20190905
M03531,bushwick,KAWS,acrylic,"4,365",2009,20091117
M00055,Bushwick,futura,Acrylic,"2,702",2011,20110520
M02504,soho,Banksy,Spray Paint,"3,260",2011,20111015
M04813,Chelsea, BANKSY ,Aerosol,"2,234",2017,20170917
M02408,harlem,lady pink,spraypaint,"5,452",2018,20180310
M04857,harlem,Jane Q. Public,mosaic,"2,420",2099,20181209
M00113,chelsea ,Shepard Fairey,acrylic,"1,656",2009,20090325
M03963,bushwick,kaws,Aerosol,"3,503",2019,20190126
M04167,Chelsea,jane q. public,mosaic,"5,085",2008,20080921
M00145,chelsea ,KAWS,Wheatpaste,"2,637",2019,20190327
M00866,Bushwick,Futura,wheatpaste,"2,288",2008,20081013
M00318,Lower East Side,kaws,aerosol,"2,183",2005,20051219
M02383,Chelsea,,Mosaic,"1,559",2020,20200928
M02101,SoHo,Banksy,Acrylic,"7,886",,20200523
M00853,bushwick,futura,Wheatpaste,"1,856",2022,20220725
M01388,the bronx,Jane Q. Public,aerosol,"1,385",2099,20180208
M01420,Lower East Side,,Mosaic,"7,140",,20141004
M03338,chelsea ,lady pink,Acrylic,"2,340",2020,20200722
M03957,Bushwick, BANKSY ,wheatpaste,"7,116",2021,20211012
M00223,astoria,Shepard Fairey,Mosaic,"1,158",2017,20170814
M03648,Long Island City,Futura,acrylic,"4,343",2020,20201228
M00302,Astoria,lady pink,mosaic,"7,146",2021,20210305
M02562,Lower East Side,Jane Q. Public,wheatpaste,"1,583",2009,20090210
M03224,harlem,Jane Q. Public,acrylic,"4,304",2008,20080211
M02227,bushwick,Futura,spraypaint,999999,2012,20120626
M02060,Williamsburg,faith47,aerosol,"4,637",2018,20181018
M03176,Long Island City,COST,Mosaic,"1,579",2013,20130905
M03214,LIC,Faith47,spray paint,"6,850",2021,20210207
M00893,soho,Faith47,wheatpaste,"7,682",2017,20170209
M03403,Long Island City,cost,Aerosol,"5,169",2017,20171102
M03132, Bushwick ,kaws,spray paint,999999,,20070212
M04622,BUSHWICK,Banksy,spraypaint,"5,463",2012,20121011
M04245,Long Island City,kaws,Aerosol,"2,377",2023,20230522
M03019,bushwick,kaws,spraypaint,"4,209",2016,20160723
M03219,Lower East Side,shepard fairey,acrylic,"4,616",2009,20090105
M03642,LIC,Banksy,Mosaic,"7,569",2006,20060117
M04491,Harlem,futura,acrylic,"5,538",2016,20160523
M03785,Long Island City,shepard fairey,spraypaint,75,2017,20170216
M00380,Lower East Side, BANKSY ,Mosaic,"7,867",2022,20220410
M03759,soho,futura,aerosol,"5,459",2012,20120217
M01907,williamsburg,cost,Spray Paint,656,2005,20050224
M02361,LIC,futura,Wheatpaste,"7,641",2018,20180925
M00695,astoria,lady pink,acrylic,"3,819",2007,20071214
M02056,Long Island City,COST,spraypaint,"5,160",2012,20121121
M02432,the bronx,Faith47,aerosol,"7,142",2020,20201228
M00290,Harlem,Banksy,spraypaint,"1,342",2021,20210919
M04104,Long Island City,futura,Acrylic,"4,370",2014,20141216
M01133,chelsea ,futura,Mosaic,"3,085",2017,20170420
M00818,williamsburg,Jane Q. Public,spraypaint,287,2009,20091027
M04837,LIC,os gemeos,spraypaint,420,2009,20090401
M04603,the bronx,Faith47,acrylic,"4,659",2005,20050119
M04652,Bronx,futura,Spray Paint,"7,547",2012,20120615
M02335,Harlem,,mosaic,"5,912",2005,20050405
M00688,Harlem,Futura,Mosaic,"3,324",2023,20230415
M01469,soho,lady pink,acrylic,"4,979",2014,20140205
M01666,harlem,futura,aerosol,936,,20100724
M01501,williamsburg,Lady Pink,Spray Paint,"5,022",2006,20060706
M00111,lower east side,shepard fairey,Spray Paint,"7,574",2018,20181013
M01520, Bushwick ,Os Gemeos,spraypaint,"5,354",2019,20191026
M03331,the bronx,cost,aerosol,"1,569",2014,20140108
M04269,Harlem,lady pink,Mosaic,428,2008,20080906
M02886,lower east side,Faith47,spray paint,"2,395",2005,20050524
M03586,Bushwick,Os Gemeos,aerosol,"5,404",2005,20050512
M02807,Harlem,Jane Q. Public,aerosol,"1,196",2021,20211119
M03359,Williamsburg,banksy,Wheatpaste,"7,662",2014,20140801
M01656,harlem,COST,mosaic,"6,456",2005,20050820
M02286,Lower East Side,lady pink,Mosaic,"7,466",2020,20200802
M03547,BUSHWICK,futura,wheatpaste,"4,032",2012,20120919
M03334,soho,os gemeos,mosaic,"5,630",2021,20211102
M03040,LES,Shepard Fairey,mosaic,"5,517",2016,20160617
M00022,BUSHWICK, BANKSY ,spraypaint,450,2021,20210117
M01253,Williamsburg,COST,spraypaint,"2,244",2010,20100925
M00162,Bronx,futura,wheatpaste,"3,126",2010,20100912
M02840,Williamsburg,Faith47,Spray Paint,"1,422",2018,20180113
M01012,BUSHWICK,Os Gemeos,acrylic,325,2018,20180927
M04872,astoria,shepard fairey,Acrylic,"5,241",2017,20170925
M00679,chelsea ,faith47,wheatpaste,"6,472",2011,20110820
M00675,Long Island City,Os Gemeos,spray paint,869,2005,20050404
M01048,Bronx,kaws,wheatpaste,561,2009,20090408
M00643,williamsburg,Shepard Fairey,Mosaic,"4,291",2013,20130823
M02016,harlem,jane q. public,spray paint,"1,874",2021,20211110
M01021,the bronx,Faith47,wheatpaste,"7,272",2018,20181009
M00609,harlem,futura,spraypaint,"2,687",2007,20070213
M00873,LIC,KAWS,aerosol,"6,027",2007,20070212
M02916,bushwick,banksy,Mosaic,"7,562",2015,20151102
M02681,Williamsburg,lady pink,spray paint,"3,905",2017,20170904
M01250,SoHo,KAWS,spray paint,"3,026",2012,20120220
M01769,lower east side,Jane Q. Public,Acrylic,"2,658",2022,20220326
M01684,Bushwick,Banksy,spraypaint,948,2005,20050714
M03764,SoHo,shepard fairey,spray paint,"3,037",2008,20080117
M01085,astoria,jane q. public,aerosol,135,2020,20201013
M00580,SoHo,lady pink,Mosaic,"2,499",2018,20180221
M00974,bushwick,faith47,spraypaint,"6,918",2012,20120710
M04347,LES,Jane Q. Public,mosaic,"7,711",2009,20090717
M03743,Chelsea,Os Gemeos,spray paint,"1,579",2011,20110720
M03290,Williamsburg,jane q. public,Mosaic,"5,672",2021,20211214
M01368,bushwick,Banksy,wheatpaste,"5,074",2006,20061223
M03944,Williamsburg,Futura,spray paint,"2,742",2009,20090310
M02955,harlem,os gemeos,Wheatpaste,"4,719",2006,20060322
M02278,Bronx,Os Gemeos,Mosaic,"6,002",2015,20150701
M01249,the bronx,shepard fairey,wheatpaste,"7,507",2020,20201021
M00366,Williamsburg,Shepard Fairey,Wheatpaste,"7,425",,20060203
M04121,williamsburg,jane q. public,acrylic,"1,510",2006,20061102
M04248,lower east side,cost,Aerosol,,2015,20150918
M03951,Harlem,Lady Pink,Aerosol,"4,727",2019,20191224
M03017,Long Island City,futura,mosaic,469,2010,20100214
M00531,soho,cost,spraypaint,"5,555",2007,20070203
M02443,Long Island City,Os Gemeos,Mosaic,"2,645",2006,20061108
M01952, Bushwick ,banksy,wheatpaste,"2,218",2022,20220419
M04816,astoria,Faith47,Aerosol,"5,715",2010,20101112
M00233,soho,os gemeos,Wheatpaste,173,2099,20180707
M01924,Williamsburg,,acrylic,-50,2021,20210321
M02111,soho,os gemeos,spray paint,"3,665",2020,20200327
M00463,Bushwick,os gemeos,Aerosol,"4,429",2023,20230603
M03730,the bronx,banksy,Spray Paint,"4,225",2014,20141106
M01394,Bronx,jane q. public,spray paint,"4,492",2015,20151025
M03639,LES,COST,Acrylic,580,2013,20130314
M03659,chelsea ,futura,Spray Paint,"3,694",2008,20080521
M02850,astoria,Os Gemeos,Mosaic,554,2011,20110817
M00007,lower east side,banksy,mosaic,"5,282",2012,20120108
M03297,Chelsea,KAWS,Wheatpaste,"2,767",2010,20100828
M00781,Astoria,,mosaic,"1,532",2013,20130806
M04118,chelsea ,banksy,Acrylic,887,2005,20051106
M04120,SoHo,Futura,Spray Paint,"6,533",2023,20230712
M03540,Williamsburg,Os Gemeos,Acrylic,"5,727",2014,20140403
M00388,the bronx,os gemeos,Wheatpaste,"6,593",2009,20090716
M01157,Lower East Side,lady pink,Wheatpaste,"3,070",2009,20090304
M02580,Long Island City, BANKSY ,spraypaint,"2,273",2020,20200114
M03412,Bronx,kaws,Aerosol,"6,350",2023,20231221
M03775,harlem,shepard fairey,spraypaint,"2,283",2016,20160719
M02367,astoria,kaws,Mosaic,"1,318",2016,20161118
M01568,bushwick,banksy,wheatpaste,"1,264",2012,20120201
M03083,Chelsea,Lady Pink,Acrylic,"6,010",2007,20070913
M02055,harlem,kaws,mosaic,"2,200",2018,20181202
M04224,Lower East Side,jane q. public,spraypaint,"1,571",2018,20180818
M01203,soho, BANKSY ,Aerosol,"4,114",2019,20191002
M01571,soho,kaws,Mosaic,"4,488",2023,20231024
M02273,Astoria,Jane Q. Public,wheatpaste,"3,097",2020,20200419
M01797,Bronx,shepard fairey,wheatpaste,-50,2018,20180910
M03299,Harlem, BANKSY ,spraypaint,"3,099",2017,20170510
M01753,Long Island City,,Spray Paint,"6,491",2006,20060328
M01741,harlem,cost,Aerosol,"4,830",2010,20100204
M03274,the bronx,Os Gemeos,Wheatpaste,"2,316",2006,20060326
M00654,Harlem,Os Gemeos,spray paint,"2,481",2015,20150513
M00340,SoHo,Os Gemeos,Mosaic,"5,301",2012,20120613
M00979,williamsburg,faith47,spraypaint,"5,651",,20160807
M01030,astoria,cost,acrylic,"5,226",2015,20150428
M04343,soho,Shepard Fairey,acrylic,999999,2014,20140824
M03616,bushwick,Jane Q. Public,spraypaint,"1,342",2006,20060814
M00348,Astoria,COST,aerosol,"4,731",2022,20220424
M00134,LIC,futura,spray paint,"7,296",2014,20140916
M04283,bushwick,faith47,aerosol,"7,100",2018,20180325
M01381,bushwick,faith47,spray paint,491,2017,20171107
M02445,williamsburg,Lady Pink,mosaic,"4,852",2015,20151119
M04534,SoHo,Jane Q. Public,spraypaint,"7,625",2018,20180422
M03832,Williamsburg,futura,Aerosol,999999,2008,20080508
M04303,astoria,jane q. public,Mosaic,"5,694",2009,20090914
M01272,Williamsburg,cost,Mosaic,"3,981",2007,20070114
M02500,harlem,faith47,Wheatpaste,"7,562",2022,20220728
M01740,LIC,Futura,Spray Paint,"6,194",2018,20180515
M01403,chelsea ,os gemeos,wheatpaste,"5,183",2019,20190718
M02853,SoHo,jane q. public,Aerosol,"2,002",2015,20150916
M00309,SoHo,Os Gemeos,Acrylic,432,2005,20050813
M04060,chelsea ,COST,Aerosol,"2,970",2011,20110204
M00421,Long Island City,,Aerosol,"4,547",2013,20130701
M00084,harlem,Shepard Fairey,Aerosol,"6,839",2013,20131202
M03699,soho,Faith47,Spray Paint,"1,661",2019,20190427
M04387,Long Island City,lady pink,Wheatpaste,830,2019,20191019
M02823,Harlem,cost,Mosaic,"1,733",2006,20061022
M02482,Bronx,os gemeos,Aerosol,"6,713",2009,20090722
M00730,chelsea ,cost,Mosaic,"4,972",2010,20101123
M00997,Astoria,kaws,mosaic,"6,086",2006,20060505
M01919,Lower East Side,Futura,aerosol,"7,483",2009,20091218
M01261,Long Island City,Jane Q. Public,Spray Paint,869,2006,20061128
M04384,bushwick,os gemeos,Aerosol,202,2020,20200208
M00705,LIC,Lady Pink,Aerosol,"1,542",2008,20080428
M03635,harlem,Faith47,aerosol,"1,136",2020,20201125
M03090,bushwick,Shepard Fairey,spraypaint,691,2006,20061014
M01831,Bushwick,Banksy,mosaic,"5,605",2006,20060409
M00043,Lower East Side,futura,mosaic,"6,410",2012,20120508
M02849,astoria,KAWS,Wheatpaste,"4,134",2010,20100418
M01244, Bushwick ,lady pink,aerosol,65,2014,20140715
M03526,astoria,COST,acrylic,"6,471",2020,20200502
M01372,Harlem,lady pink,spraypaint,"4,671",2005,20051020
M04628,SoHo,COST,spraypaint,-50,2011,20110123
M00949,harlem,futura,Spray Paint,"5,560",2017,20171219
M04892,Williamsburg,kaws,mosaic,583,2023,20231119
M03285,chelsea ,faith47,aerosol,"3,820",2012,20120202
M04391,Williamsburg,lady pink,wheatpaste,"5,374",2013,20130301
M01011,Williamsburg,Lady Pink,Mosaic,"1,171",2006,20060613
M00419,Lower East Side,cost,Acrylic,"2,972",2018,20180318
M02027,soho,jane q. public,aerosol,"4,545",2013,20130701
M00015,Chelsea,Banksy,wheatpaste,"3,099",2021,20210211
M03983,Lower East Side,lady pink,Aerosol,"5,856",2013,20130521
M03589, Bushwick ,COST,spray paint,147,2009,20090627
M01593,Williamsburg,faith47,aerosol,"6,762",2023,20230418
M00289,the bronx,Jane Q. Public,acrylic,"2,668",2018,20180807
M04256,BUSHWICK,kaws,Acrylic,"3,067",2006,20060919
M04357,Chelsea,faith47,Aerosol,"2,805",2011,20110804
M04397,Astoria,shepard fairey,Wheatpaste,"3,982",2006,20060925
M02390,harlem,COST,Acrylic,"2,303",2009,20090407
M04438,Lower East Side,banksy,Spray Paint,"4,756",2011,20110628
M04675,SoHo,futura,Spray Paint,"7,151",2007,20070823
M01436,Lower East Side,lady pink,acrylic,494,2019,20191204
M03476,Chelsea,Banksy,Acrylic,"7,100",2017,20171120
M03851,williamsburg,banksy,acrylic,,2010,20100202
M01113,Chelsea,COST,Wheatpaste,"4,197",2022,20221008
M03321,harlem,Lady Pink,spraypaint,"1,646",2018,20180723
M01336,BUSHWICK,Futura,Wheatpaste,"2,760",2010,20100405
M04258,Harlem,lady pink,Aerosol,"1,682",2023,20230611
M03130,Bushwick,cost,Spray Paint,621,2018,20181219
M00528,Chelsea,KAWS,Spray Paint,949,2019,20190321
M00399,soho,,acrylic,40,2009,20090123
M00562,Bronx,Lady Pink,spray paint,"3,545",2007,20071112
M02591,harlem,faith47,Wheatpaste,"5,154",2020,20201221
M04430,LIC,shepard fairey,mosaic,"3,585",2016,20160127
M01992,Bushwick,Shepard Fairey,Aerosol,"1,300",2013,20130919
M04862,Bronx,jane q. public,Wheatpaste,"2,099",2020,20201013
M01731,Astoria,shepard fairey,mosaic,"4,327",2010,20100417
M04614,Long Island City,jane q. public,acrylic,"7,602",2015,20150802
M01245,Bronx,futura,aerosol,"1,271",2017,20170118
M00072, Bushwick ,Os Gemeos,acrylic,"2,000",2014,20140208
M01066,astoria,Jane Q. Public,Aerosol,758,2019,20190225
M02086,Bushwick,Futura,spray paint,"4,346",2016,20160919
M02131,lower east side,Jane Q. Public,mosaic,"3,372",1776,20180319
M04161,LIC,Os Gemeos,wheatpaste,"4,236",2016,20160719
M00574,Harlem,Shepard Fairey,Spray Paint,"4,856",2015,20151004
M01019,Long Island City,banksy,spraypaint,"5,684",2021,20210612
M02254,lower east side,Lady Pink,aerosol,"7,233",2013,20130304
M04805,harlem,shepard fairey,Mosaic,"6,378",2008,20080801
M04476,Chelsea,Banksy,Mosaic,"2,923",2011,20110714
M03801,soho,Os Gemeos,spray paint,"3,699",2011,20111112
M00426,harlem,faith47,Acrylic,"5,218",2014,20141005
M04007,Chelsea,faith47,Mosaic,"2,953",2023,20230919
M03181,lower east side,,aerosol,"7,103",2019,20190912
M02594,Astoria,Futura,acrylic,801,2011,20111025
M03385,Lower East Side,Shepard Fairey,Acrylic,"2,065",2017,20171119
M02300,LES,COST,spraypaint,"7,072",2017,20171001
M02864,Lower East Side,,Acrylic,"7,773",2015,20150408
M03143,soho,os gemeos,Mosaic,"1,444",2007,20070322
M04077,Lower East Side,Faith47,Wheatpaste,"5,627",2013,20131219
M02021,BUSHWICK,KAWS,wheatpaste,"1,665",2019,20190727
M02499,SoHo,Jane Q. Public,spraypaint,"3,778",2019,20190525
M01416,Bronx,kaws,Acrylic,"6,399",2019,20190223
M03252,chelsea ,Lady Pink,Aerosol,,2007,20070923
M02433,soho,Banksy,Wheatpaste,"5,064",2006,20060921
M03660,chelsea ,futura,spray paint,"7,978",2017,20170418
M02950,bushwick, BANKSY ,Wheatpaste,"4,213",2012,20120623
M04499,SoHo,Faith47,Wheatpaste,-50,2014,20140215
M04747,the bronx,futura,mosaic,"2,396",2008,20081014
M03116,LIC,,acrylic,"4,152",2019,20190407
M00667,Chelsea,futura,Wheatpaste,,2005,20050920
M04620,LIC,Jane Q. Public,Mosaic,"1,370",2021,20210808
M02522,chelsea ,COST,acrylic,"4,691",2019,20191007
M02424, Bushwick ,faith47,Acrylic,"1,297",2017,20171118
M03327,Bushwick,banksy,Aerosol,"5,331",2006,20061128
M03713,the bronx,Faith47,aerosol,"6,395",2023,20230126
M03484,the bronx,os gemeos,aerosol,"3,278",2010,20100615
M00210,Bronx, BANKSY ,Mosaic,"4,546",2019,20190527
M02979,Chelsea,COST,aerosol,"7,122",2019,20191225
M02043,Bushwick,Banksy,Aerosol,"3,791",2019,20190205
M01905,soho,Lady Pink,Wheatpaste,"3,761",2009,20090718
M02036,williamsburg,Banksy,wheatpaste,"2,722",2014,20140510
M00004,Long Island City,Faith47,Wheatpaste,395,2022,20220218
M00768,williamsburg,Os Gemeos,Spray Paint,"1,238",2012,20120413
M03708,bushwick,faith47,Wheatpaste,"2,991",2015,20150706
M02157,the bronx,Os Gemeos,Spray Paint,"6,959",2020,20201225
M02343,lower east side,Lady Pink,acrylic,"1,224",2013,20130410
M02945,Harlem,jane q. public,spray paint,"1,983",2018,20180926
M01415, Bushwick ,os gemeos,Wheatpaste,"6,583",2015,20150528
M03656,Harlem,cost,wheatpaste,"6,475",2099,20180416
M03283,Bronx,futura,wheatpaste,"5,460",2014,20141209
M01499,Bushwick,shepard fairey,wheatpaste,"4,719",2014,20140426
M04504,harlem,Faith47,Wheatpaste,"7,374",2099,20180702
M02859,lower east side,jane q. public,Wheatpaste,"7,644",2015,20150622
M00599,Long Island City,cost,Mosaic,"3,881",2015,20150423
M03717,BUSHWICK,KAWS,Acrylic,"2,566",2012,20120617
M01621,Chelsea,faith47,aerosol,"3,290",2020,20200116
M00005,SoHo,Os Gemeos,Mosaic,609,2012,20120428
M01063, Bushwick ,Banksy,spraypaint,"1,905",2015,20150509
M01248,BUSHWICK,jane q. public,Mosaic,"6,594",2023,20230814
M02232,LES,COST,Aerosol,942,2023,20231110
M01183,bushwick,Os Gemeos,Aerosol,"4,010",2022,20220420
M03925, Bushwick ,jane q. public,aerosol,"5,286",2021,20210908
M03821,harlem,lady pink,aerosol,"6,682",2019,20191024
M02110,williamsburg,Jane Q. Public,Mosaic,"6,679",2017,20170320
M03088,LIC,Banksy,spray paint,"6,591",2017,20170606
M02248,chelsea ,kaws,Wheatpaste,"7,526",2007,20070417
M02978,BUSHWICK,os gemeos,spraypaint,"6,077",2023,20230628
M01254,williamsburg,,spraypaint,"2,706",2013,20130902
M03231,Harlem,Shepard Fairey,spray paint,"7,892",2020,20200421
M01586,chelsea ,Lady Pink,spraypaint,"2,071",2022,20220713
M00180,Bushwick,Futura,spray paint,"5,393",2008,20080905
M04754,Long Island City, BANKSY ,wheatpaste,"3,194",2011,20111212
M02372,williamsburg,Banksy,Acrylic,"3,023",2018,20180313
M02121,harlem,os gemeos,spraypaint,"3,945",2018,20181002
M02689,the bronx,Faith47,Mosaic,"4,539",2023,20230214
M02870,astoria,faith47,aerosol,"1,294",2009,20090810
M04559,LIC,COST,wheatpaste,"2,867",2007,20070407
M02613,Chelsea,Banksy,acrylic,553,2008,20080923
M02054,soho,cost,Aerosol,"6,859",,20140317
M03838,Harlem,,Acrylic,"5,601",2015,20150908
M01456,Williamsburg,Shepard Fairey,Spray Paint,"6,416",2016,20160409
M03365,SoHo,Faith47,acrylic,"7,361",2018,20180717
M01466,Bushwick,futura,wheatpaste,596,2023,20231123
M02621,Chelsea,Lady Pink,Wheatpaste,"1,895",2019,20190114
M01322,chelsea , BANKSY ,Spray Paint,"2,015",2020,20200123
M01848,chelsea ,futura,Acrylic,"6,402",2014,20140109
M01039,SoHo,Shepard Fairey,aerosol,"6,557",2013,20130215
M00742,williamsburg,KAWS,acrylic,"4,724",2021,20210210
M03000,Bushwick,os gemeos,Mosaic,"6,152",2007,20070101
M02257,SoHo,os gemeos,Wheatpaste,"3,551",2014,20140915
M00871,chelsea ,Lady Pink,spraypaint,"7,799",2013,20130709
M00691, Bushwick ,futura,aerosol,"2,981",2014,20141103
M01107,BUSHWICK, BANKSY ,aerosol,"4,186",2022,20220313
M00036,lower east side,Jane Q. Public,mosaic,"2,611",2008,20080522
M02484,Lower East Side,Futura,spraypaint,"5,229",2005,20050223
M03273,Bronx,Faith47,Spray Paint,"7,445",2023,20231201
M02198,harlem,futura,Aerosol,"1,343",2018,20180422
M00604,astoria,Shepard Fairey,spray paint,"1,923",2020,20200704
M04856,chelsea ,cost,acrylic,"6,613",2008,20081220
M03919,Williamsburg,faith47,wheatpaste,"1,626",2013,20131017
M04644,Lower East Side,kaws,acrylic,"3,978",2018,20180401
M01099,Bronx,futura,Spray Paint,145,2020,20201014
M00865,Harlem,,aerosol,"7,084",2023,20230711
M04645,chelsea ,kaws,Mosaic,964,2023,20230921
M01818,BUSHWICK,Jane Q. Public,wheatpaste,"7,046",2007,20070224
M01383,LIC,COST,aerosol,,2019,20190124
M02268,harlem,Banksy,wheatpaste,"4,698",2007,20070420
M03162,Williamsburg,futura,Wheatpaste,"7,679",2018,20180424
M03152,BUSHWICK,futura,Mosaic,218,2021,20210407
M01567,LIC,kaws,spray paint,"1,105",2010,20100506
M03487,williamsburg,Lady Pink,aerosol,"2,402",2008,20081205
M00451,Williamsburg,Lady Pink,Spray Paint,,2014,20140521
M01630,BUSHWICK,Os Gemeos,wheatpaste,"1,743",2023,20230507
M00324, Bushwick ,,mosaic,999999,2016,20160518
M00869,Bushwick,Futura,spray paint,"3,763",2008,20080201
M01357,Astoria,Os Gemeos,mosaic,-50,2010,20100119
M00146,the bronx,Futura,mosaic,"7,500",2008,20080311
M04271,Williamsburg,COST,spraypaint,"3,013",2019,20190322
M04115, Bushwick ,Futura,spraypaint,"5,142",2012,20120119
M00647,Long Island City,cost,acrylic,406,2023,20230626
M01303, Bushwick ,faith47,mosaic,"7,670",2008,20080525
M01428,LES,faith47,Aerosol,753,2010,20100815
M01673,chelsea ,banksy,spraypaint,"2,381",2015,20150707
M02716,lower east side,Lady Pink,mosaic,"1,239",2019,20190708
M03497,harlem,cost,aerosol,"6,130",2005,20050802
M04774,BUSHWICK,faith47,spray paint,"2,465",2011,20110610
M00392,BUSHWICK,kaws,Mosaic,"5,214",2010,20100721
M01606,astoria,os gemeos,aerosol,"5,349",2005,20050624
M03383,Bronx,faith47,Wheatpaste,"6,022",2017,20170916
M01718,harlem,banksy,mosaic,"2,959",2023,20231007
M01807,SoHo,banksy,Acrylic,"6,177",2017,20170622
M02191,SoHo,Banksy,spraypaint,"3,189",2006,20061107
M01213,astoria, BANKSY ,Aerosol,-50,2014,20141103
M00804,Williamsburg,Os Gemeos,Acrylic,"1,578",2007,20071113
M01742,Long Island City,Lady Pink,Acrylic,"1,137",2012,20120128
M02102,Long Island City,os gemeos,Acrylic,"3,473",2018,20180512
M01937,LES,cost,Wheatpaste,"6,074",2015,20150523
M00506,Williamsburg,,aerosol,,2008,20080221
M00163,Bronx,Shepard Fairey,mosaic,"1,882",2014,20141223
M01555,Bushwick,Lady Pink,Wheatpaste,"2,731",2019,20191206
M00490,Williamsburg,Lady Pink,wheatpaste,"2,316",2013,20131204
M00992,Lower East Side,Banksy,mosaic,"5,262",2015,20150421
M03072,Williamsburg,Lady Pink,spraypaint,"3,277",2021,20210119
M04819,Chelsea,Banksy,Wheatpaste,"2,242",2009,20090113
M02224,Harlem,Banksy,wheatpaste,"4,160",2017,20170109
M01365,Chelsea,Jane Q. Public,Acrylic,"7,845",2011,20110127
M01376,Long Island City,os gemeos,wheatpaste,,2005,20051104
M04778,Bronx,Banksy,wheatpaste,"4,567",2018,20180122
M00598,LES,jane q. public,aerosol,"3,466",2009,20090420
M01809,Bushwick,jane q. public,Acrylic,"1,396",2005,20050922
M03469,lower east side,faith47,acrylic,"4,490",2006,20061027
M01513,harlem,Futura,mosaic,,2015,20150309
M02852,williamsburg,KAWS,aerosol,"3,978",2018,20180515
M04834,BUSHWICK,cost,wheatpaste,"4,642",2011,20110903
M00506,Williamsburg,,aerosol,,2008,20080221
M01373,Long Island City,banksy,Mosaic,"1,867",2009,20091018
M03844,BUSHWICK,Banksy,Spray Paint,146,2012,20120218
M00769, Bushwick ,futura,wheatpaste,"6,649",2021,20210518
M01874,Astoria, BANKSY ,acrylic,-50,2015,20150514
M02064, Bushwick ,shepard fairey,Spray Paint,"4,515",2007,20070422
M03441,Chelsea, BANKSY ,Acrylic,"5,577",2014,20140508
M01681,williamsburg,,aerosol,"1,516",2009,20090306
M00143,LES,Shepard Fairey,spray paint,"6,541",2012,20120308
M02418,BUSHWICK,Banksy,mosaic,"1,960",2010,20100801
M04691,Chelsea,Lady Pink,Spray Paint,"5,488",2018,20181018
M00674,lower east side,Banksy,acrylic,825,2018,20181120
M02033,Astoria,cost,Mosaic,"4,609",2018,20181024
M04871,the bronx,Shepard Fairey,Acrylic,"4,024",2015,20150819
M03567,soho,shepard fairey,Spray Paint,"3,679",,20091022
M02107, Bushwick ,cost,wheatpaste,"2,283",2009,20090608
M03813,harlem, BANKSY ,Mosaic,"4,289",2018,20180914
M00171,Williamsburg,Os Gemeos,spraypaint,"6,243",,20170213
M02713,Harlem,jane q. public,Aerosol,"3,162",2008,20080708
M03209,bushwick,kaws,Wheatpaste,"1,938",2020,20201008
M02514,harlem,Futura,spraypaint,"5,032",2018,20180127
M01904,the bronx,KAWS,spray paint,"5,207",2019,20190921
M00848,Lower East Side,shepard fairey,wheatpaste,"5,555",2018,20180627
M00920,Bushwick,cost,Wheatpaste,"6,442",2012,20120418
M03555,williamsburg,Faith47,wheatpaste,"6,686",2006,20060104
M02773,Long Island City,Faith47,Aerosol,795,2006,20060508
M04238,harlem,KAWS,Wheatpaste,"2,453",2013,20131204
M00184,LIC,kaws,spraypaint,"7,218",2021,20210118
M03514, Bushwick ,cost,aerosol,"4,113",2018,20180828
M03591,Williamsburg,,Spray Paint,"7,226",2013,20131203
M00539,bushwick,Os Gemeos,acrylic,"5,503",2023,20230623
M00540,the bronx,lady pink,wheatpaste,"3,330",2012,20120120
M02371,bushwick,Banksy,Wheatpaste,"3,431",2007,20070107
M03622,harlem, BANKSY ,spray paint,"7,258",2021,20210714
M00225,Astoria,KAWS,aerosol,"6,389",2016,20161215
M03861, Bushwick ,,Acrylic,"6,420",2020,20200804
M00422,the bronx,futura,Acrylic,93,2012,20121227
M03401,harlem,Jane Q. Public,Spray Paint,,2008,20081113
M04586,astoria,futura,spraypaint,"3,085",2014,20141006
M04688,Long Island City,Shepard Fairey,spraypaint,"3,727",2023,20230204
M00746, Bushwick ,kaws,aerosol,"6,662",2013,20130211
M00931,SoHo,futura,Wheatpaste,"1,371",2019,20190301
M00479,Lower East Side,lady pink,aerosol,"1,241",2019,20191015
M04006,williamsburg,cost,spray paint,897,2013,20130106
M01351,LES,Futura,Spray Paint,"7,110",2023,20230125
M04092,astoria,Faith47,aerosol,966,2014,20140303
M04316,LES, BANKSY ,Spray Paint,"6,902",2007,20070318
M01602,astoria,lady pink,spray paint,"7,390",2018,20180610
M00229,Williamsburg,cost,acrylic,"1,079",2009,20090425
M01111,SoHo,futura,mosaic,"6,986",2017,20170724
M04079, Bushwick ,Shepard Fairey,Mosaic,519,2009,20090504
M02005,Chelsea, BANKSY ,acrylic,"4,876",2007,20070926
M00640,harlem,KAWS,wheatpaste,"6,637",2023,20231122
M01839,Harlem,jane q. public,spray paint,"3,296",2007,20070215
M00508,BUSHWICK,,aerosol,"3,361",2021,20210905
M01110,Chelsea,jane q. public,Mosaic,"1,809",2014,20141016
M02133, Bushwick ,os gemeos,wheatpaste,"5,068",2011,20110303
M04731,Williamsburg,jane q. public,Mosaic,"3,843",2011,20110904
M01361,astoria, BANKSY ,aerosol,"3,376",2010,20100905
M03149,bushwick,faith47,Aerosol,"7,824",2006,20061117
M00154,chelsea ,cost,spray paint,920,2013,20130602
M00837,lower east side, BANKSY ,Aerosol,"1,772",2018,20180205
M01342,the bronx,shepard fairey,Aerosol,62,2012,20120212
M04566,astoria,Shepard Fairey,Spray Paint,"3,386",2018,20180715
M00199,Williamsburg,lady pink,wheatpaste,"7,622",2022,20220601
M01122,Harlem,Lady Pink,Acrylic,"4,693",2007,20071016
M02520, Bushwick ,jane q. public,spraypaint,"4,767",2009,20090708
M03014,Astoria,KAWS,Wheatpaste,"6,463",2017,20170818
M02862,soho,banksy,spray paint,"2,131",2016,20160506
M04439,Long Island City,Shepard Fairey,acrylic,"6,153",2015,20151102
M02619,Williamsburg,KAWS,Mosaic,"3,166",2014,20141216
M00631,Astoria,lady pink,acrylic,,2008,20080304
M03712,Astoria,Shepard Fairey,acrylic,"4,037",2008,20081223
M04655,LIC,Faith47,aerosol,"7,247",2009,20090309
M03449, Bushwick ,banksy,mosaic,"3,717",2023,20231209
M04144,Williamsburg,Shepard Fairey,aerosol,"2,737",2010,20100313
M02998,Astoria,os gemeos,acrylic,"5,603",2023,20230923
M00927,SoHo, BANKSY ,spray paint,975,,20060527
M03599,harlem,lady pink,aerosol,"6,438",2006,20060326
M00728,lower east side,banksy,Wheatpaste,"3,614",2016,20161212
M00354,Chelsea,KAWS,Aerosol,"4,194",2023,20230402
M03994,chelsea , BANKSY ,wheatpaste,332,2016,20160526
M02948, Bushwick ,lady pink,aerosol,"2,040",2020,20200210
M04306,Astoria,Shepard Fairey,Spray Paint,"7,785",2007,20070526
M01720,Bronx,COST,spraypaint,346,2021,20210903
M02630,bushwick,faith47,aerosol,"1,347",2006,20060920
M00447,LIC,os gemeos,acrylic,"2,382",2018,20181217
M04615,LIC,Shepard Fairey,mosaic,"6,734",2014,20140610
M04302,Harlem,Os Gemeos,Wheatpaste,"1,900",2019,20190816
M01298,bushwick,,aerosol,"7,689",2020,20200621
M00693,chelsea ,cost,Mosaic,,2013,20130626
M00899,Bronx,os gemeos,Acrylic,"6,105",2021,20210417
M04329,LIC,Banksy,spray paint,"6,470",2023,20231227
M01290,Chelsea,lady pink,Acrylic,"6,042",2014,20140819
M03934, Bushwick ,cost,Spray Paint,"2,141",,20150402
M01626,LIC, BANKSY ,wheatpaste,"6,685",2013,20131101
M01158,Harlem,COST,Aerosol,"2,945",2020,20200706
M02894,Williamsburg,,spraypaint,"2,644",2016,20161104
M01167,Harlem,KAWS,wheatpaste,"3,665",2005,20050505
M04095,soho,jane q. public,Mosaic,"3,612",2014,20140128
M00382,Bushwick,Shepard Fairey,wheatpaste,"1,701",2016,20160222
M04817,SoHo,Shepard Fairey,Aerosol,"7,194",2021,20211120
M02961,Lower East Side,KAWS,Wheatpaste,"7,219",2015,20151004
M03310,harlem,Lady Pink,Spray Paint,"5,295",2018,20180121
M02962,chelsea ,jane q. public,Spray Paint,"3,003",2014,20141006
M03812,BUSHWICK,cost,aerosol,"3,741",2020,20201126
M01991,BUSHWICK,banksy,mosaic,"4,308",2018,20180522
M02302,williamsburg,KAWS,Mosaic,"2,381",2015,20150420
M04159,Bronx,Faith47,Spray Paint,"7,128",2012,20120311
M04041,Chelsea,cost,wheatpaste,"7,143",2008,20081122
M03609,the bronx,futura,Aerosol,"2,205",2005,20050624
M03757,LIC, BANKSY ,Wheatpaste,"7,051",2023,20231218
M02838,SoHo,Jane Q. Public,acrylic,"2,751",2014,20141224
M02239,Bronx,kaws,Acrylic,262,2017,20171013
M01493, Bushwick ,banksy,Spray Paint,"7,351",2015,20150626
M03874,the bronx,Futura,Aerosol,"2,383",2009,20090717
M02260,williamsburg,Lady Pink,Wheatpaste,"5,828",2005,20050321
M00138,Long Island City,Banksy,spraypaint,654,2017,20171106
M04147,Astoria,kaws,Mosaic,,2023,20230407
M02669,harlem,Shepard Fairey,spraypaint,96,2007,20070305
M04282,bushwick,shepard fairey,mosaic,"4,383",2020,20201016
M03502,harlem,Banksy,mosaic,"2,671",2018,20181022
M01082,Long Island City,cost,Aerosol,"1,836",2009,20090223
M00033,Bushwick,KAWS,mosaic,"7,120",2013,20131127
M00505,Chelsea,,spraypaint,"7,030",2007,20070521
M02770,lower east side,Os Gemeos,spray paint,"2,461",2007,20070401
M04551,soho,jane q. public,spraypaint,"4,990",2013,20130612
M02501,Harlem,futura,wheatpaste,"6,692",2019,20190208
M01712,soho, BANKSY ,spraypaint,"1,438",2012,20120827
M04610,Chelsea,lady pink,aerosol,"2,576",2012,20120405
M04527,lower east side,,aerosol,"3,636",2019,20190927
M01050,Long Island City,kaws,Wheatpaste,118,2008,20081107
M00371, Bushwick ,os gemeos,Wheatpaste,"4,620",2013,20131213
M01036,lower east side,shepard fairey,acrylic,"5,955",2005,20050728
M00126,LES,Futura,acrylic,727,2013,20130703
M03670,Long Island City,Os Gemeos,Mosaic,"2,920",2020,20200713
M03854,chelsea , BANKSY ,spray paint,"7,172",2023,20230820
M00951,williamsburg,COST,Aerosol,"6,028",2021,20210604
M04866,Chelsea,Lady Pink,spraypaint,"6,163",2022,20220519
M04826,soho,jane q. public,Aerosol,"3,246",2014,20140114
M01895,chelsea ,lady pink,wheatpaste,"3,334",2023,20230116
M02329,astoria,kaws,Aerosol,"5,994",2022,20220827
M00942,Astoria,Futura,acrylic,"2,031",2016,20160223
M00221,lower east side,os gemeos,wheatpaste,"2,541",2016,20160720
M04297, Bushwick ,os gemeos,mosaic,"2,537",2018,20180324
M04216,astoria,Faith47,Acrylic,"7,239",2020,20201204
M03109,chelsea ,COST,acrylic,"3,928",2007,20070518
M03646,lower east side,Banksy,Wheatpaste,"3,070",2019,20191124
M02883, Bushwick ,cost,Acrylic,"4,671",2007,20070912
M03621,Long Island City,lady pink,Acrylic,"3,375",2021,20210326
M03997,astoria,Shepard Fairey,Mosaic,,2023,20230225
M00311,soho,COST,Mosaic,"6,468",2011,20110907
M04770,Bushwick,lady pink,mosaic,"1,598",2010,20100217
M02047,Harlem,Jane Q. Public,wheatpaste,"2,748",2006,20060105
M02218,chelsea ,os gemeos,Wheatpaste,"4,834",2008,20080114
M03975,lower east side,Futura,Acrylic,"2,217",2019,20190211
M03144,Long Island City,shepard fairey,mosaic,231,2009,20090502
M00153,LIC,Shepard Fairey,wheatpaste,"3,261",,20120110
M02531,LIC,banksy,spraypaint,,2005,20050411
M01983,the bronx,lady pink,wheatpaste,"1,534",2018,20180305
M01887,the bronx,Os Gemeos,spray paint,314,2009,20090319
M04779,Williamsburg,Banksy,Spray Paint,"4,794",2010,20100619
M00412,LES,futura,Acrylic,"4,944",2022,20220810
M04825, Bushwick ,Banksy,Spray Paint,"7,396",2009,20091223
M00776,LES,os gemeos,Acrylic,"1,420",2021,20210627
M02714,Lower East Side,kaws,mosaic,"4,985",2015,20150418
M02208,Williamsburg,banksy,Mosaic,"7,602",2016,20161215
M01287,Astoria, BANKSY ,acrylic,"4,453",2019,20190719
M03312,astoria,Lady Pink,spray paint,980,2016,20160725
M01913,astoria, BANKSY ,Acrylic,"2,565",2016,20160517
M02162,LES,cost,Wheatpaste,"5,078",2009,20090505
M03815,Bushwick,Shepard Fairey,acrylic,263,2017,20170519
M04627,LES,Banksy,aerosol,"3,559",2010,20100214
M00222,Long Island City,faith47,acrylic,"7,569",,20100306
M02517,the bronx,KAWS,Mosaic,"2,320",2012,20120725
M02214,BUSHWICK,shepard fairey,mosaic,"6,443",2021,20210110
M01737,Lower East Side,banksy,Aerosol,"5,693",2022,20221204
M04893,bushwick,kaws,acrylic,"3,032",2005,20050609
M01730,Bronx,lady pink,Mosaic,"2,491",2013,20130526
M00916,Long Island City,Faith47,Mosaic,"7,970",2022,20221017
M00429, Bushwick ,kaws,Spray Paint,"4,637",2021,20210711
M00394,williamsburg, BANKSY ,aerosol,229,2012,20121224
M02028,BUSHWICK,Faith47,Wheatpaste,"2,125",2008,20080618
M00242,soho,cost,Acrylic,176,2005,20050126
M02370,harlem,Jane Q. Public,Mosaic,"4,984",2014,20141008
M01243,williamsburg,jane q. public,wheatpaste,"2,249",2008,20080408
M04078,chelsea ,Os Gemeos,spraypaint,"4,727",2015,20150509
M03071,astoria,Futura,aerosol,"4,790",2018,20181125
M04798, Bushwick , BANKSY ,spray paint,,2012,20120311
M01935,williamsburg,Futura,Wheatpaste,"3,900",2022,20220216
M03258,soho,futura,Spray Paint,"6,080",2011,20110721
M00527,the bronx,faith47,spray paint,"5,758",2022,20221103
M02319,Bronx, BANKSY ,Wheatpaste,"1,051",2009,20090305
M03786,williamsburg,Jane Q. Public,aerosol,,2017,20170415
M04410,chelsea ,Jane Q. Public,Wheatpaste,"7,192",2005,20050914
M02242,Chelsea,Os Gemeos,Spray Paint,397,2006,20060319
M02357,BUSHWICK,futura,aerosol,"1,048",2013,20130520
M02449,chelsea ,Shepard Fairey,spray paint,"6,748",2007,20070928
M01698,lower east side,kaws,Aerosol,"6,444",2014,20140912
M00088,astoria,KAWS,Spray Paint,"7,963",2022,20220109
M02388,harlem, BANKSY ,wheatpaste,"3,845",2019,20190608
M02457,soho,banksy,Spray Paint,"3,500",2021,20210104
M00161,Harlem,os gemeos,Acrylic,"1,710",2020,20200123
M02828,chelsea ,jane q. public,aerosol,"5,846",2021,20210820
M01188,BUSHWICK,os gemeos,acrylic,"2,694",2023,20231223
M02548, Bushwick ,cost,Spray Paint,"4,268",2012,20120809
M02366,Lower East Side,Lady Pink,Acrylic,"6,516",2023,20231220
M02165,Chelsea,cost,mosaic,"5,846",2009,20090105
M04185,the bronx,Futura,acrylic,"1,485",2006,20060605
M04714,astoria,banksy,spray paint,"6,619",2023,20231116
M02090,Chelsea,Jane Q. Public,Mosaic,"1,514",2021,20210101
M04548,LIC,,aerosol,,2006,20060222
M00969,chelsea ,os gemeos,Spray Paint,"5,802",2018,20180920
M04327,the bronx,Shepard Fairey,acrylic,999999,2014,20140204
M04813,Chelsea, BANKSY ,Aerosol,"2,234",2017,20170917
M01661,williamsburg,shepard fairey,Spray Paint,"7,186",2009,20090311
M00042,SoHo,Shepard Fairey,acrylic,"7,342",2021,20210806
M03009,LIC,jane q. public,Acrylic,-50,2013,20130102
M01175,Astoria,Shepard Fairey,Mosaic,"3,253",2022,20221024
M02860,BUSHWICK,COST,mosaic,"3,086",2019,20190102
M04698,Williamsburg,futura,acrylic,999999,2022,20220811
M03751,LIC, BANKSY ,wheatpaste,,,20200323
M00626,Harlem,os gemeos,spraypaint,"6,958",2011,20111116
M03429,harlem,Os Gemeos,wheatpaste,"4,468",2010,20100128
M01519,williamsburg,cost,Aerosol,"3,127",2007,20070924
M01975,bushwick,Faith47,Spray Paint,323,2015,20150505
M02523,Harlem, BANKSY ,acrylic,"5,311",2013,20130203
M02095, Bushwick ,Jane Q. Public,Aerosol,"1,389",2021,20210126
M00605,SoHo,Lady Pink,Acrylic,"4,078",2009,20090506
M01670,Astoria,Lady Pink,Mosaic,"6,315",2011,20110520
M00724,Bronx,,spraypaint,"7,830",2017,20170717
M03010, Bushwick ,faith47,wheatpaste,"5,779",2015,20150119
M00107,the bronx,kaws,acrylic,"2,277",2021,20210522
M04782,williamsburg,faith47,aerosol,"7,492",2020,20200612
M04765,harlem,Shepard Fairey,Spray Paint,"3,054",2023,20231202
M01242,Bushwick,KAWS,wheatpaste,"4,825",2012,20120707
M01728,astoria,jane q. public,wheatpaste,"7,785",2008,20080303
M03541,Harlem,os gemeos,spray paint,"2,195",2016,20160221
M04475,harlem,lady pink,mosaic,"4,643",2016,20160402
M02513,harlem,Jane Q. Public,wheatpaste,"5,920",2005,20050223
M01703,Long Island City,Futura,wheatpaste,"1,596",2006,20060918
M03070,lower east side,kaws,Wheatpaste,"6,235",2021,20210813
M03003,Bronx,os gemeos,wheatpaste,"3,000",2011,20110404
M04200,Long Island City,Faith47,acrylic,"7,599",2016,20160518
M03303,Harlem,Lady Pink,Spray Paint,"2,778",2005,20050814
M01283,Bushwick,kaws,spraypaint,"2,690",2015,20151111
M01349,LES,Lady Pink,mosaic,"2,103",2006,20061113
M00653,Long Island City,Lady Pink,spray paint,"1,417",2010,20100514
M01426,BUSHWICK,Faith47,wheatpaste,"6,891",2011,20111101
M04794,the bronx,kaws,spraypaint,"6,384",2008,20081126
M01366,bushwick,futura,Aerosol,"6,982",2022,20220417
M01650,Bushwick,,Acrylic,"1,940",2023,20231126
M02332,Harlem,Jane Q. Public,acrylic,"1,951",2009,20090224
M04777,lower east side,banksy,Wheatpaste,"7,599",2007,20071015
M00327,Williamsburg,kaws,spraypaint,"4,572",2023,20230323
M00434,the bronx,Futura,Mosaic,"2,262",2016,20161113
M01035,Lower East Side,Os Gemeos,wheatpaste,"2,047",2019,20190817
M04100,LES,Os Gemeos,Spray Paint,"4,035",2021,20210226
M04253,Long Island City,Lady Pink,aerosol,"2,870",2020,20200708
M01057,Harlem,futura,spray paint,"7,740",2018,20180825
M01479, Bushwick ,COST,aerosol,"6,201",2020,20200119
M00694,chelsea ,Futura,Acrylic,"6,275",2017,20170416
M03499,Bronx,Banksy,aerosol,"6,929",,20060215
M03311,astoria,Faith47,Mosaic,"4,696",2005,20050206
M03432,Bronx,os gemeos,Aerosol,"2,933",2017,20171106
M02563, Bushwick ,banksy,Mosaic,"2,611",2019,20190302
M02595,Lower East Side,Banksy,Acrylic,"6,457",2019,20191113
M00762,Chelsea,Faith47,Wheatpaste,"3,505",2005,20050926
M01645,LES,Banksy,spraypaint,"6,988",2007,20071002
M03625,lower east side,Os Gemeos,Mosaic,"2,372",2006,20060102
M04733,astoria,futura,Mosaic,821,2019,20190505
M00677,Long Island City,Shepard Fairey,Aerosol,"4,828",,20160305
M02103,astoria,futura,mosaic,"6,002",2015,20150825
M03447,BUSHWICK,kaws,aerosol,98,2018,20180702
M04795,Astoria,jane q. public,Aerosol,"3,153",2019,20190425
M04672,Long Island City,banksy,Spray Paint,"2,060",2008,20080715
M00578,astoria,Shepard Fairey,aerosol,"6,294",2005,20050319
M03078,harlem,Faith47,Acrylic,"3,630",,20140713
M01309,chelsea ,kaws,Mosaic,"5,063",2011,20110313
M03482,Lower East Side,kaws,spraypaint,"5,099",2014,20141111
M04020,the bronx,Shepard Fairey,Acrylic,"6,133",2013,20130425
M03122,SoHo,Faith47,aerosol,303,2013,20130224
M03028,BUSHWICK,Shepard Fairey,Aerosol,"4,149",2008,20080924
M03508,chelsea ,Shepard Fairey,spray paint,682,2006,20060113
M04485,Long Island City,Futura,spray paint,"1,532",2015,20151119
M04676,Astoria,kaws,Spray Paint,"2,724",2010,20100612
M01262, Bushwick ,Lady Pink,spray paint,371,2020,20200517
M01762,Williamsburg,cost,acrylic,,2017,20170803
M01024,Astoria,jane q. public,wheatpaste,835,2005,20051010
M02656,astoria,Futura,aerosol,"4,932",2017,20171205
M00102,Harlem,kaws,Acrylic,"3,504",2006,20060604
M04163,Astoria,Jane Q. Public,Spray Paint,949,2018,20180703
M03242,LIC,Futura,Aerosol,"7,300",2014,20140726
M00733,LES,Lady Pink,spraypaint,833,2018,20181214
M03414,Lower East Side,,Mosaic,"1,453",2007,20070515
M00191,Williamsburg,Jane Q. Public,Aerosol,"1,852",2005,20051024
M02847,Chelsea,COST,mosaic,"4,280",2022,20220202
M04170,BUSHWICK,kaws,Aerosol,"3,945",2016,20161102
M01925,Bushwick,os gemeos,Aerosol,"2,720",2017,20171123
M01930,Bronx,Banksy,spray paint,634,2020,20200704
M02331,astoria,Os Gemeos,Aerosol,"4,628",2023,20231225
M02726,soho,futura,aerosol,"6,828",2013,20131106
M00325,astoria,cost,aerosol,"5,912",2018,20180404
M00118,LIC,banksy,Wheatpaste,"3,021",2014,20141120
M03195,chelsea ,KAWS,Aerosol,"5,843",2005,20051010
M04703,Williamsburg,kaws,Aerosol,"4,793",2016,20161123
M02846,Astoria,,Spray Paint,"3,782",2012,20120125
M02008,Chelsea,jane q. public,spray paint,"6,696",2018,20181218
M02418,BUSHWICK,Banksy,mosaic,"1,960",2010,20100801
M04891,LES,COST,mosaic,303,2021,20210707
M01679,LIC,Shepard Fairey,acrylic,"1,134",2005,20051017
M03091,chelsea ,faith47,Mosaic,,2012,20120821
M02733,astoria,Faith47,mosaic,"6,510",2008,20080206
M04202,chelsea ,shepard fairey,aerosol,"5,055",2016,20161120
M00327,Williamsburg,kaws,spraypaint,"4,572",2023,20230323
M04037,Long Island City,,Wheatpaste,"5,765",2021,20211120
M01931,Williamsburg,Lady Pink,spray paint,"4,105",2016,20161025
M03399,the bronx,,spray paint,"1,279",2020,20200821
M04431,Long Island City,kaws,Spray Paint,"4,445",2011,20111208
M02810,SoHo,Faith47,Acrylic,"3,996",2008,20080213
M01692,LIC,shepard fairey,Spray Paint,"6,229",2016,20161118
M02406,Bronx,cost,aerosol,"3,108",2011,20110705
M04414,Williamsburg,banksy,spray paint,"7,473",2007,20070408
M03511,bushwick,jane q. public,Mosaic,"7,373",2009,20090311
M01591,Williamsburg,faith47,Aerosol,"6,477",2009,20091118
M01098,Astoria,shepard fairey,mosaic,"5,266",2013,20130521
M04250,Bronx,Shepard Fairey,acrylic,"5,798",2020,20201007
M02995,lower east side,os gemeos,acrylic,"5,633",2005,20050413
M04684,harlem,cost,aerosol,"4,635",2010,20101004
M04073,bushwick, BANKSY ,spraypaint,"4,499",2020,20200425
M04401, Bushwick ,COST,spraypaint,"4,981",2012,20120424
M03428, Bushwick ,faith47,Wheatpaste,377,2022,20220404
M04046,Chelsea,Lady Pink,Spray Paint,"6,743",2007,20070328
M01319,Bushwick,Shepard Fairey,Acrylic,,2022,20220906
M00106,astoria, BANKSY ,Aerosol,"4,689",2006,20060122
M01872,Bronx,os gemeos,acrylic,"4,888",2005,20050117
M03992,LIC,,Acrylic,"3,243",2020,20200612
M01073,Harlem,faith47,Mosaic,"1,374",2008,20080624
M02265,williamsburg,banksy,Acrylic,"6,846",2014,20141121
M02327,lower east side,shepard fairey,acrylic,"6,929",2009,20090917
M01291,Lower East Side,Jane Q. Public,Spray Paint,"3,226",,20150122
M00859,SoHo,cost,aerosol,"5,840",2014,20140717
M01820, Bushwick ,faith47,spray paint,"7,705",2015,20150201
M04468,Astoria,banksy,spray paint,"6,275",2016,20160314
M01215,Astoria,KAWS,Spray Paint,298,2016,20160725
M04617,the bronx,Faith47,mosaic,"5,980",,20120717
M03909,LIC,jane q. public,Aerosol,"6,465",,20060409
M01497,Long Island City,futura,Acrylic,"2,487",2023,20230713
M02285,soho,lady pink,spray paint,"3,638",2017,20171021
M02360,Bronx,kaws,mosaic,"4,434",2016,20161124
M01044, Bushwick ,futura,wheatpaste,-50,2007,20070405
M01660,bushwick,Lady Pink,Aerosol,"7,554",2020,20200220
M01865,Williamsburg,cost,acrylic,"6,542",2017,20170909
M00319,Long Island City,os gemeos,Acrylic,"3,585",2012,20121113
M04478,Lower East Side,lady pink,wheatpaste,358,2005,20051205
M04123, Bushwick ,shepard fairey,spray paint,"6,378",2020,20200417
M00767,LIC, BANKSY ,mosaic,"4,984",2013,20130914
M03677,soho,Faith47,Mosaic,"6,035",2007,20070906
M03974,BUSHWICK,Futura,mosaic,,2016,20160517
M04361,BUSHWICK, BANKSY ,mosaic,"7,891",2006,20060425
M00104,williamsburg,COST,spray paint,"7,651",2013,20130511
M04227,chelsea ,faith47,mosaic,"1,447",2013,20130728
M03796, Bushwick ,banksy,Acrylic,"5,198",2023,20230724
M00810,Astoria,Lady Pink,Wheatpaste,"7,575",2006,20060911
M00720,Harlem,faith47,aerosol,"6,526",2014,20141211
M02339,astoria,Lady Pink,Mosaic,"2,304",2007,20070913
M00808,Williamsburg,Jane Q. Public,Mosaic,"4,230",2018,20180108
M00824,chelsea ,futura,Spray Paint,"6,237",2011,20110108
M02171,LIC,lady pink,spray paint,"4,623",2013,20130213
M02854,Lower East Side,kaws,wheatpaste,"3,692",2014,20141007
M04761,Astoria,Os Gemeos,Aerosol,"2,594",2016,20160919
M01224,Chelsea,KAWS,mosaic,"1,031",2007,20070822
M00215,Harlem,faith47,acrylic,"7,581",2008,20080610
M02040,soho,lady pink,Aerosol,"4,525",2010,20100224
M01454,soho,,aerosol,916,,20131121
M01653,williamsburg,cost,mosaic,"7,799",2010,20100514
M00751,Chelsea,Lady Pink,spray paint,"6,067",2010,20100527
M02936,LIC,jane q. public,Acrylic,,2017,20171106
M01631, Bushwick ,banksy,spraypaint,292,,20230205
M01774,Williamsburg,Jane Q. Public,spraypaint,,2012,20120609
M04131,williamsburg,cost,aerosol,"2,966",2007,20070711
M03760,astoria,Os Gemeos,Aerosol,"5,903",,20180203
M03475,Astoria,Faith47,Spray Paint,"4,179",2011,20111106
M00379,harlem,cost,Wheatpaste,"3,798",2023,20230503
M03037,harlem,KAWS,acrylic,"3,571",2022,20221006
M01693,chelsea ,Os Gemeos,mosaic,"1,083",2019,20190923
M00342,Astoria,lady pink,Wheatpaste,"6,375",2005,20051125
M01775,Harlem,faith47,spray paint,,,20200112
M01589,Harlem,Faith47,wheatpaste,"2,501",2019,20190422
M04772,astoria,cost,spraypaint,"2,773",2018,20181225
M01278,Lower East Side,banksy,Mosaic,"2,169",2021,20211210
M00736,Harlem,banksy,Spray Paint,,2013,20131026
M00700,Astoria,Lady Pink,mosaic,"1,949",2021,20210901
M00593,SoHo,Shepard Fairey,spraypaint,"6,844",2009,20090615
M03853,harlem,kaws,spray paint,"5,594",2015,20150615
M02298,Astoria,futura,Mosaic,873,2015,20150826
M03510,LES,KAWS,acrylic,"2,979",2019,20190524
M03023,lower east side,Futura,Wheatpaste,"5,392",2011,20110503
M04284, Bushwick ,COST,Spray Paint,"4,490",2019,20191009
M02263,BUSHWICK,shepard fairey,Mosaic,"6,216",2014,20140204
M00701,Astoria,lady pink,Aerosol,"3,467",2007,20070405
M00165,Williamsburg,KAWS,Aerosol,"7,609",2013,20130909
M03320,Bushwick,kaws,spraypaint,"5,572",2021,20210904
M04447,soho,Shepard Fairey,aerosol,971,2019,20190910
M02786,chelsea ,Futura,acrylic,"6,759",2016,20160220
M00282,the bronx,shepard fairey,wheatpaste,"3,929",2012,20121202
M04831,Chelsea,shepard fairey,Wheatpaste,"1,842",2023,20230518
M03716,Bronx,os gemeos,Spray Paint,"3,650",2005,20050404
M00714,lower east side,faith47,spray paint,"3,545",2011,20110113
M03846,williamsburg,Futura,mosaic,"5,465",2020,20201219
M04033,Chelsea,Banksy,Spray Paint,"7,131",2021,20211022
M01647,SoHo,lady pink,Spray Paint,58,2018,20181020
M02788,Long Island City,Shepard Fairey,Aerosol,"2,996",2018,20180503
M04338,chelsea ,shepard fairey,mosaic,890,2009,20091213
M04497,lower east side,Lady Pink,wheatpaste,"5,489",2012,20120523
M03191,BUSHWICK,banksy,acrylic,428,2012,20120818
M02379,Williamsburg,futura,Mosaic,"2,505",2022,20220803
M03186,BUSHWICK,lady pink,Wheatpaste,"2,739",2018,20180911
M01980,soho,faith47,spray paint,"4,944",2021,20211011
M03049,Astoria,Faith47,Aerosol,656,2013,20130706
M00050,soho,Os Gemeos,spraypaint,,2013,20131024
M03985,Harlem,,Aerosol,614,2010,20101215
M03920,lower east side,Faith47,acrylic,"3,444",2013,20130421
M04150,BUSHWICK,shepard fairey,mosaic,"7,088",2018,20181222
M00019,Chelsea,banksy,Wheatpaste,"2,086",2007,20070904
M00537,Bushwick,Faith47,Spray Paint,"5,492",2016,20160318
M03128,Harlem,futura,mosaic,,2012,20120906
M03608,Harlem,jane q. public,spray paint,"4,928",2014,20140820
M04507,Williamsburg,Faith47,spraypaint,"2,962",2018,20180925
M01300,Long Island City,faith47,Spray Paint,994,2020,20201225
M01882,the bronx,faith47,aerosol,"3,594",2013,20130120
M04592,Lower East Side,KAWS,Mosaic,"1,221",2017,20170603
M00401,LIC,futura,Aerosol,"1,847",2018,20181026
M00209,Harlem,Os Gemeos,wheatpaste,"4,757",2015,20150712
M02897,astoria,Faith47,acrylic,"4,553",2008,20080915
M02051,Lower East Side,banksy,spray paint,"1,725",2021,20210309
M00948,BUSHWICK,kaws,Acrylic,,2020,20201225
M04359,Lower East Side,Faith47,Mosaic,"4,895",2021,20211124
M00802,Bronx,COST,spraypaint,"6,656",2017,20171214
M00468,LIC,kaws,Aerosol,"3,864",2008,20080501
M01130,the bronx,Jane Q. Public,Acrylic,269,2014,20140902
M03809,lower east side,Os Gemeos,Aerosol,"7,452",2015,20150420
M02668,Astoria,kaws,mosaic,,2013,20130628
M00038,the bronx, BANKSY ,Aerosol,"2,679",2019,20191206
M01052,the bronx,Banksy,mosaic,"5,592",2014,20140316
M03391,LES,jane q. public,spray paint,"3,949",2021,20210602
M01507,the bronx,COST,Aerosol,"7,137",2006,20061106
M01480,soho,Lady Pink,acrylic,"3,509",2018,20181108
M01855,Williamsburg,Os Gemeos,wheatpaste,"4,916",2013,20130811
M00076,lower east side,Shepard Fairey,Mosaic,"1,996",2012,20120624
M03364,astoria,os gemeos,Acrylic,"6,415",2010,20100412
M04340,Astoria,Banksy,aerosol,"6,171",2008,20081222
M04374,LES,jane q. public,Mosaic,"2,635",2013,20130302
M01947,Williamsburg,banksy,Acrylic,97,2013,20130824
M00525,astoria,kaws,spray paint,170,2014,20141024
M04839,LES,jane q. public,acrylic,595,2017,20170314
M00944,the bronx,Jane Q. Public,Mosaic,"5,495",2013,20130203
M01580,BUSHWICK,shepard fairey,Spray Paint,766,2020,20201205
M01537,soho,KAWS,mosaic,"3,720",2013,20130304
M03387,Williamsburg,Futura,spraypaint,"7,992",2005,20050820
M04072,the bronx,faith47,acrylic,"4,257",2021,20210927
M03918,astoria,Os Gemeos,Mosaic,"3,810",2019,20190128
M01856,Lower East Side,futura,acrylic,858,2012,20120728
M02007,Bronx,Lady Pink,aerosol,"5,395",2019,20190105
M01749,lower east side,Os Gemeos,Spray Paint,"1,049",2011,20110918
M02863,chelsea , BANKSY ,Wheatpaste,"3,669",2008,20080411
M03170,Astoria,,Aerosol,"5,496",2020,20201116
M03452,Lower East Side,cost,Mosaic,,2021,20210202
M03486,chelsea ,futura,Mosaic,280,2011,20110106
M01613,Bronx,Faith47,mosaic,"1,898",2011,20110301
M03650,the bronx,kaws,spraypaint,"5,601",2022,20220615
M00544,Bushwick,cost,Spray Paint,"1,742",2021,20211025
M02349,Lower East Side,jane q. public,mosaic,"2,967",2011,20111116
M01823,harlem,jane q. public,spraypaint,,2016,20161102
M02231,Harlem,Os Gemeos,spraypaint,"2,243",2005,20051011
M03568,harlem, BANKSY ,Aerosol,"3,170",2007,20070718
M03933,Lower East Side,os gemeos,aerosol,"2,196",2014,20140121
M00632,LIC,Jane Q. Public,mosaic,"3,920",2021,20211225
M03101,BUSHWICK,kaws,Aerosol,"1,426",2012,20120120
M01590, Bushwick ,os gemeos,Mosaic,"2,516",2017,20170313
M00407,harlem,lady pink,Spray Paint,"4,307",2020,20200128
M04804,williamsburg,Banksy,acrylic,"6,789",2014,20141105
M01633,chelsea ,cost,Aerosol,"4,637",2014,20140716
M02652,LES,Shepard Fairey,acrylic,667,2021,20210127
M00959,the bronx,COST,acrylic,357,2013,20130421
M03442,Harlem,futura,Mosaic,"3,763",2006,20061006
M04381,soho,Faith47,Spray Paint,"4,061",2011,20111105
M04448,BUSHWICK,Shepard Fairey,Mosaic,"1,608",2010,20101204
M04249,harlem,os gemeos,Spray Paint,"1,918",2013,20130910
M04407,lower east side,KAWS,Mosaic,"3,231",2021,20210220
M03866,LIC,Lady Pink,Wheatpaste,"6,836",2007,20070108
M02771,Harlem,futura,aerosol,"4,880",2017,20170810
M03761, Bushwick ,COST,Aerosol,"1,719",2022,20220424
M01837,Astoria,Lady Pink,Spray Paint,,2022,20220112
M01205,williamsburg,Shepard Fairey,Acrylic,"5,901",2006,20060615
M02541,Chelsea,jane q. public,Aerosol,"3,688",,20220403
M00151,Long Island City,Faith47,Mosaic,"2,654",2008,20080202
M00009,bushwick,Shepard Fairey,Spray Paint,"4,828",2023,20230317
M03279,Harlem,banksy,Aerosol,"5,589",2015,20151208
M02144,harlem,banksy,Aerosol,"6,050",2006,20060110
M01688,BUSHWICK,Shepard Fairey,Mosaic,"7,265",2017,20170407
M04013,BUSHWICK,,spray paint,"6,229",2099,20180920
M01225,Bushwick,os gemeos,Mosaic,"1,559",,20080310
M04229,Bushwick,Os Gemeos,spray paint,274,2005,20050814
M01894,lower east side,Banksy,Mosaic,"6,306",2007,20071215
M04460,SoHo,Faith47,Mosaic,,,20050801
M02611,soho,jane q. public,Wheatpaste,287,2012,20121205
M04408,Chelsea,lady pink,wheatpaste,"3,318",2016,20160813
M01447,soho,,Spray Paint,"5,488",2021,20210506
M00197,Bushwick,banksy,Wheatpaste,"6,985",2006,20060916
M00480,the bronx,Banksy,wheatpaste,"7,564",2018,20180219
M04712,Astoria,jane q. public,Acrylic,"5,689",2012,20121123
M04097,Bushwick,os gemeos,acrylic,"5,431",2016,20160203
M03723,LES,,aerosol,"3,594",2011,20110608
M03166,Astoria,Faith47,Aerosol,"5,159",2023,20230722
M01956,Chelsea,KAWS,Spray Paint,"2,346",2015,20150901
M02155,Bushwick,Os Gemeos,aerosol,541,2009,20090514
M02350,soho,shepard fairey,Aerosol,,2011,20110821
M02988,Bushwick,os gemeos,Spray Paint,"7,439",2014,20141004
M01570,Lower East Side,faith47,acrylic,"3,185",2012,20120110
M03771,soho,Futura,Acrylic,"1,472",2017,20171108
M01574,LES,Lady Pink,Spray Paint,"3,574",2010,20101222
M00424,Long Island City,kaws,Spray Paint,"6,055",2015,20151223
M04711,Lower East Side,Os Gemeos,spraypaint,"3,900",2016,20160125
M01859,chelsea ,os gemeos,Spray Paint,"7,085",2005,20051225
M02063,LIC,Shepard Fairey,wheatpaste,"4,772",2008,20080519
M00445, Bushwick ,banksy,Acrylic,"5,049",2023,20231226
M00305,Bushwick,Banksy,Wheatpaste,349,2016,20160907
M00759,Bronx,KAWS,Acrylic,"6,554",2017,20170927
M02549,Lower East Side,Os Gemeos,Wheatpaste,"6,225",2023,20230315
M00906,chelsea ,COST,Wheatpaste,"4,162",2021,20211105
M03843,LIC,os gemeos,Aerosol,"7,573",2020,20200302
M04611,Lower East Side,COST,Acrylic,"2,028",2018,20180124
M02570,bushwick,Lady Pink,spraypaint,"6,754",2018,20180322
M03706,Williamsburg,os gemeos,wheatpaste,"2,824",2017,20170924
M00838,Harlem,Faith47,spraypaint,"3,478",2013,20130711
M03039, Bushwick ,Banksy,Spray Paint,495,2022,20220408
M02049, Bushwick ,Faith47,Spray Paint,"7,759",2005,20050306
M01942,astoria,lady pink,wheatpaste,"7,142",2012,20120402
M00313, Bushwick ,jane q. public,spray paint,"5,967",2013,20130509
M02384,Lower East Side,Faith47,Wheatpaste,"6,707",2006,20060313
M02276,chelsea ,Banksy,Mosaic,"4,454",2013,20130215
M02620,Bushwick,Futura,spraypaint,"2,808",2009,20090124
M00886,Astoria,Banksy,spraypaint,"2,773",2020,20201221
M02903,williamsburg,Futura,wheatpaste,"1,331",2023,20230215
M00852,LIC,jane q. public,Wheatpaste,"5,836",2007,20071205
M04751,Harlem,os gemeos,mosaic,"3,035",2018,20181213
M04695,soho,futura,acrylic,"4,014",2022,20220109
M02415,lower east side,faith47,Acrylic,"1,422",2007,20070220
M01908,williamsburg,banksy,Wheatpaste,"4,606",2009,20090215
M02931,soho,cost,acrylic,"7,566",2023,20231214
M04071,SoHo,lady pink,wheatpaste,,2017,20170523
M00905,Bushwick,jane q. public,Aerosol,"5,324",2019,20190315
M01643,Lower East Side,banksy,acrylic,"6,267",2009,20090825
M00205,williamsburg,kaws,Acrylic,141,2017,20170908
M04710,soho,Futura,Mosaic,"2,339",2008,20081002
M04456,LIC,futura,Spray Paint,"1,578",2021,20210207
M04436,astoria,Lady Pink,Acrylic,"6,333",2011,20110424
M04257,Williamsburg,Futura,Aerosol,,2010,20101218
M01120,astoria, BANKSY ,mosaic,783,,20171121
M04680,chelsea ,Jane Q. Public,Aerosol,568,2015,20150518
M04428,Bushwick,COST,Mosaic,342,2017,20171202
M04626,the bronx,cost,Acrylic,"4,030",2006,20060124
M00564,SoHo,kaws,wheatpaste,"3,351",2018,20181225
M01783,lower east side,kaws,Aerosol,285,2017,20170510
M03598,astoria,Os Gemeos,Acrylic,"4,488",2008,20080426
M00415,Bronx,cost,Wheatpaste,296,2020,20201127
M04116,lower east side,COST,spray paint,"5,136",2010,20100724
M01870,bushwick,,Wheatpaste,"6,823",2023,20230216
M02412,SoHo,shepard fairey,spray paint,"4,395",2015,20151021
M02976,Williamsburg,lady pink,Mosaic,"6,643",2014,20141211
M01813,lower east side,os gemeos,aerosol,"4,140",2010,20100507
M00917,bushwick,lady pink,mosaic,"3,898",2013,20130709
M04345,lower east side,jane q. public,Acrylic,"7,321",2018,20181212
M03849,Williamsburg,cost,acrylic,"4,544",2014,20140404
M03190,Astoria,jane q. public,mosaic,"5,498",2011,20110605
M03841,bushwick,kaws,Acrylic,"6,652",2019,20190602
M04290,the bronx,jane q. public,Spray Paint,"6,859",2006,20060801
M04133,harlem,os gemeos,mosaic,672,2014,20140328
M01993,bushwick,faith47,acrylic,"4,375",2022,20220427
M03146,Lower East Side,COST,spraypaint,"5,625",2015,20150518
M01223,the bronx,Shepard Fairey,Mosaic,"2,324",2018,20181112
M04607,soho,banksy,mosaic,"1,174",2021,20210909
M01135,williamsburg,Os Gemeos,Spray Paint,382,2019,20190221
M03565,LIC,,acrylic,"7,463",2009,20090324
M03406,harlem,Jane Q. Public,Mosaic,"2,471",2010,20101021
M03108,Bronx, BANKSY ,Spray Paint,"5,102",2016,20160711
M04792,chelsea ,,Wheatpaste,"3,321",2010,20101107
M01875,BUSHWICK,futura,Aerosol,"1,724",2011,20111126
M03603,astoria,,wheatpaste,514,2021,20210428
M04740,bushwick,Jane Q. Public,Acrylic,518,2019,20190602
M00493,lower east side,cost,Wheatpaste,"1,412",2020,20200908
M03277,Bronx,Os Gemeos,spraypaint,"5,727",2007,20071027
M00764,Chelsea,Jane Q. Public,Spray Paint,"7,883",2022,20220324
M03007,LES,shepard fairey,acrylic,"6,367",2012,20121025
M04621,lower east side,Os Gemeos,wheatpaste,"5,353",2015,20151224
M01587,astoria,Jane Q. Public,Mosaic,"3,478",2021,20210627
M01690,harlem,KAWS,Acrylic,"4,183",2011,20110304
M04012,BUSHWICK, BANKSY ,mosaic,"4,031",2015,20150724
M02389,Bushwick,Jane Q. Public,wheatpaste,"7,204",2099,20180304
M03593,SoHo,kaws,wheatpaste,"6,361",2018,20180718
M01766,Bushwick,cost,wheatpaste,179,2014,20140806
M00855,LIC, BANKSY ,acrylic,"3,000",2011,20110114
M00368,soho,Futura,Spray Paint,"2,911",2023,20230825
M04179,SoHo,,acrylic,,2019,20190318
M01957,LES,Lady Pink,wheatpaste,"1,771",2014,20140706
M01678,Chelsea,futura,Acrylic,"3,328",2005,20050911
M00648,harlem,Jane Q. Public,Mosaic,"6,279",2019,20190226
M03423,Astoria,Futura,spraypaint,902,2012,20120808
M03043,Chelsea,kaws,mosaic,"3,579",2012,20120923
M02207,harlem, BANKSY ,wheatpaste,"2,907",2015,20150702
M02153,Williamsburg,lady pink,spray paint,"7,650",2022,20220127
M04487,astoria,Faith47,Acrylic,"7,828",2023,20231119
M03141,LES,os gemeos,Acrylic,"4,707",2012,20121201
M01695,Long Island City,lady pink,Aerosol,"3,189",2016,20160615
M04780,Astoria,futura,Mosaic,464,2015,20150414
M01708,Bronx,banksy,Mosaic,"5,675",2012,20120505
M04260, Bushwick ,jane q. public,aerosol,"6,822",2006,20060222
M04323,BUSHWICK,lady pink,Acrylic,"6,600",2017,20170417
M03588,Bushwick,shepard fairey,mosaic,"4,479",2020,20200906
M01330,Harlem, BANKSY ,spraypaint,"1,443",2022,20220704
M03270,LIC,Shepard Fairey,aerosol,"2,120",2020,20200609
M00672,Lower East Side,banksy,Mosaic,"4,954",2008,20080202
M01596,lower east side,faith47,acrylic,"3,864",2017,20170516
M01377,Chelsea,futura,Spray Paint,"6,463",2023,20230314
M02912,BUSHWICK, BANKSY ,Spray Paint,"3,068",2015,20150921
M02544,Harlem, BANKSY ,Spray Paint,"6,539",2018,20181020
M00897,Bushwick,cost,Wheatpaste,"5,126",2023,20230705
M04649,williamsburg, BANKSY ,wheatpaste,"4,281",2012,20120908
M00805,BUSHWICK,os gemeos,aerosol,"3,135",2008,20081102
M02456,BUSHWICK,jane q. public,acrylic,"4,646",2021,20210720
M04679,the bronx,Shepard Fairey,acrylic,"3,816",2017,20171125
M04663,williamsburg, BANKSY ,Wheatpaste,"1,965",2012,20120523
M01603,LES,Shepard Fairey,Acrylic,"1,891",2005,20051204
M03051,Lower East Side,Shepard Fairey,mosaic,"1,090",2022,20220402
M02831,bushwick,faith47,wheatpaste,"5,656",2021,20210211
M02512, Bushwick ,cost,Aerosol,"4,384",2009,20090217
M01334,the bronx,os gemeos,spray paint,"6,077",2008,20081119
M04554,LES,Os Gemeos,Acrylic,"3,237",2021,20210805
M02397,LIC,kaws,acrylic,999999,2013,20131127
M02811,SoHo, BANKSY ,Aerosol,"3,884",2011,20110114
M00868,Bronx,KAWS,mosaic,"6,614",2014,20140703
M03415,Astoria,os gemeos,wheatpaste,"3,070",2013,20131117
M00016,Bronx,Futura,Aerosol,"5,209",2007,20070217
M03218,Williamsburg, BANKSY ,wheatpaste,"4,212",2015,20150816
M01869,lower east side,,Mosaic,150,2018,20180802
M02426,chelsea ,Futura,spraypaint,,2009,20090308
M04165,Long Island City,jane q. public,Acrylic,,2016,20160304
M04101,williamsburg,cost,spray paint,"4,815",2011,20110617
M00190,Harlem,Shepard Fairey,mosaic,"5,354",2013,20130804
M01221,astoria,Shepard Fairey,aerosol,"6,368",2014,20141119
M03163,LES,Shepard Fairey,spraypaint,"3,755",2010,20101011
M02132,Long Island City,Shepard Fairey,spraypaint,"6,744",2018,20180723
M04429,bushwick,Futura,mosaic,"3,245",2016,20161125
M01639,Long Island City, BANKSY ,Aerosol,"7,205",2014,20140526
M03222,williamsburg,jane q. public,mosaic,"3,944",2016,20160608
M00589,LIC,Lady Pink,acrylic,"7,559",2007,20070507
M03213,lower east side,Jane Q. Public,acrylic,"1,909",2009,20090822
M03959,soho,Jane Q. Public,wheatpaste,-50,1776,20180218
M04865,LES, BANKSY ,wheatpaste,,2016,20161206
M01612,williamsburg,Futura,spraypaint,"5,931",2016,20161107
M01622,soho,banksy,Acrylic,"2,693",2007,20070722
M00820,chelsea ,KAWS,Aerosol,"6,193",2010,20101115
M02471,soho,Banksy,aerosol,"1,980",2020,20200707
M03373,lower east side,,Mosaic,"3,538",2007,20070815
M02798,LES,Shepard Fairey,aerosol,"5,674",2022,20220911
M04705,chelsea ,COST,acrylic,"5,549",2010,20100328
M04128,soho,COST,Aerosol,"3,919",2007,20070722
M01153,Bronx,kaws,acrylic,"1,703",2011,20111011
M02037, Bushwick ,cost,spray paint,"3,791",2017,20170505
M01310,SoHo,kaws,aerosol,"1,061",2013,20130213
M02819,Chelsea,Os Gemeos,acrylic,"2,188",2020,20200107
M01471,Williamsburg,,Wheatpaste,"5,041",2005,20050506
M01654,Williamsburg,,spray paint,"7,595",2011,20110320
M04319,lower east side,cost,mosaic,-50,2009,20090122
M03820,Astoria,os gemeos,acrylic,"7,640",2019,20191226
M03937,Chelsea,,wheatpaste,"4,599",2011,20110517
M00982,chelsea ,lady pink,Spray Paint,"6,014",2017,20171122
M00612,bushwick,Jane Q. Public,Spray Paint,"3,505",2018,20180721
M03689,Chelsea,Shepard Fairey,spray paint,"1,778",2009,20090823
M01608,Bronx,Banksy,spraypaint,555,2016,20160102
M04657,astoria,Faith47,Acrylic,"3,670",2006,20061004
M00704,Long Island City,Futura,spraypaint,"5,869",2017,20170314
M01054,Williamsburg,kaws,Wheatpaste,"4,150",2021,20211007
M00085,bushwick,Faith47,acrylic,"5,126",2009,20091102
M03368,SoHo,Shepard Fairey,Aerosol,52,2022,20220820
M03631,Harlem,banksy,mosaic,"6,288",2015,20151112
M01347,lower east side, BANKSY ,spraypaint,"5,923",2021,20210405
M02490,BUSHWICK,cost,aerosol,"2,912",,20070616
M03895,LIC,KAWS,acrylic,"1,987",2010,20100919
M02658,the bronx,Faith47,Acrylic,"6,957",2017,20170810
M03549, Bushwick ,Lady Pink,Aerosol,"6,465",2017,20170711
M02045,Astoria,futura,aerosol,"7,945",2014,20140203
M00218,SoHo,lady pink,aerosol,279,2011,20110123
M01000,SoHo,shepard fairey,aerosol,"1,739",2021,20210503
M03302,Harlem,Lady Pink,acrylic,"1,684",2021,20210227
M03981,williamsburg,shepard fairey,Spray Paint,"6,372",2013,20131020
M00402,Bronx,futura,wheatpaste,,2009,20091015
M00741,Long Island City,cost,Aerosol,"2,893",2020,20200224
M03718,williamsburg,os gemeos,acrylic,"1,406",2011,20110712
M02030,Bronx,futura,Wheatpaste,628,2014,20140527
M03086,Bronx,lady pink,Aerosol,"7,157",2012,20121024
M00438,Chelsea,faith47,acrylic,"5,663",2012,20120520
M00825,the bronx,Faith47,Mosaic,414,2007,20070625
M01182,Bronx,COST,wheatpaste,"5,871",2006,20060111
M01702,harlem,,Spray Paint,"7,426",2022,20220512
M03694,Bushwick,Lady Pink,Acrylic,"1,715",2020,20200614
M03153,Harlem,lady pink,Wheatpaste,"1,587",2021,20210620
M01946,Bushwick,Lady Pink,spraypaint,"1,017",2017,20171122
M00930,Astoria,KAWS,acrylic,"6,064",2008,20081110
M04757,bushwick,,Mosaic,"2,051",2007,20070122
M01759,Astoria,Futura,Mosaic,"1,431",2009,20090625
M01999,BUSHWICK,banksy,aerosol,"5,429",2005,20050505
M00073,Williamsburg,jane q. public,Acrylic,"2,430",2013,20130808
M01522,lower east side, BANKSY ,Acrylic,406,2005,20050101
M00616,astoria,jane q. public,Wheatpaste,"6,945",2007,20070619
M02475,LES,Os Gemeos,spraypaint,"7,385",2006,20060828
M03087,BUSHWICK,KAWS,spray paint,"6,860",2011,20110421
M03522,astoria,KAWS,wheatpaste,"2,912",2008,20080705
M02382,LIC,Shepard Fairey,Mosaic,"4,492",2019,20190601
M01430,Harlem,jane q. public,Wheatpaste,"7,159",2019,20190303
M01686,Long Island City,Lady Pink,Mosaic,"4,377",2022,20220923
M01529,Chelsea,Banksy,mosaic,"3,307",2023,20230117
M04786,Lower East Side,lady pink,spray paint,"5,220",2010,20100524
M04220,Long Island City, BANKSY ,Aerosol,"4,530",2014,20140204
M03619,williamsburg,banksy,acrylic,"4,645",2017,20171020
M01299,Williamsburg,jane q. public,Spray Paint,180,2016,20160111
M01140,williamsburg, BANKSY ,aerosol,"3,824",2006,20060517
M01835, Bushwick ,Shepard Fairey,Spray Paint,"6,009",2006,20061105
M03235,bushwick,futura,spray paint,"5,061",2022,20220403
M03103,Chelsea,faith47,spraypaint,"2,847",2099,20180517
M02100,chelsea ,,wheatpaste,"1,235",2019,20190427
M00001,chelsea ,KAWS,Spray Paint,,2013,20130222
M04143,williamsburg,Futura,Mosaic,292,2022,20221007
M03356,Bronx,COST,aerosol,"6,977",2014,20140207
M01061,chelsea ,Futura,mosaic,"1,283",2023,20230215
M02617,Williamsburg,,mosaic,"1,478",2010,20100515
M04346,lower east side,Jane Q. Public,spray paint,"1,570",,20150714
M02879,bushwick,faith47,Spray Paint,"5,384",2015,20150125
M01498,Bronx,Jane Q. Public,mosaic,"6,504",2010,20100511
M04259,Harlem,kaws,Wheatpaste,849,2019,20190127
M02181,the bronx,Jane Q. Public,acrylic,"5,281",2017,20170714
M00560,Williamsburg,Os Gemeos,Acrylic,"1,795",2018,20180215
M03663,BUSHWICK,Jane Q. Public,Mosaic,195,2023,20231212
M03272,Lower East Side,futura,spray paint,"3,732",2017,20171107
M01757,Astoria,lady pink,spraypaint,"4,103",2009,20091221
M02536,Bushwick,Lady Pink,Acrylic,"2,736",2008,20081014
M00773,BUSHWICK,kaws,spray paint,"2,601",2007,20070206
M02645, Bushwick ,Faith47,spraypaint,"1,480",2018,20180808
M02711,BUSHWICK,Jane Q. Public,acrylic,"5,359",2006,20060516
M03079,the bronx,COST,spray paint,"7,967",2014,20140322
M04855,Bronx, BANKSY ,aerosol,"4,055",2013,20130812
M00554,harlem,Banksy,Spray Paint,"3,660",2021,20211210
M02313,BUSHWICK,Faith47,Mosaic,558,2009,20090203
M04236,Astoria,KAWS,Spray Paint,"2,446",2012,20120817
M01844,Williamsburg,Jane Q. Public,spray paint,"1,005",2012,20121027
M03061,williamsburg, BANKSY ,Mosaic,"3,824",2007,20070226
M03693,SoHo,Futura,spraypaint,"5,035",2008,20080605
M04211,chelsea ,Os Gemeos,mosaic,"3,840",2023,20230603
M00454,soho,Lady Pink,spraypaint,"5,504",2014,20140214
M02721,harlem,COST,acrylic,"7,721",2016,20160110
M01862,Harlem,kaws,aerosol,"2,518",2020,20201113
M01898,soho,Futura,mosaic,287,2023,20230403
M01448,soho,os gemeos,wheatpaste,,2015,20150605
M02649,soho,Shepard Fairey,spray paint,810,2009,20091113
M00470,soho,Lady Pink,Spray Paint,"4,540",2009,20091008
M03569, Bushwick ,faith47,Aerosol,"7,674",2019,20191102
M00491,Long Island City, BANKSY ,spraypaint,"6,450",2020,20200111
M02251,the bronx,Faith47,mosaic,411,2006,20061012
M02582,bushwick,shepard fairey,Mosaic,"3,133",2019,20190803
M01192,soho,Banksy,Acrylic,"7,170",2015,20151113
M00783,lower east side,cost,Acrylic,"1,013",2022,20220311
M01601,SoHo,Faith47,spray paint,"3,054",2023,20230704
M02825,Williamsburg,Banksy,Spray Paint,"2,294",2006,20060406
M01931,Williamsburg,Lady Pink,spray paint,"4,105",2016,20161025
M03093,LES,Shepard Fairey,Spray Paint,"2,570",2013,20130925
M01422,Harlem,banksy,Acrylic,988,2099,20180616
M03954,williamsburg,faith47,spraypaint,"6,742",2008,20080310
M03787,Long Island City,Lady Pink,Mosaic,"4,200",,20050221
M03145,bushwick,kaws,mosaic,"2,795",2013,20130825
M00692,Long Island City,futura,aerosol,"2,774",2015,20151128
M00241,williamsburg,COST,Acrylic,138,2015,20151014
M04746,Chelsea,shepard fairey,Aerosol,"6,924",2022,20221104
M01013,Bronx,jane q. public,spray paint,"3,353",2005,20050913
M02965,Chelsea,shepard fairey,Acrylic,"3,727",2021,20210815
M00775,the bronx,Futura,Wheatpaste,"7,501",2005,20051212
M03969,Bushwick,Faith47,Acrylic,689,2007,20070527
M01068,astoria,faith47,Acrylic,999999,2015,20150419
M01439,bushwick,KAWS,Mosaic,"5,954",2016,20160421
M00888,lower east side,COST,mosaic,"5,600",2019,20190309
M00952, Bushwick ,futura,spraypaint,"7,292",2013,20130422
M00389,Bronx,lady pink,Aerosol,"2,095",2023,20230302
M01676,LIC,Lady Pink,Spray Paint,"4,449",2006,20060423
M01168,LIC,Jane Q. Public,Acrylic,"1,572",2012,20121010
M03887,williamsburg,KAWS,wheatpaste,"7,495",2099,20180401
M00294,SoHo,Faith47,Wheatpaste,"3,923",2010,20100520
M00614,BUSHWICK,banksy,Acrylic,"1,257",2014,20140519
M01665,williamsburg,futura,mosaic,"6,576",2012,20121020
M03519,Chelsea,cost,mosaic,"7,583",2099,20181110
M03819,soho,,spraypaint,363,2007,20070403
M01214,LIC,kaws,acrylic,-50,2014,20140514
M00591,Bushwick,faith47,acrylic,"5,761",2007,20070924
M04648,Long Island City,futura,Aerosol,"4,420",2022,20221108
M03744,Astoria,cost,Aerosol,"2,939",2008,20080710
M00271,williamsburg,kaws,spray paint,"2,452",2005,20050728
M03183,williamsburg,banksy,aerosol,,1776,20180127
M04458,astoria,KAWS,spray paint,"5,377",2022,20220413
M03276, Bushwick ,Jane Q. Public,acrylic,614,2013,20130923
M00374,Harlem,,Aerosol,"4,934",2010,20100428
M02038,LIC,cost,wheatpaste,"3,149",2023,20231221
M04802,astoria,kaws,spraypaint,"7,051",2005,20050802
M02690,bushwick,Banksy,acrylic,-50,2020,20201027
M03823,Astoria,COST,spray paint,,2010,20101225
M02348,bushwick,shepard fairey,mosaic,"4,387",2016,20161105
M02402,Lower East Side,COST,Mosaic,"4,759",2014,20141124
M03955,LIC,kaws,aerosol,"3,217",2005,20051008
M02369,Harlem,COST,Spray Paint,"4,414",2013,20130426
M01092,BUSHWICK,Faith47,spray paint,"7,420",2018,20180324
M03171,SoHo, BANKSY ,Mosaic,"1,855",2005,20050326
M03710,Long Island City,Os Gemeos,Aerosol,"3,182",2021,20210115
M03465,Long Island City,Futura,Acrylic,"1,074",2007,20070702
M00924,soho,Futura,acrylic,"2,089",2011,20110628
M01941,lower east side,faith47,Spray Paint,"3,683",2005,20051023
M00721,Bushwick,jane q. public,Wheatpaste,"2,074",2012,20120606
M02910, Bushwick ,kaws,spraypaint,,2023,20230609
M02138,bushwick,os gemeos,spray paint,"1,191",2099,20180205
M04650,LIC,kaws,Wheatpaste,"6,967",2019,20190116
M02701,harlem,banksy,aerosol,"1,834",2010,20100404
M03556,Bushwick,futura,spray paint,"4,558",2010,20101222
M04692,the bronx,Banksy,aerosol,"1,359",2008,20081016
M00381,harlem,Shepard Fairey,aerosol,"2,936",2023,20231107
M02793,astoria,Banksy,Mosaic,"4,978",2007,20070417
M03057,Long Island City,kaws,spraypaint,"3,368",2015,20150426
M01335,BUSHWICK,KAWS,Acrylic,"2,010",2021,20210208
M00098,Lower East Side,kaws,Acrylic,642,2015,20150520
M02990, Bushwick ,os gemeos,mosaic,"1,863",2013,20130313
M04405,bushwick,Futura,aerosol,"5,381",2013,20131019
M02953,bushwick,os gemeos,Spray Paint,"1,577",2020,20200510
M01145,SoHo,Lady Pink,Mosaic,"7,571",,20190310
M03715, Bushwick ,Futura,Spray Paint,578,2020,20200223
M01452,SoHo,KAWS,acrylic,"3,987",2018,20180808
M02066,Williamsburg,Banksy,Acrylic,73,2013,20130818
M03578,Astoria, BANKSY ,Mosaic,"5,111",2008,20080725
M02080,astoria,os gemeos,Acrylic,"7,991",2022,20220204
M04149,Chelsea,kaws,Spray Paint,"7,515",2005,20051004
M00495,astoria,kaws,Mosaic,"7,560",2013,20130209
M01016,Long Island City,COST,spray paint,"7,185",2006,20060815
M02977,Williamsburg,,Wheatpaste,,2015,20150219
M02954,harlem,lady pink,Spray Paint,210,1776,20180504
M04267,chelsea ,Faith47,aerosol,315,2017,20170616
M03799,Long Island City,faith47,acrylic,"7,736",2010,20101211
M00207,astoria,cost,mosaic,"5,091",2008,20080711
M04897,Williamsburg,shepard fairey,Mosaic,"2,609",2016,20160723
M03856,bushwick,,acrylic,"1,625",2011,20110906
M04427,LES,banksy,Wheatpaste,"6,839",2014,20140316
M00740,Long Island City,jane q. public,aerosol,"7,756",2005,20051211
M02528,williamsburg, BANKSY ,Mosaic,564,2005,20050809
M01326,harlem,shepard fairey,wheatpaste,"7,627",2011,20110203
M02252,Bronx,Os Gemeos,spraypaint,"3,489",2012,20120925
M04085,Williamsburg,Futura,Mosaic,"6,292",2013,20130718
M01445,the bronx,faith47,Wheatpaste,"7,521",2008,20080324
M04555,BUSHWICK,COST,acrylic,"4,247",2006,20060125
M03450,LIC,jane q. public,aerosol,"4,579",1776,20180614
M00117,astoria,banksy,aerosol,546,2015,20151106
M04268,LES,KAWS,Aerosol,"1,979",2019,20190224
M02845,Lower East Side,Shepard Fairey,Acrylic,456,2007,20070622
M01954,bushwick,KAWS,Mosaic,"7,064",2010,20101023
M00576,chelsea ,futura,Spray Paint,"3,333",2007,20071011
M04136,lower east side,kaws,spraypaint,"1,633",2011,20110627
M01072,williamsburg,Os Gemeos,Spray Paint,443,2017,20171027
M02497,LES,lady pink,aerosol,,2012,20121101
M01279,Lower East Side,Futura,Aerosol,"2,978",2014,20140714
M00249,chelsea ,futura,Spray Paint,"7,064",2018,20181211
M01973,BUSHWICK,lady pink,aerosol,"5,163",2009,20090815
M03803,Bushwick,Os Gemeos,spraypaint,"3,873",2018,20180819
M03081,bushwick,Lady Pink,acrylic,"2,047",2014,20140927
M00635,Lower East Side,KAWS,Aerosol,,2021,20211123
M03131,Bronx, BANKSY ,Acrylic,"2,025",2014,20140326
M00914,chelsea ,cost,Spray Paint,"2,924",2022,20220814
M02152,bushwick,faith47,Acrylic,"3,217",2009,20091216
M00817,chelsea ,Os Gemeos,Wheatpaste,"5,806",2005,20050123
M00684, Bushwick ,Jane Q. Public,Spray Paint,"2,539",2016,20160926
M00858,SoHo, BANKSY ,spraypaint,"1,811",2008,20080308
M04635,Williamsburg,Faith47,spray paint,"5,144",2011,20111003
M00726,LES,Banksy,Acrylic,"3,979",2009,20090401
M01819,lower east side,cost,Aerosol,"1,247",2007,20071218
M03808,astoria,faith47,Aerosol,"2,273",2009,20090120
M03623,williamsburg,Faith47,wheatpaste,"4,583",2014,20140223
M02926,soho,Os Gemeos,Mosaic,"6,587",2012,20121111
M02588,chelsea , BANKSY ,spray paint,"5,769",2014,20140603
M03117,lower east side,shepard fairey,Aerosol,"7,365",2012,20120707
M00880,lower east side,Futura,wheatpaste,475,2023,20230209
M01697,Long Island City,jane q. public,wheatpaste,,,20180503
M02129,lower east side,COST,Wheatpaste,"4,036",2013,20130416
M03576,Chelsea,,Acrylic,"6,227",2009,20090224
M03329,SoHo,os gemeos,spraypaint,"1,583",2014,20141008
M02188,Bushwick,Futura,Wheatpaste,"4,637",,20200121
M00584,Bronx,shepard fairey,Aerosol,"1,973",2021,20211025
M01206,Williamsburg,COST,Aerosol,"4,469",2016,20160615
M03863,LIC,Jane Q. Public,Acrylic,"5,393",2007,20070718
M04455,soho,Os Gemeos,Mosaic,204,2016,20160722
M04231,chelsea ,shepard fairey,Aerosol,"1,634",2018,20181028
M01560,Bushwick,lady pink,Aerosol,"6,833",2005,20051120
M03709,Chelsea,Banksy,Wheatpaste,"1,188",2010,20101022
M00500,Bronx,jane q. public,Spray Paint,551,2015,20150506
M01985,BUSHWICK,KAWS,Aerosol,"1,094",2021,20210111
M00588,lower east side,,acrylic,"4,567",2016,20160928
M04629,lower east side,cost,acrylic,"5,024",2015,20150914
M04342,Lower East Side,shepard fairey,Aerosol,"6,058",2021,20211110
M02010,chelsea , BANKSY ,mosaic,"4,501",2006,20060817
M04152,harlem,Os Gemeos,Aerosol,,2014,20140622
M03167,lower east side,os gemeos,Acrylic,999999,2013,20130528
M03661,Lower East Side,,Acrylic,"4,079",2007,20070422
M02112,Bushwick,lady pink,acrylic,"1,488",2016,20160713
M04474,harlem,shepard fairey,Wheatpaste,"6,534",2015,20151017
M01340,Bronx,kaws,Acrylic,"4,168",2014,20140320
M02381,Astoria,kaws,spray paint,53,2017,20170802
M00350,soho,Futura,Spray Paint,"2,093",2023,20230322
M02675,Bronx,Jane Q. Public,spraypaint,"6,117",2020,20200628
M01873,soho,os gemeos,Mosaic,948,2018,20180728
M03791,lower east side,Banksy,mosaic,"5,238",2007,20071116
M00329,Harlem,KAWS,Wheatpaste,"1,132",2021,20210623
M01615,Harlem,shepard fairey,spraypaint,"3,801",2010,20100225
M00400,williamsburg,cost,aerosol,"1,934",2022,20220914
M02287,Long Island City,cost,Acrylic,"3,500",2014,20141009
M03916,LIC,lady pink,Acrylic,"5,354",2007,20071104
M04201, Bushwick ,os gemeos,spraypaint,898,2022,20220422
M02164,bushwick, BANKSY ,mosaic,"3,491",2008,20081004
M02216,chelsea ,,Aerosol,"6,324",2017,20170204
M02272,Chelsea,COST,spraypaint,"2,854",2013,20130119
M00939,Harlem,kaws,mosaic,249,2011,20111217
M04058,soho,Futura,spray paint,"3,600",,20060902
M02109,harlem,COST,spraypaint,"6,289",2009,20091010
M03248,Astoria,os gemeos,Spray Paint,"5,172",2022,20220428
M03361,SoHo, BANKSY ,Acrylic,"6,956",2007,20071205
M01453,Williamsburg,Futura,spraypaint,"5,928",2007,20070114
M01379,the bronx,kaws,Aerosol,"1,024",2011,20110308
M01962,chelsea ,faith47,acrylic,"5,853",2013,20130222
M02598, Bushwick ,jane q. public,wheatpaste,"4,609",2010,20100605
M03084,LIC,Futura,Wheatpaste,"4,314",2010,20100501
M04759,Long Island City,,spraypaint,"1,764",2010,20100908
M01234,the bronx,lady pink,mosaic,"4,246",2015,20150610
M04759,Long Island City,,spraypaint,"1,764",2010,20100908
M01367,Williamsburg,KAWS,Acrylic,"6,542",2019,20190416
M00244,Astoria,Futura,Spray Paint,"4,844",2007,20070402
M00960,soho,KAWS,acrylic,"1,939",2020,20201012
M01180,Bronx,Futura,aerosol,"1,081",2023,20231020
M03016,Chelsea,kaws,acrylic,"1,278",2014,20141008
M03029,Astoria,Shepard Fairey,spraypaint,"1,955",2013,20130917
M01252,Harlem,Futura,spray paint,"4,730",2010,20100706
M03837,williamsburg,jane q. public,Acrylic,"5,627",2022,20220818
M01034,BUSHWICK,os gemeos,Aerosol,"3,063",2012,20120411
M00881,soho,Faith47,wheatpaste,"7,245",2020,20200621
M01706,bushwick,jane q. public,wheatpaste,"4,671",2019,20190514
M00295,the bronx,Os Gemeos,spray paint,"2,104",2014,20140719
M00690,Bushwick,futura,Mosaic,"2,795",2019,20190811
M04597,BUSHWICK,jane q. public,Spray Paint,"7,573",2017,20170306
M03247,soho,cost,spraypaint,"2,185",2015,20151004
M02202,LES,faith47,Acrylic,"7,982",2012,20120705
M03931,LES,os gemeos,Spray Paint,"1,508",2022,20220311
M02340,Lower East Side,Jane Q. Public,mosaic,"1,005",2020,20200520
M01531,BUSHWICK,Shepard Fairey,wheatpaste,"3,590",2021,20210817
M04526,harlem,Shepard Fairey,acrylic,"2,983",2008,20081019
M04288,soho,Lady Pink,wheatpaste,"2,403",2018,20181016
M04741,williamsburg,Futura,mosaic,,2018,20181021
M01228,Astoria,Futura,Aerosol,634,2012,20121112
M02634,chelsea ,COST,acrylic,"3,814",2015,20150722
M00161,Harlem,os gemeos,Acrylic,"1,710",2020,20200123
M00288,Williamsburg,Os Gemeos,aerosol,"6,736",2014,20141222
M03965,Harlem,banksy,Wheatpaste,"6,040",2018,20180410
M02488,Long Island City,Futura,aerosol,"2,155",2023,20230801
M00910,LES, BANKSY ,acrylic,"6,231",2007,20070128
M00031,harlem,Jane Q. Public,Wheatpaste,"1,371",2010,20101211
M03262,Bronx,faith47,Wheatpaste,"4,364",2021,20210913
M02815,Bronx,lady pink,aerosol,"3,021",,20231104
M03240,soho,Banksy,Acrylic,"2,411",2011,20110408
M03949, Bushwick ,Shepard Fairey,aerosol,"4,934",2012,20120105
M02233,astoria,Futura,acrylic,"2,859",2008,20080803
M00208,Lower East Side,Lady Pink,Mosaic,"4,909",2015,20150811
M00083,LES,cost,wheatpaste,"3,782",2011,20110208
M00932,soho,Banksy,Spray Paint,"2,805",2006,20061109
M04829,Bushwick,faith47,Wheatpaste,"2,519",2022,20220623
M02496,chelsea ,shepard fairey,Aerosol,"6,676",2023,20230408
M04344,williamsburg,Futura,aerosol,"6,772",2016,20160213
M04522,the bronx,banksy,Acrylic,"1,430",2011,20110817
M02584,Chelsea,futura,spraypaint,565,2023,20230325
M01078,Bushwick,faith47,spray paint,285,2014,20140520
M00457,Long Island City,Faith47,Mosaic,"4,720",2021,20211220
M00845,Chelsea,Shepard Fairey,wheatpaste,852,2008,20080704
M02018,bushwick,faith47,acrylic,871,2011,20111102
M03927,williamsburg,Os Gemeos,Mosaic,497,2010,20100803
M00980, Bushwick ,lady pink,aerosol,"3,450",2020,20200523
M00904, Bushwick ,Faith47,acrylic,,2008,20080301
M01193,BUSHWICK,Banksy,mosaic,"4,545",2011,20111016
M01199,bushwick,Banksy,wheatpaste,"4,928",2012,20120128
M04443,Long Island City,,wheatpaste,"5,651",2020,20200712
M04462,Bronx,Lady Pink,aerosol,273,2017,20170806
M01594,harlem,Futura,aerosol,"3,815",2010,20100618
M01601,SoHo,Faith47,spray paint,"3,054",2023,20230704
M00586,Astoria,faith47,Acrylic,"3,385",2023,20231204
M02096,Bushwick,os gemeos,Acrylic,,2006,20060401
M04602,soho,os gemeos,Aerosol,"3,537",2008,20080121
M02323,Lower East Side,Lady Pink,spray paint,"1,607",2008,20080511
M01482,SoHo,Jane Q. Public,spray paint,"5,790",2017,20170520
M00458,williamsburg,Shepard Fairey,acrylic,"5,145",2009,20091221
M02275,lower east side,cost,Wheatpaste,"2,827",2022,20220510
M03692,Harlem,Futura,spraypaint,,2022,20220626
M02390,harlem,COST,Acrylic,"2,303",2009,20090407
M01025,Harlem,jane q. public,acrylic,"7,657",2015,20150805
M04736,soho,Faith47,Wheatpaste,"6,962",2013,20130111
M01186,Bushwick,os gemeos,mosaic,"2,280",2011,20110319
M00046,astoria,cost,spraypaint,"1,846",2013,20130622
M00947,astoria, BANKSY ,mosaic,"1,015",2015,20151202
M03031,the bronx,Faith47,Aerosol,"5,763",2011,20111201
M03018,LIC,banksy,acrylic,"2,062",2019,20190110
M03582,Lower East Side,Jane Q. Public,Mosaic,"7,320",2008,20081101
M02934,Harlem,KAWS,wheatpaste,"2,305",2016,20161226
M01455,soho,COST,Mosaic,"3,015",2017,20171115
M03330, Bushwick ,banksy,spraypaint,"3,734",2019,20191111
M04647,harlem,faith47,Acrylic,274,2023,20230311
M03238,LIC,cost,Aerosol,"3,043",2018,20180911
M03560,the bronx,faith47,Aerosol,"5,797",2020,20200702
M01906,williamsburg,faith47,wheatpaste,"7,793",2005,20051119
M03427,Bronx,lady pink,Spray Paint,,2006,20061223
M03035,williamsburg,faith47,mosaic,999999,2015,20150710
M01503,the bronx,futura,Acrylic,"5,849",,20070927
M04350,chelsea ,KAWS,Spray Paint,999999,2021,20210417
M00330,Lower East Side,KAWS,Wheatpaste,"2,868",2009,20090317
M03811,LIC,lady pink,wheatpaste,"3,974",2020,20201021
M04098,soho,KAWS,Spray Paint,"3,065",2012,20120307
M01417,lower east side,KAWS,mosaic,"6,247",2013,20130917
M00024,BUSHWICK,,mosaic,"5,526",2012,20121110
M00618,Long Island City,Shepard Fairey,Aerosol,"5,412",2017,20171024
M04791,LES,Shepard Fairey,wheatpaste,"6,329",2008,20080915
M02752,Lower East Side,cost,Acrylic,,2017,20171123
M02530,Williamsburg,futura,spraypaint,"7,289",2021,20210925
M00815, Bushwick ,Shepard Fairey,spraypaint,754,2005,20050618
M03047,Long Island City,Shepard Fairey,Spray Paint,"7,301",2099,20181127
M03332,Lower East Side,Faith47,acrylic,"4,416",2021,20210125
M03223,Long Island City,Jane Q. Public,Wheatpaste,"2,474",2021,20210605
M03652,astoria, BANKSY ,Wheatpaste,"4,087",2016,20160407
M01705,LES,lady pink,spray paint,"3,237",2017,20171012
M02546,williamsburg,Os Gemeos,mosaic,"7,348",2021,20210126
M02633,LIC,Banksy,spraypaint,"1,829",2013,20130715
M01987,Chelsea,cost,aerosol,,2021,20210519
M03913,bushwick,banksy,spray paint,"1,414",2014,20140208
M02423,BUSHWICK,Jane Q. Public,spray paint,"1,201",2022,20221101
M02663,astoria,Futura,Spray Paint,"2,217",2012,20120113
M03947,soho,Shepard Fairey,Mosaic,"3,405",2013,20130514
M03468,LIC,Jane Q. Public,aerosol,"7,262",2008,20080521
M01170,BUSHWICK,Banksy,Wheatpaste,"5,117",2018,20181215
M04432,Bushwick,kaws,Mosaic,,2023,20230303
M03899,bushwick,Lady Pink,Wheatpaste,"6,507",2014,20140621
M03696,astoria,COST,Acrylic,381,2022,20220624
M02958,SoHo,Lady Pink,spray paint,"1,785",2007,20071015
M04641,bushwick, BANKSY ,Wheatpaste,"2,452",2023,20231008
M04475,harlem,lady pink,mosaic,"4,643",2016,20160402
M03606,the bronx,shepard fairey,Wheatpaste,"4,742",2005,20050728
M02092,Bushwick,os gemeos,Aerosol,"5,443",2012,20120318
M02905,chelsea ,Shepard Fairey,acrylic,"3,099",2006,20061222
M02182,LIC,Lady Pink,Acrylic,"5,674",2017,20170606
M00572,soho,Futura,Wheatpaste,837,2016,20160408
M02398,Lower East Side,Jane Q. Public,acrylic,"6,286",2012,20120519
M01236,LIC,faith47,spraypaint,"1,460",2014,20141127
M02605,williamsburg,os gemeos,wheatpaste,"3,560",2010,20100512
M00453,bushwick,Lady Pink,spraypaint,93,2022,20220402
M00743,Bushwick,Os Gemeos,Mosaic,"4,469",2011,20111203
M04139,Bronx,jane q. public,spraypaint,"6,607",2009,20090810
M01777,lower east side,kaws,Spray Paint,"6,332",2007,20070101
M03762,the bronx,Os Gemeos,Mosaic,"6,540",2014,20140403
M00656,Williamsburg,KAWS,Wheatpaste,"7,299",2022,20220425
M03417,williamsburg,cost,mosaic,"1,146",2011,20110808
M02899,Astoria,cost,Aerosol,"2,912",2006,20060123
M00156,Williamsburg,banksy,spray paint,"7,731",2009,20090902
M02760,Bronx,Banksy,Acrylic,"5,983",2013,20130209
M02299,astoria,Banksy,Aerosol,"3,522",2021,20210916
M03897,BUSHWICK,Os Gemeos,Mosaic,,2013,20130927
M00333,soho,Futura,Acrylic,879,2022,20220913
M04812,williamsburg,os gemeos,aerosol,"5,147",2015,20150323
M04885,lower east side,cost,Spray Paint,"1,320",2007,20070724
M00559, Bushwick ,Lady Pink,acrylic,848,2021,20211219
M01070,soho,lady pink,aerosol,"1,083",2007,20070422
M02960,bushwick,Faith47,Wheatpaste,"4,590",2005,20051113
M02117,harlem,lady pink,spraypaint,"6,691",1776,20180624
M02484,Lower East Side,Futura,spraypaint,"5,229",2005,20050223
M02000,bushwick,Faith47,spraypaint,"1,186",2013,20130807
M02643,Long Island City, BANKSY ,Acrylic,765,2012,20120701
M04899,the bronx,cost,Aerosol,"5,757",2018,20180801
M02012,Williamsburg,cost,Spray Paint,"3,407",2005,20051116
M04725,Bushwick,cost,Aerosol,"7,373",2017,20170313
M02174,bushwick,Lady Pink,wheatpaste,"7,808",2013,20131025
M02682,the bronx,os gemeos,Spray Paint,"3,778",2020,20200918
M00053,Chelsea,futura,wheatpaste,"5,246",2019,20191217
M04034,the bronx,faith47,spraypaint,"7,198",2019,20190918
M03058,harlem,Futura,Wheatpaste,"1,177",2016,20160409
M01938,Lower East Side,Banksy,Aerosol,424,1776,20181008
M02297,lower east side,kaws,wheatpaste,"6,212",2018,20181017
M00596,Bronx,jane q. public,Wheatpaste,"7,888",2023,20230725
M03503,LES,banksy,wheatpaste,"5,247",2005,20051224
M04717,Williamsburg,faith47,Aerosol,"5,435",2012,20120203
M04106,harlem,jane q. public,Wheatpaste,"4,451",2018,20180823
M00157,soho,cost,wheatpaste,"1,260",2021,20210606
M01408,williamsburg,faith47,Mosaic,"6,507",2012,20121004
M04409,the bronx,Faith47,aerosol,"5,450",2015,20150922
M02184,Bushwick,COST,Acrylic,"1,287",2020,20200418
M00343,astoria,os gemeos,spray paint,"7,237",2018,20181222
M02211,BUSHWICK,kaws,aerosol,"5,405",,20100114
M04272,LES, BANKSY ,Aerosol,"6,606",2013,20130214
M02904,LIC,Futura,wheatpaste,"3,648",2021,20210126
M03725,astoria,kaws,Mosaic,651,2015,20150301
M02024,chelsea ,Os Gemeos,mosaic,"1,143",2020,20201107
M00809,BUSHWICK,Faith47,mosaic,"5,646",2008,20080404
M02351,Long Island City,kaws,Spray Paint,"6,403",2020,20201023
M01282,astoria,Lady Pink,acrylic,"3,241",2007,20070513
M00552,Long Island City,lady pink,Acrylic,"4,012",2010,20100427
M00135,Lower East Side,jane q. public,Mosaic,"7,132",2013,20130724
M03894,Chelsea,Faith47,spraypaint,"7,369",2009,20091220
M02748,SoHo,os gemeos,acrylic,"4,878",2015,20150114
M02626,LIC,kaws,Mosaic,"2,441",2018,20180212
M00095,chelsea ,COST,aerosol,"4,465",2010,20100301
M01047,SoHo,futura,Acrylic,"1,536",2012,20120302
M00650,the bronx,lady pink,acrylic,"1,616",2022,20221017
M02707,LES,shepard fairey,Acrylic,"1,729",2019,20191014
M02809,BUSHWICK,,spray paint,953,2009,20091010
M03260,bushwick,Lady Pink,Spray Paint,267,2008,20080816
M03984,SoHo,cost,Mosaic,"5,321",2012,20121120
M01539,williamsburg,banksy,acrylic,559,2012,20120709
M03741,Chelsea,,spraypaint,"7,478",2007,20070814
M03380,harlem, BANKSY ,wheatpaste,"1,925",2022,20221219
M03348,Bronx,Jane Q. Public,wheatpaste,"4,762",2020,20200723
M00538,soho,Faith47,acrylic,"3,792",1776,20180911
M01341,the bronx,Shepard Fairey,spray paint,,2014,20140613
M02025,bushwick,KAWS,aerosol,"1,352",2009,20090913
M00417,BUSHWICK, BANKSY ,Aerosol,"3,447",2006,20060124
M00828,Long Island City,Faith47,mosaic,"4,149",2021,20210311
M04609,williamsburg,Faith47,aerosol,"1,337",2018,20180817
M01902,SoHo,cost,Wheatpaste,"1,856",2015,20150104
M03221,Harlem,jane q. public,Spray Paint,"5,310",2020,20200611
M02526, Bushwick ,,spraypaint,"7,937",2013,20130915
M03481,SoHo,Futura,acrylic,"2,575",2005,20050820
M04356,Lower East Side,shepard fairey,spraypaint,"5,093",2020,20200228
M04036,SoHo,os gemeos,wheatpaste,"2,006",,20140502
M04488,Lower East Side,Os Gemeos,acrylic,"5,442",2005,20050611
M00908,lower east side,kaws,wheatpaste,,2013,20131012
M01473,the bronx,shepard fairey,wheatpaste,"4,510",2007,20071019
M01508,Astoria,banksy,Wheatpaste,"5,731",2021,20210502
M04444,williamsburg,Jane Q. Public,spraypaint,"7,599",2009,20090227
M04129,Lower East Side,,spray paint,"2,212",2019,20191114
M00832,Astoria,COST,Spray Paint,"3,390",2009,20091011
M01763,Chelsea,kaws,spraypaint,"2,630",2013,20130804
M04314,LIC,lady pink,aerosol,83,2012,20120104
M02975,Harlem,jane q. public,Aerosol,"4,911",2020,20200425
M04506,Harlem,futura,Spray Paint,"7,156",2017,20170515
M03750,bushwick,KAWS,aerosol,"2,815",2018,20181222
M04035,chelsea ,Banksy,spraypaint,"5,689",2013,20130508
M00990,LIC,Shepard Fairey,wheatpaste,"5,737",2013,20130128
M03298,Bushwick,COST,acrylic,"1,132",2015,20151212
M03806, Bushwick , BANKSY ,Aerosol,"4,975",2021,20210419
M03500,Williamsburg,,Acrylic,838,2023,20230110
M00450,Williamsburg,kaws,Wheatpaste,"4,231",2010,20100311
M03177,chelsea ,KAWS,Mosaic,"1,230",2018,20181210
M00903, Bushwick ,Faith47,Aerosol,"5,425",2021,20210816
M03061,williamsburg, BANKSY ,Mosaic,"3,824",2007,20070226
M03295,SoHo,Jane Q. Public,wheatpaste,74,2010,20101104
M02971,SoHo,Shepard Fairey,Wheatpaste,"3,837",2014,20140919
M02301,williamsburg,Futura,spray paint,177,2007,20070423
M00128,Williamsburg,futura,aerosol,"6,848",2099,20180201
M03015,lower east side, BANKSY ,spray paint,"5,745",2016,20161003
M03729,LIC,kaws,Aerosol,"3,566",2008,20080108
M04373,Lower East Side,Lady Pink,Mosaic,"7,057",2023,20230108
M02586,LES,Shepard Fairey,Spray Paint,"5,794",2005,20051113
M01726,soho,Lady Pink,Wheatpaste,819,2022,20220510
M02671,SoHo,,aerosol,"6,479",2023,20230801
M02816,LES,cost,Wheatpaste,,2005,20050121
M03284,astoria,faith47,Aerosol,"7,116",2020,20200721
M00310, Bushwick ,os gemeos,Mosaic,999999,2018,20180520
M03229,Bushwick,KAWS,Acrylic,"2,802",2021,20210707
M04320,lower east side,lady pink,spraypaint,"5,188",2005,20050728
M03366,bushwick,COST,Wheatpaste,"3,766",2021,20210218
M03596,soho,lady pink,Mosaic,"6,709",2012,20120528
M00023,chelsea ,Jane Q. Public,Wheatpaste,"1,022",2023,20231003
M00075,astoria,KAWS,Mosaic,"5,446",2009,20090618
M01125,Chelsea,jane q. public,Spray Paint,"5,063",2019,20190726
M00925,Long Island City,COST,Mosaic,"5,394",2013,20130202
M04419,LES,kaws,wheatpaste,"6,127",2014,20141026
M02416,the bronx,Shepard Fairey,spraypaint,"6,394",2009,20090925
M01858,williamsburg,banksy,aerosol,"4,898",2022,20220309
M02986,the bronx,kaws,Acrylic,317,2014,20140113
M00167,bushwick,Faith47,Wheatpaste,"7,651",2020,20200511
M01087,harlem,os gemeos,Spray Paint,"6,292",2007,20070118
M02991,harlem,kaws,Aerosol,"3,269",2011,20110424
M00469,Long Island City,Os Gemeos,spray paint,"2,306",2019,20190309
M00183,Long Island City,faith47,wheatpaste,"7,115",2009,20091219
M04213,the bronx,cost,aerosol,"4,508",2014,20140123
M02579,Bushwick,KAWS,Aerosol,"3,816",2022,20220818
M04183,Williamsburg,banksy,wheatpaste,"5,873",2020,20200305
M01781,the bronx,futura,mosaic,"7,268",2007,20070623
M01045,bushwick,lady pink,mosaic,"7,516",2005,20050908
M00408,Williamsburg,Shepard Fairey,wheatpaste,"2,301",2017,20170119
M03595,soho,lady pink,wheatpaste,"3,635",2014,20140416
M01515,Chelsea,Jane Q. Public,spray paint,"1,451",2013,20130509
M03781,SoHo,kaws,Acrylic,"4,808",2016,20161214
M00774,Chelsea,Shepard Fairey,Acrylic,-50,2018,20180316
M04466,SoHo,faith47,Spray Paint,"4,641",2019,20190123
M00312,Bronx,kaws,Wheatpaste,"5,677",2015,20150204
M04612,Harlem,os gemeos,Aerosol,"6,131",2015,20150905
M01623,SoHo,COST,mosaic,"3,919",2017,20170802
M01147,Lower East Side,COST,mosaic,"3,489",2019,20190715
M03044,Long Island City,Os Gemeos,wheatpaste,"4,413",2015,20150123
M03187,lower east side,cost,Mosaic,"4,156",2019,20190421
M00755,lower east side,os gemeos,Wheatpaste,"1,511",2008,20081014
M03517,Williamsburg,jane q. public,Wheatpaste,"4,205",2007,20070428
M00870,bushwick,KAWS,spray paint,"5,973",2010,20100627
M00268,chelsea ,Banksy,spraypaint,"7,559",2009,20090602
M04536,Lower East Side,Lady Pink,Mosaic,"6,070",2014,20140706
M02434,LES, BANKSY ,Mosaic,"7,912",2005,20050120
M01843,williamsburg,Lady Pink,acrylic,"2,702",2012,20120823
M00627,williamsburg,futura,mosaic,"7,765",2014,20140112
M02851,soho, BANKSY ,spraypaint,"7,254",2009,20090517
M03587,Bronx,faith47,Aerosol,"5,205",2008,20080616
M02362,chelsea ,futura,Mosaic,"1,788",2014,20140804
M02767,lower east side,Jane Q. Public,Mosaic,"4,224",2010,20100716
M02762,the bronx,shepard fairey,Spray Paint,,2011,20111124
M03346,bushwick,Shepard Fairey,mosaic,"6,487",2017,20170928
M04010,harlem,jane q. public,mosaic,"3,134",2006,20060911
M03095,Chelsea,shepard fairey,spray paint,"7,462",2013,20131124
M01217,Chelsea,faith47,Aerosol,"7,595",2017,20170802
M04510,Lower East Side,Faith47,Acrylic,"1,545",2009,20091107
M02229,chelsea ,jane q. public,Acrylic,744,2020,20201001
M00779,Bushwick,cost,mosaic,"3,811",2016,20161206
M03989,chelsea ,KAWS,Mosaic,"7,962",2008,20080702
M00074,Bushwick,shepard fairey,Aerosol,"7,243",2007,20070711
M04827,LIC,cost,acrylic,"4,202",2006,20060223
M02616,chelsea ,futura,Mosaic,"7,534",2022,20220627
M00040,Astoria,Banksy,Spray Paint,"5,199",2017,20171123
M00561,astoria,Faith47,Wheatpaste,"5,955",2015,20150820
M00641,chelsea ,faith47,Acrylic,"5,896",2009,20090404
M03505,astoria,KAWS,Spray Paint,"4,460",2013,20131215
M04362,Bronx,Futura,Acrylic,481,2018,20181014
M02694,SoHo,jane q. public,wheatpaste,"2,992",,20070904
M04694,soho,futura,Spray Paint,"7,172",2011,20110311
M01397,chelsea ,futura,Mosaic,"3,262",2016,20160804
M02259,Bronx,jane q. public,spray paint,"4,203",2011,20110414
M03178,williamsburg,banksy,mosaic,"6,214",2018,20180708
M01651,BUSHWICK,os gemeos,Wheatpaste,"5,374",2009,20091002
M01378,the bronx,os gemeos,aerosol,636,2011,20110704
M01446,Chelsea,,aerosol,"5,143",2011,20110713
M03507,Bushwick,Futura,spray paint,"1,467",2017,20171024
M03523,Harlem,Os Gemeos,wheatpaste,"3,522",2017,20170219
M03036,LES,os gemeos,acrylic,"5,145",2020,20200916
M01561,BUSHWICK,Faith47,Spray Paint,"2,312",2006,20060920
M02173,Chelsea,Banksy,Aerosol,"6,763",2012,20120224
M02856,Chelsea,Os Gemeos,Wheatpaste,"2,237",2023,20230903
M04791,LES,Shepard Fairey,wheatpaste,"6,329",2008,20080915
M03798,Long Island City,lady pink,spray paint,"1,030",2012,20120306
M02519,Bronx,Shepard Fairey,Acrylic,"2,639",2006,20061206
M03419,Astoria,lady pink,spraypaint,"2,926",2009,20090218
M03336,Long Island City,kaws,mosaic,"3,599",2018,20180428
M00722,harlem,KAWS,aerosol,466,2009,20090319
M00276,Astoria,Shepard Fairey,spray paint,"3,115",2007,20070211
M00876, Bushwick ,kaws,Wheatpaste,"1,703",2011,20111110
M00976,williamsburg,os gemeos,spray paint,"7,074",2007,20070213
M03695,soho,shepard fairey,spray paint,140,2013,20130624
M01816,bushwick,lady pink,mosaic,"7,368",2099,20180107
M03979,chelsea ,Jane Q. Public,Wheatpaste,"1,488",2005,20050124
M03169,the bronx,banksy,spraypaint,396,2012,20121111
M01031, Bushwick ,Lady Pink,Wheatpaste,"7,194",1776,20180821
M03139,lower east side,KAWS,aerosol,,2015,20151127
M03492,SoHo,banksy,Wheatpaste,"3,625",2012,20120415
M02682,the bronx,os gemeos,Spray Paint,"3,778",2020,20200918
M02333,lower east side,shepard fairey,Acrylic,"1,850",2017,20170528
M04516,Astoria,Shepard Fairey,wheatpaste,"2,182",2014,20140921
M02508,BUSHWICK, BANKSY ,spraypaint,,2013,20131117
M01131,Harlem,faith47,Spray Paint,406,2008,20080423
M04463,SoHo,kaws,spray paint,525,2011,20110111
M03293,BUSHWICK,Lady Pink,Mosaic,,2008,20080602
M02444,Harlem,Futura,wheatpaste,541,2019,20190519
M03069,astoria,faith47,Spray Paint,"7,116",2007,20071207
M03006,Long Island City,Lady Pink,aerosol,"1,323",2008,20080512
M00137,Astoria,COST,wheatpaste,"2,550",2018,20180802
M04660,the bronx,Banksy,Wheatpaste,"6,953",2010,20100822
M02193,Bronx,Jane Q. Public,Wheatpaste,"5,299",2014,20141012
M03434,chelsea ,Shepard Fairey,wheatpaste,"7,867",2007,20070211
M01478,Astoria,Lady Pink,wheatpaste,"5,348",2010,20101009
M03859,LIC,futura,Acrylic,,2012,20120126
M02468, Bushwick ,Lady Pink,Mosaic,"5,586",2017,20170219
M03910,Bronx,faith47,wheatpaste,"2,203",2009,20090401
M04642,Bushwick,Banksy,Mosaic,"5,348",2015,20151220
M03577,astoria,cost,aerosol,355,2017,20170124
M03501,Bronx,KAWS,Aerosol,"1,535",2019,20190514
M00014,Harlem,lady pink,Acrylic,"5,444",2022,20221014
M01406,SoHo,faith47,mosaic,353,2008,20080325
M00968,SoHo,cost,spraypaint,"5,676",2013,20130721
M01433,Lower East Side,KAWS,aerosol,"7,385",2016,20161028
M02104,Williamsburg,KAWS,spray paint,"3,678",2012,20120519
M02715,bushwick,lady pink,spray paint,"6,419",,20160916
M01476,Chelsea,jane q. public,spray paint,"2,956",2012,20120912
M00485,Astoria,shepard fairey,Aerosol,"1,889",2005,20050423
M02052, Bushwick ,banksy,Spray Paint,"5,486",2016,20160222
M00334,astoria,lady pink,wheatpaste,"3,452",2015,20151209
M03185,Astoria,KAWS,spray paint,"3,424",2022,20220108
M02243,LIC,kaws,Mosaic,"3,970",2011,20110823
M01389,soho,KAWS,Aerosol,"4,513",2016,20160803
M03914,SoHo,os gemeos,wheatpaste,"2,211",2012,20120912
M03451,harlem,futura,Spray Paint,,2007,20070606
M02725,harlem,,spraypaint,"3,343",2011,20111211
M02730,the bronx,KAWS,Mosaic,"6,221",2023,20230612
M00181,Astoria,Os Gemeos,spray paint,"3,514",2012,20120507
M02880,LES,faith47,acrylic,"3,030",2012,20120401
M00889,LES,jane q. public,wheatpaste,"1,601",2021,20210214
M00066,the bronx,cost,Aerosol,"6,792",2014,20140523
M04471,Harlem,faith47,Mosaic,"2,951",2015,20150922
M01116,the bronx,Futura,wheatpaste,"3,286",2019,20190511
M00232,bushwick,,Wheatpaste,"2,684",2015,20150826
M04372,Bronx,lady pink,spraypaint,"2,942",2022,20221225
M00803,williamsburg,Banksy,Aerosol,"7,104",2023,20231110
M04210,Astoria,Os Gemeos,Acrylic,"3,461",2015,20150111
M02964,Lower East Side,Futura,Wheatpaste,"2,326",2016,20161211
M01209,bushwick,shepard fairey,Acrylic,"1,182",2011,20110704
M02565,Bushwick,Jane Q. Public,mosaic,"7,876",2020,20200127
M01724,Long Island City,faith47,spray paint,"1,158",,20230709
M02667,harlem,shepard fairey,Aerosol,"2,912",2010,20100413
M04416,Astoria,Banksy,Spray Paint,926,2012,20121022
M02987,harlem,jane q. public,wheatpaste,"1,071",2019,20190416
M01854,SoHo,kaws,mosaic,"1,208",2020,20200810
M01292,Harlem,Lady Pink,Mosaic,"1,103",2013,20130514
M02722,bushwick,jane q. public,Acrylic,"6,883",2020,20200418
M01785,LES,banksy,Acrylic,"3,699",2014,20140705
M03378,Bronx,faith47,mosaic,"7,432",2007,20070916
M01260,bushwick,os gemeos,Mosaic,"2,111",2019,20190415
M03444, Bushwick ,banksy,aerosol,151,2020,20201019
M00620,astoria, BANKSY ,Aerosol,"3,981",2012,20120907
M02345, Bushwick ,cost,acrylic,"6,909",2012,20120913
M02061,astoria,Lady Pink,Wheatpaste,"3,220",2023,20230803
M02889, Bushwick ,cost,Spray Paint,"3,727",2010,20101122
M02654,astoria,banksy,mosaic,"4,167",2007,20071225
M03082,bushwick,cost,Spray Paint,"6,437",2012,20120714
M02930,Bronx,banksy,acrylic,"2,605",2013,20130826
M00460,Chelsea,Faith47,Acrylic,,2011,20110210
M02396,lower east side,KAWS,acrylic,"4,588",2011,20110504
M04824,Lower East Side,os gemeos,acrylic,"4,471",2023,20230309
M02922,soho,shepard fairey,Spray Paint,,2014,20141009
M03313,lower east side,,spraypaint,"4,627",,20130620
M00901,soho,banksy,Spray Paint,833,2008,20080813
M01146,Williamsburg,Futura,Mosaic,"6,638",2006,20060928
M03438,soho,Lady Pink,Wheatpaste,"7,522",2017,20170801
M01400,the bronx,faith47,wheatpaste,"6,935",2013,20130310
M04721,the bronx,faith47,Spray Paint,"2,263",2017,20171027
M01277,Long Island City,shepard fairey,Spray Paint,"1,432",2020,20201027
M00410,lower east side,lady pink,spray paint,"4,036",2022,20220824
M01559,LES,kaws,Wheatpaste,"3,668",2009,20090623
M00393,the bronx,COST,wheatpaste,"5,389",2013,20130825
M01081,Bronx,Os Gemeos,acrylic,"3,941",2013,20130620
M00147,williamsburg,shepard fairey,Wheatpaste,"5,242",2013,20130903
M03494,Chelsea,shepard fairey,spray paint,"7,036",2013,20130225
M01611,LIC,Lady Pink,wheatpaste,"5,849",2017,20171021
M02079,soho,Banksy,spraypaint,"4,099",,20091110
M00686,Bronx,lady pink,Spray Paint,"2,724",2013,20131016
M04451,lower east side,kaws,spray paint,"3,479",2020,20200819
M02175,LIC,,Acrylic,"5,825",2019,20190713
M03344,williamsburg,faith47,Spray Paint,407,2016,20160805
M03583,harlem,Jane Q. Public,spray paint,"7,967",2023,20230109
M03516,soho,Lady Pink,Aerosol,"7,581",2017,20171117
M02082,lower east side,Os Gemeos,Wheatpaste,627,2007,20070520
M03662,BUSHWICK,Banksy,aerosol,939,2009,20090226
M00219,Bronx,futura,Wheatpaste,873,2022,20220804
M04689,LES,lady pink,Spray Paint,"7,789",2015,20150412
M01939,Chelsea,,Spray Paint,190,2012,20120905
M01516,LIC,faith47,aerosol,580,2011,20110201
M03932,Harlem,os gemeos,Wheatpaste,"5,281",2012,20120216
M03410,SoHo,Os Gemeos,Mosaic,"4,509",2008,20080602
M03324,SoHo,kaws,Aerosol,"1,104",2016,20161213
M03038,harlem,kaws,spray paint,324,2020,20200707
M00339,Bushwick,KAWS,Wheatpaste,"2,758",2014,20140916
M04484,LIC,Shepard Fairey,Mosaic,"5,800",,20160818
M03967,chelsea ,cost,Aerosol,"6,078",2007,20070606
M01919,Lower East Side,Futura,aerosol,"7,483",2009,20091218
M00713,Harlem,KAWS,Wheatpaste,"6,843",2010,20100611
M01789,BUSHWICK,,acrylic,"2,206",2005,20050417
M00097,Astoria,Shepard Fairey,Mosaic,"6,456",2021,20210102
M03524,LES,Banksy,Acrylic,"1,073",2011,20111016
M03518,SoHo,kaws,Spray Paint,"6,326",2010,20101211
M03296,BUSHWICK,COST,Acrylic,"7,956",2018,20181101
M01355,Astoria,Futura,spray paint,788,2011,20111111
M04877, Bushwick ,cost,aerosol,"1,070",2023,20230609
M00571,chelsea ,,mosaic,"2,929",2014,20140105
M02223,LIC,lady pink,Aerosol,"5,333",2021,20211002
M01302,soho,Banksy,spray paint,649,2016,20160514
M00879,bushwick,Jane Q. Public,Spray Paint,"2,448",2010,20100817
M03381,Astoria,Futura,spray paint,"1,069",2020,20201008
M00978,LES,faith47,wheatpaste,"2,470",2014,20140517
M00582,LIC,KAWS,spraypaint,343,2013,20130522
M03964,Williamsburg,,aerosol,330,2018,20180527
M00062,astoria,shepard fairey,Mosaic,"2,073",2018,20180425
M04653,LIC,Futura,spray paint,999999,2006,20060208
M03827,Lower East Side,futura,spraypaint,"7,352",2011,20110627
M01968,williamsburg,Futura,wheatpaste,"3,809",2023,20230816
M00884,the bronx,Futura,Acrylic,"2,067",2006,20060527
M00245,LES,Lady Pink,acrylic,"5,496",2010,20101201
M00303,bushwick,,Wheatpaste,"1,213",2010,20101106
M03779,harlem, BANKSY ,acrylic,"2,741",2011,20110914
M02799,SoHo,Jane Q. Public,Aerosol,"6,838",2023,20231207
M03971,williamsburg,Faith47,wheatpaste,"6,423",2019,20190224
M03530,astoria,Banksy,Wheatpaste,"7,451",2005,20050425
M00224,Bronx,jane q. public,wheatpaste,"6,274",2006,20060325
M02672,harlem,futura,spray paint,"3,369",2016,20160414
M02261,Astoria,Lady Pink,aerosol,"5,092",2012,20121108
M01318,harlem,kaws,Spray Paint,"2,266",2021,20210103
M00787,Long Island City,Jane Q. Public,spray paint,"1,258",2009,20090405
M02781,chelsea ,kaws,Mosaic,"4,944",2005,20050621
M00946,Williamsburg,Jane Q. Public,mosaic,"3,574",2010,20100913
M00955,Lower East Side,Futura,Spray Paint,"2,321",2008,20081226
M04285,chelsea ,kaws,wheatpaste,"5,605",2010,20100221
M04412,lower east side,faith47,aerosol,"2,864",2020,20200526
M01042,the bronx,COST,Acrylic,"5,256",2011,20110109
M03575,Bushwick,KAWS,Acrylic,"6,662",2014,20140719
M02139,Astoria,lady pink,aerosol,"4,163",2009,20090907
M03066,the bronx,os gemeos,mosaic,156,2006,20060421
M03571,Astoria,shepard fairey,Wheatpaste,"2,091",2014,20140704
M00678,LES,banksy,Mosaic,"4,844",2009,20090928
M03867,BUSHWICK,jane q. public,Wheatpaste,857,2005,20051102
M00919,the bronx,banksy,acrylic,700,2020,20200104
M01584,Williamsburg,KAWS,aerosol,"6,536",2019,20191004
M00520,Williamsburg,banksy,Aerosol,"1,630",2013,20131219
M03970,SoHo,Banksy,Aerosol,"1,095",2021,20211101
M01358, Bushwick ,Faith47,wheatpaste,-50,2017,20170809
M01808,Harlem,Os Gemeos,Spray Paint,"5,251",2021,20210121
M03367, Bushwick ,faith47,Acrylic,"2,629",,20140124
M02225,the bronx,Jane Q. Public,Acrylic,"2,890",2007,20070426
M02290,Long Island City,Shepard Fairey,mosaic,"5,746",2022,20220809
M01803,Bushwick,Lady Pink,aerosol,"1,358",2016,20160503
M03395,Astoria,shepard fairey,Spray Paint,313,2013,20130725
M02146,lower east side,shepard fairey,mosaic,"2,925",2011,20110213
M03645,astoria,kaws,aerosol,"4,225",2013,20130917
M00090, Bushwick ,Shepard Fairey,Spray Paint,"7,489",2018,20180110
M03440,SoHo,,mosaic,"7,734",2011,20111122
M00863,Bushwick,Banksy,mosaic,"2,970",2011,20110604
M01964,lower east side,KAWS,acrylic,,2015,20151122
M01159,Lower East Side,,Mosaic,232,2010,20100509
M03112,SoHo,faith47,spraypaint,"6,558",2019,20191028
M00204,BUSHWICK,COST,Acrylic,"1,575",2022,20220103
M03307,harlem,,wheatpaste,,2008,20080904
M00516,bushwick,Lady Pink,spraypaint,"2,304",2008,20080816
M04699,williamsburg,Os Gemeos,Mosaic,"5,518",2018,20181201
M03746,LES,kaws,spraypaint,,2012,20121019
M00059,SoHo,,spraypaint,863,2014,20140123
M03754,williamsburg,jane q. public,wheatpaste,"2,640",2016,20160620
M03065,Harlem,banksy,wheatpaste,"4,195",2019,20190804
M01945,Lower East Side,KAWS,spray paint,"6,681",2008,20080911
M00357,LES,lady pink,Acrylic,"1,832",2012,20120122
M04398,Harlem,Futura,wheatpaste,"2,000",2017,20171128
M04661,Lower East Side,jane q. public,acrylic,"2,948",2014,20140627
M03034,SoHo,cost,Mosaic,"5,507",2017,20171214
M03903,Lower East Side,faith47,acrylic,"6,611",2023,20230425
M04146,BUSHWICK,cost,mosaic,"7,197",2019,20191222
M02635,lower east side,Futura,Wheatpaste,"2,830",2023,20230611
M04604,Chelsea,kaws,wheatpaste,"7,592",2014,20140918
M02073,Chelsea,banksy,wheatpaste,"3,988",2011,20110210
M04234,the bronx,Futura,aerosol,"6,253",2009,20091014
M03454,LES,Shepard Fairey,Wheatpaste,"1,278",2020,20201028
M01530,Long Island City,Lady Pink,Mosaic,,2017,20171013
M00099,Astoria,KAWS,aerosol,"4,181",2008,20081121
M02310,Chelsea,Futura,Aerosol,"3,814",2010,20100219
M01716,soho,banksy,mosaic,"4,047",2007,20070117
M04315,LES,Os Gemeos,Spray Paint,678,2019,20190503
M01494, Bushwick ,banksy,mosaic,519,2020,20200723
M03376,harlem, BANKSY ,Mosaic,"5,054",2013,20131013
M04605,bushwick,os gemeos,Wheatpaste,"2,501",2012,20121109
M01707, Bushwick ,banksy,spray paint,199,2021,20211126
M03726,chelsea ,lady pink,mosaic,"6,879",2099,20180503
M02494,astoria,lady pink,spray paint,"1,857",2015,20150426
M01270,harlem,os gemeos,Acrylic,"2,502",2017,20170504
M04884,Harlem,lady pink,mosaic,551,2009,20090212
M00108,Lower East Side,futura,Aerosol,"4,949",2011,20110325
M02105,SoHo,cost,Aerosol,"1,632",2017,20171028
M02069,the bronx,kaws,Aerosol,"4,832",2023,20230413
M03405,harlem,banksy,Acrylic,"1,389",2015,20150216
M04232,BUSHWICK, BANKSY ,Wheatpaste,"3,919",2099,20180917
M03655,harlem,os gemeos,mosaic,"4,314",2099,20180221
M00623,Chelsea,kaws,mosaic,"5,049",2020,20200114
M03636,soho,Faith47,spray paint,"2,572",2019,20190823
M01311,lower east side,banksy,Spray Paint,"4,793",2012,20120424
M00487,Chelsea,banksy,mosaic,764,2007,20071010
M04433,LIC,futura,Wheatpaste,"7,466",2020,20200506
M01332,Lower East Side,jane q. public,Aerosol,"4,405",2011,20111027
M03437,Long Island City,,aerosol,481,2019,20190419
M03461,BUSHWICK,Banksy,spray paint,"7,943",2023,20230709
M04311,chelsea ,Jane Q. Public,mosaic,286,2009,20090413
M04331, Bushwick ,Shepard Fairey,spray paint,904,2016,20161227
M01694,lower east side,os gemeos,Mosaic,"4,472",2016,20161101
M01961,chelsea ,lady pink,aerosol,"4,353",2006,20060503
M00475,chelsea ,jane q. public,Mosaic,"4,201",2008,20080518
M00397,chelsea ,KAWS,spraypaint,"3,940",2022,20220323
M01412, Bushwick ,kaws,Spray Paint,"2,183",2011,20111117
M01585,the bronx,Lady Pink,wheatpaste,"4,940",,20071002
M04881,Bushwick,,Spray Paint,"3,713",2007,20070328
M00867,Lower East Side,shepard fairey,spray paint,78,2014,20140118
M00734,SoHo,Lady Pink,aerosol,"4,157",2019,20190402
M02603,SoHo,Faith47,acrylic,"7,284",2022,20220303
M02427,LIC,faith47,Acrylic,"5,343",2020,20201004
M03772,SoHo,Lady Pink,Mosaic,"3,767",2009,20090116
M01410,Chelsea,shepard fairey,Spray Paint,"5,730",,20210208
M00615, Bushwick ,shepard fairey,spray paint,"3,423",2023,20231003
M03883,SoHo,Jane Q. Public,Spray Paint,"3,026",2014,20140610
M04057,LES,COST,wheatpaste,"1,612",2006,20061125
M04434,astoria,Futura,acrylic,"5,220",2009,20091105
M00120,LIC,shepard fairey,Spray Paint,"4,618",,20151222
M02959,astoria, BANKSY ,Wheatpaste,997,2015,20150926
M00193,bushwick, BANKSY ,Wheatpaste,"4,517",2022,20220902
M00260,Lower East Side,os gemeos,Spray Paint,"7,555",2005,20051115
M01265,Long Island City,lady pink,Spray Paint,"3,135",2019,20190305
M03649,the bronx,kaws,Spray Paint,"1,375",2011,20110413
M02821,Bushwick,kaws,aerosol,"2,228",2022,20220624
M00383,williamsburg,futura,acrylic,"3,990",2015,20151028
M03888,astoria,kaws,aerosol,"2,181",2017,20170105
M00238, Bushwick ,Os Gemeos,spraypaint,"5,185",2018,20180403
M00361,williamsburg,lady pink,wheatpaste,"5,455",2015,20150816
M02574,Williamsburg,banksy,Acrylic,"7,004",2005,20050702
M02237,astoria,Os Gemeos,Spray Paint,"7,296",2020,20200110
M02906,BUSHWICK,shepard fairey,Spray Paint,"1,068",2011,20110608
M03249,astoria,futura,spray paint,"2,283",2011,20110609
M01504,Williamsburg,Shepard Fairey,Acrylic,"7,449",2005,20050716
M02017,astoria,,mosaic,"3,810",2018,20180407
M02404,williamsburg,kaws,wheatpaste,"3,154",2016,20160713
M03148,Long Island City,Lady Pink,aerosol,"7,018",2010,20100711
M00697,LIC,faith47,wheatpaste,"4,444",2023,20230305
M04355,Astoria,Shepard Fairey,Wheatpaste,"6,625",2014,20140605
M00082,chelsea ,jane q. public,mosaic,"2,131",2019,20190303
M03769,Williamsburg,Shepard Fairey,Wheatpaste,"4,634",2018,20180424
M02966,Williamsburg,banksy,acrylic,,2009,20090124
M00514,Long Island City,Lady Pink,acrylic,"4,325",2012,20120120
M04237,Bushwick,kaws,spray paint,"6,619",2014,20140620
M02307,BUSHWICK,faith47,Acrylic,"5,563",2009,20090514
M00766,Lower East Side,Jane Q. Public,spraypaint,"1,618",,20231006
M02876,Lower East Side,Faith47,wheatpaste,"1,921",2012,20120517
M01794,williamsburg,jane q. public,Wheatpaste,"4,420",2015,20150327
M02185,chelsea ,Shepard Fairey,Acrylic,"7,750",2008,20080711
M04880,Astoria,Banksy,Mosaic,"4,227",2023,20231106
M04845,Bronx,os gemeos,spraypaint,"1,542",2006,20060408
M03795,Harlem,Banksy,mosaic,"2,193",2005,20050314
M01922,LIC,Faith47,spray paint,"1,307",2099,20180210
M02826,bushwick,KAWS,spraypaint,805,1776,20180403
M00359,LES,cost,mosaic,"3,032",2007,20070417
M01700,Bushwick,Faith47,mosaic,"6,662",2017,20170109
M02503,Long Island City,kaws,Acrylic,"7,255",2017,20171226
M04732,astoria,Os Gemeos,spraypaint,"7,558",2008,20081021
M03773,harlem,shepard fairey,Wheatpaste,288,2007,20070317
M02757,LIC,os gemeos,spray paint,"2,570",2007,20070111
M03416,bushwick,jane q. public,Acrylic,"2,144",2023,20230424
M01770,Harlem,Jane Q. Public,spraypaint,"6,612",2018,20180922
M03226,SoHo,kaws,aerosol,"7,990",2011,20110228
M01918,Harlem,Jane Q. Public,spraypaint,130,2017,20171019
M03212,Long Island City,jane q. public,wheatpaste,"2,446",2023,20230619
M04067,Astoria,banksy,Aerosol,"5,679",2022,20221016
M04155,SoHo,Banksy,aerosol,"1,611",2007,20071119
M02246,harlem,faith47,Mosaic,"5,470",2005,20051126
M03875,Chelsea,kaws,spray paint,"1,451",2015,20150923
M00272,Lower East Side,Futura,mosaic,"1,849",2008,20081203
M03669,bushwick,kaws,aerosol,999999,2020,20200705
M01154,Chelsea,Lady Pink,Acrylic,"6,612",2009,20091014
M01202,Harlem, BANKSY ,spraypaint,"7,165",,20221016
M04278,williamsburg,faith47,Aerosol,"7,314",,20161221
M03439,williamsburg, BANKSY ,aerosol,"5,391",2021,20211006
M01736, Bushwick ,faith47,mosaic,"7,892",2009,20090505
M00646,Bronx,,spraypaint,269,2009,20090510
M03124,LES,shepard fairey,Spray Paint,"4,393",2010,20100708
M01543,bushwick,Jane Q. Public,Spray Paint,"6,952",2008,20080606
M03756,Harlem,,Aerosol,"2,714",2015,20150503
M00230,Lower East Side,jane q. public,acrylic,"3,742",2007,20071212
M00436,bushwick,shepard fairey,Aerosol,"6,138",2016,20160508
M00833,soho,os gemeos,Spray Paint,"5,631",2006,20060901
M04194,astoria,COST,Aerosol,"2,576",2007,20071107
M02814,chelsea ,Os Gemeos,aerosol,"5,612",2010,20101213
M02486,Lower East Side,cost,Aerosol,"3,798",2007,20070625
M01320,SoHo,Faith47,Mosaic,"6,345",2023,20230304
M03350,Lower East Side,os gemeos,mosaic,"6,063",2009,20091012
M01427,Chelsea,COST,spray paint,"4,296",2013,20130915
M00592, Bushwick ,kaws,Spray Paint,"3,672",1776,20180511
M01233,LIC, BANKSY ,Aerosol,"2,801",2020,20201021
M03483,Bronx,KAWS,acrylic,999999,2023,20231222
M00625,LIC,Jane Q. Public,Wheatpaste,"5,651",2019,20191213
M03544,astoria,Banksy,spraypaint,"2,016",2022,20221208
M04276,LIC, BANKSY ,wheatpaste,"1,246",2019,20190416
M02743,Lower East Side,Faith47,Wheatpaste,"6,339",2009,20090404
M00116,Harlem,kaws,Wheatpaste,"4,193",2023,20230115
M04039,BUSHWICK,cost,spraypaint,"3,975",2022,20220227
M01356,Astoria,jane q. public,Acrylic,"7,561",2021,20210704
M01271,chelsea ,cost,Mosaic,"3,843",2008,20080724
M00983,Long Island City,kaws,wheatpaste,"2,193",2009,20090711
M03915,Harlem,cost,aerosol,999999,2008,20080111
M03804,the bronx,lady pink,Acrylic,235,2022,20220510
M00717,LIC,cost,Acrylic,"7,015",2007,20071015
M03319,SoHo,Futura,mosaic,"2,685",2011,20110117
M02884,Bushwick,kaws,aerosol,"2,944",2020,20201225
M02368,Astoria,,wheatpaste,"6,516",2012,20120623
M04734,BUSHWICK,faith47,acrylic,540,2009,20090814
M04758,BUSHWICK,,mosaic,423,2015,20150926
M02428,astoria,Lady Pink,spray paint,673,2011,20110210
M03027,Bushwick,Shepard Fairey,Aerosol,"7,498",2018,20180616
M00984,williamsburg,os gemeos,spraypaint,,2011,20110403
M02627,SoHo,Banksy,Aerosol,"3,810",2017,20170613
M01197,Harlem,kaws,Aerosol,"1,795",2014,20141108
M00044,Harlem,Jane Q. Public,spray paint,"3,177",2011,20110915
M00384,LES,banksy,Acrylic,"1,859",2009,20090818
M03548,soho,,spray paint,"3,664",2020,20200913
M02447,SoHo,,acrylic,453,2012,20120305
M00281,the bronx,banksy,Mosaic,"5,513",2022,20220418
M04523,williamsburg,,Spray Paint,162,,20120824
M01799,williamsburg,,wheatpaste,"5,259",2013,20130312
M00294,SoHo,Faith47,Wheatpaste,"3,923",2010,20100520
M04589,the bronx,lady pink,Spray Paint,"3,684",2011,20110201
M02470,Harlem,kaws,Acrylic,"4,872",2021,20211119
M00227,chelsea ,lady pink,spray paint,"5,862",2018,20180427
M00335,williamsburg,Faith47,acrylic,"5,345",2023,20231207
M00778,Long Island City,banksy,acrylic,"5,210",,20111117
M02623,Bronx,COST,wheatpaste,"5,318",2006,20060617
M04169,harlem,futura,spray paint,"3,243",2018,20180928
M03474,the bronx,shepard fairey,Spray Paint,214,2016,20161005
M00535,soho,Lady Pink,Acrylic,"2,400",2006,20060320
M02392,BUSHWICK,Faith47,spray paint,"1,823",2016,20161203
M00882,williamsburg, BANKSY ,spraypaint,"5,778",2014,20140311
M00637,Harlem,KAWS,Aerosol,342,2017,20170317
M00178,soho,Shepard Fairey,spray paint,638,2016,20160103
M04124,Harlem,Lady Pink,spraypaint,"2,907",2023,20230412
M04835,SoHo,futura,Aerosol,"3,969",2017,20171214
M01948,SoHo,Futura,wheatpaste,"6,189",2017,20171011
M01077,williamsburg,os gemeos,Wheatpaste,"5,454",2018,20180317
M02249,Bronx, BANKSY ,Mosaic,"7,804",2006,20060116
M04773,Long Island City,futura,wheatpaste,"4,180",2014,20140603
M02053,Harlem,cost,Spray Paint,"1,871",2011,20110317
M02032,LIC,Banksy,wheatpaste,"2,017",2005,20051112
M04832,Bronx,kaws,spraypaint,"3,029",2023,20230321
M04330,astoria,cost,aerosol,"7,759",2015,20151112
M01230,Long Island City,,Mosaic,"5,332",2010,20100825
M04528,SoHo,Os Gemeos,Aerosol,"1,106",2017,20170711
M04870,Lower East Side,Lady Pink,Mosaic,"6,229",2019,20190225
M01093,lower east side,Lady Pink,aerosol,"7,601",2007,20070316
M00568,lower east side,jane q. public,mosaic,-50,2006,20060213
M01195,Bushwick,Faith47,acrylic,"6,218",2015,20150704
M01990,Bushwick,,Aerosol,"2,976",2016,20160516
M01017,Lower East Side,Banksy,acrylic,"2,466",2005,20050614
M01390,SoHo,Os Gemeos,Mosaic,"7,122",2006,20060902
M02584,Chelsea,futura,spraypaint,565,2023,20230325
M01026,the bronx, BANKSY ,aerosol,"3,340",2023,20230912
M01104,williamsburg,cost,mosaic,"6,336",2011,20111111
M03852,LES,jane q. public,spray paint,"3,897",2022,20221104
M03120,BUSHWICK,futura,spraypaint,503,2018,20180104
M04482,Lower East Side,cost,aerosol,862,2018,20180323
M00834, Bushwick ,KAWS,acrylic,"1,867",2019,20190821
M02196,Harlem,Jane Q. Public,acrylic,"5,457",2016,20161106
M03877,SoHo,jane q. public,Aerosol,"3,848",2017,20170220
M04686,Harlem,,Acrylic,,2010,20101204
M00025,soho,Futura,mosaic,859,2011,20110603
M00507,bushwick,jane q. public,spray paint,"1,993",2007,20070818
M04718,Williamsburg,Os Gemeos,wheatpaste,"7,412",2021,20210520
M01266,Chelsea,os gemeos,Mosaic,-50,2009,20090726
M03118,harlem,COST,spraypaint,"3,766",2022,20220726
M03647,astoria,Jane Q. Public,mosaic,"3,675",2013,20130405
M02560,Williamsburg,Futura,Spray Paint,"4,988",2022,20221206
M00372,lower east side,banksy,spraypaint,,2021,20210920
M00142,williamsburg,Faith47,Aerosol,"3,686",2015,20150918
M03281,Williamsburg,Jane Q. Public,spray paint,999999,2006,20060812
M00971,lower east side,,aerosol,"3,558",2018,20181218
M02126,Bronx,futura,Spray Paint,"3,153",2011,20110923
M04565,SoHo,shepard fairey,Mosaic,"7,074",2023,20230425
M03033,astoria,Faith47,mosaic,"4,865",2023,20231127
M01229,Bronx,Futura,spraypaint,"6,434",2011,20110715
M02039,Harlem,banksy,spray paint,"1,536",2019,20190210
M03347,Bushwick,Lady Pink,Acrylic,"5,340",2007,20070803
M03755,LIC,banksy,aerosol,"1,384",2011,20110416
M02756,the bronx,banksy,spray paint,"1,252",2011,20111213
M03480,SoHo,Futura,acrylic,"6,521",2020,20201116
M03613,the bronx,os gemeos,Mosaic,,2015,20150804
M04472,BUSHWICK,os gemeos,Wheatpaste,"2,883",2006,20060206
M02679,BUSHWICK,KAWS,Aerosol,"6,089",2013,20131010
M04570,LES,shepard fairey,wheatpaste,"4,416",2022,20220715
M03267,harlem,KAWS,Spray Paint,"3,540",2020,20200309
M02980,soho,kaws,wheatpaste,"1,022",2018,20181125
M00606, Bushwick ,Shepard Fairey,Wheatpaste,,2023,20230425
M00941,Harlem,faith47,Aerosol,"6,983",2006,20060915
M04849,Chelsea,lady pink,spray paint,"1,394",2017,20170624
M01970,Williamsburg,kaws,Acrylic,,2009,20091103
M04752,LIC,futura,Spray Paint,"1,046",2006,20061216
M03763,Chelsea,futura,aerosol,"1,935",2005,20050920
M00308,LIC,banksy,Mosaic,"1,770",2023,20231221
M02820,Long Island City,shepard fairey,mosaic,"6,477",2013,20130716
M02122,Lower East Side,Jane Q. Public,aerosol,"4,521",2019,20190821
M03250,LIC,Banksy,mosaic,"5,668",2010,20100308
M02455,Lower East Side,,Spray Paint,"7,345",2018,20180115
M02292,astoria,Shepard Fairey,Mosaic,"3,855",2020,20200301
M02785,Lower East Side, BANKSY ,Mosaic,"5,858",2012,20120904
M04664,LES,cost,spray paint,"2,807",2019,20190609
M03255,LES,,spraypaint,"6,182",2007,20070402
M03714, Bushwick ,futura,spraypaint,"4,883",2023,20230717
M04809,Chelsea,Jane Q. Public,spray paint,"2,876",2020,20201101
M04404,Chelsea,Shepard Fairey,Spray Paint,"6,647",2018,20180423
M00603,LIC,os gemeos,Acrylic,"7,631",2015,20151216
M02661,LIC,cost,wheatpaste,"3,549",2022,20220807
M02639,Bushwick,jane q. public,aerosol,"1,715",2009,20091009
M00862, Bushwick ,cost,spray paint,"2,113",2014,20140912
M02380,williamsburg,Lady Pink,acrylic,"4,318",,20120204
M04771,BUSHWICK,COST,Spray Paint,"5,271",2015,20150904
M02141,LES,Banksy,Acrylic,"5,283",2014,20141005
M02772,williamsburg,kaws,acrylic,832,2016,20160526
M02924,bushwick,banksy,spraypaint,86,2010,20100810
M01405,lower east side,COST,Mosaic,"1,565",2012,20120122
M03566,Astoria,Jane Q. Public,spraypaint,"6,987",2015,20151117
M03734,Bronx,KAWS,Wheatpaste,"1,647",2018,20181228
M01748,Chelsea,Futura,mosaic,"7,728",2019,20190604
M02374,williamsburg,futura,Wheatpaste,"4,818",2009,20090303
M02067,williamsburg,jane q. public,Mosaic,"1,119",2014,20140526
M04453,BUSHWICK,futura,spray paint,895,2009,20090518
M02009,chelsea ,faith47,aerosol,"2,685",2007,20070811
M04385,williamsburg,cost,Mosaic,"3,230",2018,20180603
M04514, Bushwick ,futura,wheatpaste,916,2009,20090421
M00261,williamsburg,COST,aerosol,"7,610",2017,20170706
M04370,BUSHWICK,kaws,acrylic,"5,165",2020,20200823
M01345,lower east side,banksy,Spray Paint,179,2021,20210526
M01511,williamsburg,cost,Wheatpaste,"6,120",2010,20100918
M01239,LES,Lady Pink,Spray Paint,"5,185",2008,20080205
M04110, Bushwick ,Os Gemeos,Aerosol,"3,097",2011,20110807
M03261,Bushwick,,Aerosol,"3,894",2012,20120804
M00096,astoria,kaws,Spray Paint,"6,116",2008,20080617
M00613,astoria, BANKSY ,Aerosol,"5,345",2009,20091117
M00912,bushwick,Os Gemeos,aerosol,"6,119",2021,20211001
M00883,LES,Banksy,wheatpaste,"5,496",2015,20150206
M04766,Long Island City,os gemeos,aerosol,"7,441",2019,20190704
M00715,Chelsea,Shepard Fairey,Spray Paint,"2,321",2016,20160710
M03446,Harlem, BANKSY ,wheatpaste,"4,796",2005,20050701
M02989,chelsea ,Jane Q. Public,spray paint,"7,082",2016,20160103
M02364, Bushwick ,cost,spray paint,381,2011,20111225
M00628,Lower East Side,Shepard Fairey,Aerosol,"6,649",2018,20180908
M03392,harlem,cost,Acrylic,"5,004",2010,20100211
M04088,Harlem,Os Gemeos,acrylic,"6,512",2018,20180305
M02326,Harlem,,Aerosol,"2,146",2021,20210614
M02515, Bushwick ,cost,acrylic,"6,054",2010,20100905
M02451,chelsea ,shepard fairey,Spray Paint,"6,700",2007,20070116
M00575,Harlem, BANKSY ,Acrylic,"2,821",2014,20140821
M03315,harlem,banksy,Aerosol,"4,236",2011,20111012
M01628,williamsburg, BANKSY ,wheatpaste,"7,862",2011,20110808
M03736,chelsea ,Os Gemeos,Wheatpaste,764,2009,20091216
M03553,astoria, BANKSY ,Wheatpaste,"3,668",2007,20071202
M01927,LES,banksy,Wheatpaste,"4,616",,20170927
M01620,BUSHWICK,Shepard Fairey,aerosol,"5,102",2015,20150708
M02046,lower east side,banksy,wheatpaste,"7,783",2020,20200804
M02764,Harlem,os gemeos,Mosaic,"2,763",2020,20200628
M00158,chelsea ,Os Gemeos,Mosaic,"4,052",2014,20140622
M00114,astoria, BANKSY ,acrylic,"4,664",2015,20150315
M01955,bushwick,kaws,spraypaint,"6,714",2014,20140521
M00718,Williamsburg, BANKSY ,spray paint,148,2008,20080420
M01838, Bushwick ,KAWS,spray paint,"6,646",2005,20051026
M03545,Astoria,lady pink,spraypaint,"3,758",2007,20070612
M01211,Harlem,jane q. public,spraypaint,"3,257",2016,20160208
M01963,chelsea ,Faith47,Mosaic,"7,687",2021,20210724
M04784,Chelsea,Lady Pink,spraypaint,152,2021,20210115
M03462,Chelsea,banksy,acrylic,"7,657",2015,20150724
M03371,soho,Shepard Fairey,aerosol,"7,616",2005,20050418
M01609,soho,Banksy,wheatpaste,"2,572",2019,20190214
M01102,Lower East Side,Banksy,Wheatpaste,"6,636",2018,20181006
M01274,Williamsburg, BANKSY ,spray paint,"1,390",2015,20150203
M01851,williamsburg,Futura,aerosol,"4,581",2014,20140425
M00663,astoria,Banksy,Spray Paint,"1,051",,20170327
M00642,BUSHWICK,lady pink,acrylic,"1,240",2018,20180316
M04383,Lower East Side,os gemeos,Spray Paint,"1,495",2008,20080518
M03871,SoHo,shepard fairey,aerosol,258,2023,20230221
M00405,astoria,Futura,Mosaic,"1,527",2013,20130225
M02637,the bronx,shepard fairey,Wheatpaste,"6,094",2016,20160822
M00058,chelsea ,Shepard Fairey,Aerosol,"1,617",2022,20220407
M02189,bushwick,cost,Wheatpaste,872,2009,20091117
M03886, Bushwick ,Banksy,wheatpaste,"4,052",2015,20150607
M04567, Bushwick ,cost,wheatpaste,"3,407",2023,20230323
M02342,Bronx,faith47,wheatpaste,"1,544",2008,20080103
M00119,lower east side,Faith47,Wheatpaste,"3,206",2009,20090312
M04386,astoria,Lady Pink,aerosol,"3,514",2022,20220914
M04242,lower east side,Banksy,acrylic,"3,456",2021,20210309
M01920,soho,Jane Q. Public,spray paint,"3,315",2019,20190312
M04338,chelsea ,shepard fairey,mosaic,890,2009,20091213
M00198,chelsea ,Futura,aerosol,"5,323",2023,20230902
M01268,Lower East Side,KAWS,Acrylic,"2,847",2016,20160519
M04573,Harlem,jane q. public,spraypaint,"1,489",2022,20220627
M01064,bushwick,kaws,Mosaic,"6,578",2021,20210601
M01465,SoHo,Banksy,Wheatpaste,454,2020,20200502
M00662,Bushwick, BANKSY ,Acrylic,"5,801",2017,20171121
M00057,astoria,faith47,mosaic,"4,804",2022,20221218
M02843,LES,lady pink,aerosol,"3,018",2010,20100922
M03860,harlem,Faith47,Aerosol,"4,263",2007,20070901
M04050, Bushwick ,banksy,aerosol,"2,433",2016,20160816
M01770,Harlem,Jane Q. Public,spraypaint,"6,612",2018,20180922
M04632,Williamsburg,Lady Pink,Wheatpaste,"1,246",2022,20220725
M02746,Chelsea,Jane Q. Public,spray paint,"7,752",2022,20221226
M01646,chelsea ,lady pink,mosaic,"7,116",2017,20171013
M01899,Long Island City,Lady Pink,Spray Paint,965,2023,20230113
M01429,Chelsea,jane q. public,Mosaic,"1,307",2006,20060927
M00758,Williamsburg,Faith47,wheatpaste,814,2010,20101214
M00377,BUSHWICK,Os Gemeos,Acrylic,"7,929",2017,20170717
M04083,lower east side,Faith47,Aerosol,"5,341",2011,20110508
M01761,bushwick, BANKSY ,aerosol,"6,576",2005,20051015
M04631,harlem,Banksy,acrylic,"7,930",2011,20111204
M02476,Lower East Side,shepard fairey,spray paint,396,2008,20080325
M00252,lower east side,Banksy,Wheatpaste,"3,399",2022,20220111
M01524,harlem,faith47,Wheatpaste,"6,567",2006,20060910
M04623,LES,os gemeos,spray paint,"4,207",2006,20060306
M01892,lower east side,,acrylic,"1,721",2011,20111217
M00465,BUSHWICK,banksy,aerosol,,2014,20140212
M04873,soho,faith47,acrylic,"6,521",2020,20200610
M01500,soho,Jane Q. Public,mosaic,"2,154",2017,20170325
M02328,chelsea ,,spraypaint,"5,064",2012,20120114
M00477, Bushwick ,faith47,Acrylic,678,2023,20231015
M04595,williamsburg,faith47,mosaic,"6,317",2023,20230104
M01442,bushwick,shepard fairey,aerosol,"6,178",,20050521
M01152,Lower East Side,Banksy,spray paint,"6,293",2006,20060201
M01172,lower east side,jane q. public,mosaic,"6,142",2023,20230715
M01711,Lower East Side,KAWS,Aerosol,"3,641",2013,20130710
M00929,Long Island City,Banksy,mosaic,"7,495",2015,20151007
M01598,BUSHWICK,futura,spraypaint,"6,004",,20210707
M00337,chelsea ,Faith47,acrylic,367,2015,20151120
M04378,soho,lady pink,Wheatpaste,"2,339",2008,20081117
M02264,BUSHWICK,KAWS,wheatpaste,"5,059",2014,20140420
M04637,Chelsea,shepard fairey,aerosol,"4,121",2019,20190404
M04558,Astoria,kaws,spraypaint,"5,168",2023,20230716
M03557,SoHo,faith47,Spray Paint,"2,251",2023,20230321
M02602,Chelsea,faith47,Aerosol,"5,087",2020,20200628
M03096,LES,Banksy,spray paint,"4,692",2010,20100722
M02676,soho,jane q. public,wheatpaste,959,2007,20070510
M02478,soho,KAWS,Aerosol,,2007,20071011
M02768,LIC,os gemeos,spray paint,"7,985",2015,20150803
M03390,LES,KAWS,spray paint,"4,142",2020,20200423
M04790,astoria,Faith47,Acrylic,861,2005,20050327
M00323,LES,Shepard Fairey,Wheatpaste,"3,016",2012,20121020
M03732,lower east side,kaws,spraypaint,958,2016,20160224
M00953,LES,Shepard Fairey,spray paint,264,2006,20060401
M03304,Williamsburg,faith47,aerosol,"2,311",2007,20070725
M02334,williamsburg,KAWS,Wheatpaste,"6,877",2017,20170312
M03737,LIC,banksy,spraypaint,,2016,20160902
M00175,bushwick,kaws,Spray Paint,"6,281",2007,20070603
M02638,soho,COST,acrylic,"2,606",2007,20070210
M03550,chelsea ,jane q. public,Spray Paint,"4,248",2005,20051201
M00597,Harlem,lady pink,wheatpaste,"7,100",2013,20130314
M03829,SoHo,banksy,acrylic,"5,869",2015,20150525
M00652,lower east side,shepard fairey,mosaic,408,2005,20050128
M03704,chelsea ,os gemeos,wheatpaste,"7,222",2013,20131109
M01791,lower east side,futura,Aerosol,"4,401",2005,20050608
M00071,Bronx,Faith47,acrylic,"5,140",2019,20190905
M02040,soho,lady pink,Aerosol,"4,525",2010,20100224
M01636,LES,lady pink,spray paint,"5,241",2016,20160411
M03220,astoria,Banksy,Mosaic,"5,153",2010,20100414
M01551,Williamsburg,Faith47,Mosaic,"2,644",2017,20171128
M01086,Chelsea,faith47,acrylic,"2,328",2021,20210309
M02338,Long Island City,Lady Pink,Acrylic,"3,952",2016,20161021
M04853,williamsburg,,aerosol,"7,368",2010,20100102
M03041,the bronx,COST,acrylic,"3,256",2007,20070809
M00915,lower east side,Faith47,Aerosol,"1,006",2006,20060427
M03253,LES,shepard fairey,wheatpaste,"4,198",2022,20220302
M02031,Williamsburg,os gemeos,wheatpaste,"2,130",2011,20110501
M00177,lower east side,Faith47,spray paint,,2019,20191126
M03098,the bronx,Faith47,spraypaint,"1,383",2008,20080624
M01032,chelsea , BANKSY ,wheatpaste,"3,401",2005,20051017
M02509,bushwick,kaws,wheatpaste,"4,595",2011,20110727
M04313,LES,COST,acrylic,"1,125",2021,20210727
M03201,williamsburg,Futura,acrylic,-50,2023,20230814
M01860,Long Island City,futura,acrylic,444,2019,20191105
M00338,lower east side,KAWS,Acrylic,"4,344",2010,20100314
M01714,Long Island City,KAWS,aerosol,"6,419",2019,20190518
M01765,Williamsburg,futura,Spray Paint,"2,993",2017,20170419
M02754,LIC,,acrylic,104,2014,20140718
M03691,SoHo,cost,wheatpaste,"4,321",2008,20080616
M02515, Bushwick ,cost,acrylic,"6,054",2010,20100905
M01124,williamsburg,kaws,Acrylic,"6,541",2014,20141106
M01891,Long Island City,faith47,Wheatpaste,"6,356",2021,20210417
M02728,Bushwick,cost,Mosaic,"4,308",2011,20111010
M03601,LIC,banksy,acrylic,"6,387",2018,20180515
M03724,Bronx,cost,Spray Paint,"3,490",2007,20071009
M03389,Chelsea, BANKSY ,wheatpaste,"4,824",2019,20190618
M02774,BUSHWICK,shepard fairey,Acrylic,"5,782",2022,20221217
M04122,williamsburg,Shepard Fairey,Aerosol,"7,668",2015,20151213
M03463,SoHo, BANKSY ,Spray Paint,"1,047",2013,20130310
M03561,chelsea ,banksy,Mosaic,"3,908",2013,20130525
M01003,SoHo,Shepard Fairey,aerosol,218,2019,20191213
M00362,SoHo,banksy,spraypaint,"1,087",2010,20101005
M03318,Chelsea,futura,mosaic,"5,524",,20160616
M02888,Lower East Side,KAWS,Wheatpaste,"3,170",2005,20050116
M04199,Lower East Side,KAWS,mosaic,,,20230912
M03807,williamsburg,jane q. public,Aerosol,"6,150",2014,20140509
M04215,soho,Lady Pink,wheatpaste,"2,781",2010,20100901
M02291,Bushwick,jane q. public,Aerosol,"2,376",2015,20150415
M04572,BUSHWICK,KAWS,Wheatpaste,"6,721",2022,20221206
M02187,Long Island City,futura,Aerosol,"3,550",2099,20181006
M00966,LES,Faith47,spraypaint,"4,426",2010,20101208
M04739,BUSHWICK,COST,Acrylic,"6,902",2015,20150113
M02089,lower east side,Futura,spray paint,224,2007,20070504
M03528,SoHo,Shepard Fairey,Aerosol,"4,449",2015,20151107
M04479,SoHo,futura,Spray Paint,"6,701",2021,20210912
M00367,harlem,shepard fairey,Mosaic,"7,721",2018,20180123
M04038, Bushwick ,jane q. public,acrylic,"7,317",2013,20130310
M04127,lower east side,cost,Spray Paint,"4,856",2006,20060522
M02477,Bronx,Faith47,Aerosol,"4,482",2010,20100918
M03062,lower east side,futura,aerosol,"3,247",2015,20151209
M04076, Bushwick ,COST,Aerosol,"3,204",1776,20180927
M02296,BUSHWICK,kaws,Spray Paint,"5,639",2005,20050801
M04153, Bushwick ,Jane Q. Public,aerosol,"7,309",2009,20090705
M01325,Chelsea,Shepard Fairey,Aerosol,"6,637",2022,20220402
M03543,the bronx,Lady Pink,Acrylic,"4,608",2020,20201210
M00841,Harlem,banksy,aerosol,"7,767",2009,20091004
M03845,BUSHWICK,os gemeos,Mosaic,"4,040",2007,20071109
M02625,astoria,Futura,wheatpaste,"2,843",2018,20181222
M00474,williamsburg,Shepard Fairey,acrylic,"7,091",2019,20190212
M03885,astoria,Os Gemeos,spraypaint,"7,745",2021,20211201
M04246,LES,Os Gemeos,acrylic,"1,241",2006,20060505
M02014,lower east side,Shepard Fairey,spray paint,"5,312",2008,20080121
M00909, Bushwick ,Futura,aerosol,"1,938",2008,20080625
M00731,soho,cost,wheatpaste,"7,216",2018,20180922
M03126,LES,shepard fairey,acrylic,"1,461",2011,20111020
M01719,the bronx,Futura,Wheatpaste,"1,062",2018,20181207
M04513,Bushwick,shepard fairey,aerosol,"6,086",2015,20150515
M03206,the bronx,futura,acrylic,"1,159",2010,20100311
M01141,Chelsea,Lady Pink,spraypaint,247,2007,20070518
M02737,BUSHWICK,lady pink,spraypaint,-50,2008,20081008
M01850,bushwick,Faith47,mosaic,"2,754",2006,20060411
M01174,Bronx,Banksy,Mosaic,"6,736",,20100404
M03800,bushwick,os gemeos,aerosol,"1,559",2017,20170916
M01198,Long Island City,jane q. public,Mosaic,"1,522",2011,20111211
M03211,LES,banksy,aerosol,"5,261",,20100219
M00347,Chelsea,COST,spray paint,"4,510",2009,20091221
M04094,astoria,kaws,Acrylic,"6,106",2019,20190820
M01674,Long Island City,Jane Q. Public,spraypaint,"3,335",2012,20120321
M02869,harlem,,Spray Paint,"2,596",2005,20051224
M00287,Bronx,Futura,spray paint,"2,296",,20170623
M03110,Long Island City,,acrylic,"1,639",2007,20070527
M02308,Long Island City,faith47,wheatpaste,"6,395",2010,20101011
M01949,harlem,Banksy,mosaic,"3,383",2018,20181013
M04756,Bronx,Os Gemeos,Spray Paint,"3,554",2009,20091226
M00660,SoHo,futura,acrylic,"7,234",2021,20211111
M01440,chelsea , BANKSY ,wheatpaste,"6,705",2011,20110413
M00622,bushwick,KAWS,Aerosol,104,2018,20181219
M02314,soho,,Aerosol,"2,959",2006,20060107
M04247,LES,Faith47,Mosaic,"7,751",2017,20170509
M02315,Lower East Side,KAWS,Aerosol,"5,874",2006,20060712
M03430,Bronx,Futura,wheatpaste,"5,074",2016,20160609
M04785,the bronx,Jane Q. Public,Mosaic,,2009,20091118
M03264,LIC,lady pink,Acrylic,999999,2008,20080920
M03976,Long Island City,lady pink,mosaic,689,2018,20180209
M04854,astoria,Jane Q. Public,Mosaic,,2008,20081013
M04577, Bushwick ,kaws,mosaic,"6,752",2013,20130801
M04103,BUSHWICK,jane q. public,Wheatpaste,"4,557",2005,20051123
M02949,Bushwick,,Aerosol,"1,366",2006,20060626
M01821,Lower East Side,Jane Q. Public,Spray Paint,"2,166",2009,20091026
M01301,lower east side,os gemeos,Aerosol,"2,055",2018,20180110
M04546,LIC,jane q. public,Acrylic,"2,504",2005,20050719
M02219, Bushwick ,Lady Pink,Acrylic,"1,076",2015,20150428
M03174,chelsea ,Faith47,spray paint,"3,028",2018,20180919
M00378,Bronx,cost,wheatpaste,"4,244",2022,20221215
M02284,BUSHWICK,,spray paint,"7,080",2006,20060912
M02640,soho,,Aerosol,"7,831",2016,20161203
M01745,SoHo,lady pink,spray paint,"7,931",2011,20110316
M00152,Bronx,shepard fairey,acrylic,"6,704",2023,20230316
M03678,LIC,kaws,Aerosol,"6,684",2012,20120602
M04755,chelsea ,Banksy,wheatpaste,576,2015,20150315
M01060,BUSHWICK,Shepard Fairey,spraypaint,870,2015,20150504
M02200,williamsburg,lady pink,Aerosol,"4,398",2019,20190115
M00433,astoria,futura,spray paint,,2006,20060426
M03624,LIC,Faith47,Mosaic,73,2006,20060714
M03584,SoHo,banksy,Mosaic,999999,2022,20221116
M03563,Bronx, BANKSY ,wheatpaste,"4,641",2008,20080901
M04850,Lower East Side,cost,aerosol,278,2010,20100206
M00585,Williamsburg,Jane Q. Public,aerosol,"6,648",2023,20231208
M04195,Long Island City,shepard fairey,Aerosol,"4,673",2010,20100308
M00431,Lower East Side,Faith47,spray paint,"5,654",2007,20071005
M02744,lower east side,Os Gemeos,wheatpaste,"5,783",2008,20081213
M00821,Long Island City,lady pink,Mosaic,"1,324",2007,20070324
M01868,soho,futura,Spray Paint,"2,103",,20050308
M03280,Chelsea,futura,Aerosol,"2,668",2017,20170214
M01464,LIC,Faith47,mosaic,"3,931",2006,20060704
M03749,Long Island City,shepard fairey,aerosol,"1,040",2023,20230606
M04530,the bronx,Lady Pink,wheatpaste,"2,487",2008,20080302
M02940,harlem,os gemeos,Spray Paint,,2016,20161214
M01235,Chelsea,COST,Acrylic,"5,526",2009,20090422
M00988,Bushwick,COST,spraypaint,"2,874",2011,20110413
M00300,harlem,Futura,mosaic,"4,619",2010,20101103
M03294,astoria,Jane Q. Public,Mosaic,"3,900",2009,20090127
M02091,the bronx,Lady Pink,aerosol,"6,628",2020,20200814
M01470,chelsea ,shepard fairey,Wheatpaste,"2,073",2010,20100424
M02551,astoria,Futura,wheatpaste,"7,091",2017,20170525
M00243,Harlem, BANKSY ,Acrylic,"5,789",2022,20220210
M00304,Astoria,Jane Q. Public,Wheatpaste,"1,421",2010,20100205
M00956,Lower East Side,Os Gemeos,Acrylic,"6,065",2007,20070114
M00716,williamsburg,os gemeos,mosaic,"2,103",2015,20151125
M01834,Harlem,Lady Pink,acrylic,"5,810",2012,20120328
M02262,Bushwick,futura,spraypaint,"4,498",2014,20140928
M03711,SoHo,shepard fairey,Aerosol,"3,318",2018,20180618
M02832,Lower East Side,,Spray Paint,"3,507",2015,20150915
M01933,astoria,Jane Q. Public,spray paint,"2,583",2019,20190516
M00406,williamsburg,Faith47,mosaic,"6,063",2021,20210722
M00945,Bronx,futura,Acrylic,"6,369",2010,20100214
M00246,the bronx,Jane Q. Public,Aerosol,"1,407",2013,20130111
M04654, Bushwick ,kaws,spraypaint,"4,863",2005,20050427
M01792, Bushwick ,cost,spray paint,"1,495",,20191110
M04108,SoHo,lady pink,mosaic,"6,619",2008,20080504
M02696,harlem,COST,acrylic,"1,815",2017,20170606
M04292,soho,jane q. public,acrylic,"7,629",2006,20061021
M01364,astoria,os gemeos,Wheatpaste,"7,289",2017,20170113
M04467,Astoria,Jane Q. Public,mosaic,"3,208",2007,20071207
M00671,Lower East Side,faith47,spray paint,"6,659",2015,20150808
M04745,the bronx,cost,Aerosol,809,2016,20160211
M02431,Long Island City,faith47,Aerosol,"3,817",2013,20130421
M03958,Bronx,Lady Pink,mosaic,"6,139",2022,20220117
M02542, Bushwick ,kaws,acrylic,"7,482",2022,20221225
M03637,soho,shepard fairey,aerosol,"1,100",2017,20170805
M01163,Bushwick, BANKSY ,Spray Paint,"2,030",2016,20160425
M04814,Astoria,shepard fairey,Aerosol,"5,523",2010,20100306
M04646,lower east side,futura,wheatpaste,"3,930",2017,20170622
M00655,BUSHWICK,KAWS,Mosaic,"4,206",2017,20170615
M03199,harlem,faith47,Wheatpaste,"2,372",2019,20190925
M04841,LIC,KAWS,Mosaic,"2,386",2006,20060409
M02365,astoria,banksy,Spray Paint,865,2019,20191128
M03941,chelsea ,banksy,Mosaic,"2,104",2006,20061004
M01001,chelsea ,kaws,Mosaic,"4,275",2010,20100612
M00995,williamsburg,Lady Pink,Spray Paint,"3,859",,20070203
M02609,LES,Futura,Mosaic,948,2013,20130516
M04377,soho,lady pink,mosaic,612,2023,20230304
M04796,LIC,cost,Spray Paint,"2,854",2011,20110508
M00530,Chelsea,KAWS,Wheatpaste,486,2016,20160216
M00633,LES,shepard fairey,Wheatpaste,"3,494",2009,20090715
M02228,Bushwick,Futura,Mosaic,669,2017,20171114
M02874,bushwick,KAWS,acrylic,,2016,20161114
M00172,LIC,Banksy,Aerosol,"3,182",2013,20131219
M02197,Bushwick,shepard fairey,acrylic,"2,605",2005,20050812
M03788,chelsea ,Os Gemeos,wheatpaste,"6,029",2015,20150725
M01871,williamsburg,Lady Pink,spraypaint,"6,080",2023,20230418
M02809,BUSHWICK,,spray paint,953,2009,20091010
M00934,harlem,Shepard Fairey,spraypaint,"5,039",2007,20070509
M00466, Bushwick ,faith47,spraypaint,"4,136",2015,20150910
M01045,bushwick,lady pink,mosaic,"7,516",2005,20050908
M04132,williamsburg,COST,wheatpaste,623,2007,20070206
M00673,bushwick,Os Gemeos,Wheatpaste,547,2019,20190703
M04081,BUSHWICK,banksy,spray paint,"6,494",2023,20231228
M04544,Bushwick,Shepard Fairey,aerosol,"2,891",2005,20051209
M01173,LIC,faith47,Mosaic,"1,203",2017,20170326
M00940,LIC,shepard fairey,wheatpaste,"1,269",2007,20070419
M02057,BUSHWICK,faith47,wheatpaste,"6,383",2010,20100712
M02075,Williamsburg,Lady Pink,spray paint,"5,859",2007,20070521
M03309,lower east side,banksy,mosaic,"6,915",2006,20061224
M00796,williamsburg,,aerosol,654,2021,20210720
M00710,astoria,KAWS,aerosol,131,2009,20091202
M04760,Astoria,Jane Q. Public,wheatpaste,"2,559",2022,20220825
M00519,astoria,lady pink,wheatpaste,"3,116",2007,20070705
M03748,Lower East Side,KAWS,Mosaic,"5,639",2005,20051128
M00027,Bronx,futura,Acrylic,"2,271",2011,20111128
M01075,Bushwick,cost,acrylic,"3,596",2014,20141121
M04890,Harlem,jane q. public,Wheatpaste,"6,075",2017,20170307
M03690,SoHo,futura,aerosol,"3,502",2012,20121212
M04307,astoria,Jane Q. Public,mosaic,"2,145",2015,20151210
M03579,LES,banksy,spraypaint,"7,972",2017,20170728
M04295,BUSHWICK, BANKSY ,Acrylic,"4,624",2006,20060104
M03671,Bronx,kaws,Wheatpaste,512,2006,20061127
M02160,lower east side,Shepard Fairey,Spray Paint,"3,887",2018,20181021
M02163,Bushwick,Banksy,acrylic,"5,729",2007,20070420
M03668,Harlem,Banksy,mosaic,"3,465",2017,20170808
M03456,soho,Os Gemeos,spraypaint,"2,638",2008,20081209
M04217,harlem,KAWS,wheatpaste,"2,621",2009,20090512
M03202,astoria,Shepard Fairey,spray paint,"2,458",2021,20210614
M00658,lower east side,futura,Wheatpaste,"5,125",1776,20180809
M00689,LES,jane q. public,Acrylic,"7,703",2013,20130210
M01841,astoria,kaws,Aerosol,"7,550",2023,20230806
M04254,Lower East Side,Banksy,Acrylic,"4,590",2019,20190304
M00391,astoria,shepard fairey,acrylic,"4,757",2022,20220611
M01308,Harlem,futura,wheatpaste,"6,775",2021,20211117
M04574,the bronx,cost,Wheatpaste,"1,945",2023,20230510
M01122,Harlem,Lady Pink,Acrylic,"4,693",2007,20071016
M03879,LIC,faith47,Aerosol,"3,819",2016,20160910
M01833,LES,Shepard Fairey,mosaic,"6,084",2019,20191015
M02346,SoHo,Jane Q. Public,acrylic,-50,2012,20120120
M00827,LIC,Futura,aerosol,"7,019",2010,20101103
M01352,Lower East Side,,Wheatpaste,"6,842",2015,20151027
M03045,williamsburg,Shepard Fairey,Mosaic,"7,544",2009,20091010
M01227,Williamsburg,os gemeos,Acrylic,851,2022,20220205
M04055,Astoria,faith47,spray paint,665,2010,20100421
M01677,Williamsburg,COST,Acrylic,"6,829",2007,20071104
M03150,Lower East Side,faith47,acrylic,774,2007,20070719
M03980,BUSHWICK,kaws,aerosol,"1,963",2008,20081024
M03129,soho,cost,spraypaint,"1,189",2014,20140818
M02559,Bushwick,faith47,Aerosol,"1,825",2010,20101217
M00800,Chelsea,futura,spray paint,509,2005,20050506
M02116,soho,,wheatpaste,"5,901",2013,20131212
M02446,Lower East Side,Futura,Aerosol,"3,781",2021,20210116
M01886,the bronx,Faith47,Spray Paint,"3,868",2017,20170212
M01790,BUSHWICK, BANKSY ,mosaic,"1,479",2009,20091114
M02238,Astoria,cost,Acrylic,"5,169",2016,20160220
M01375,Williamsburg,Futura,Acrylic,"4,299",,20150621
M00687,Bronx,COST,Acrylic,"3,219",2021,20210311
M03546,lower east side,jane q. public,spraypaint,"6,936",2014,20140423
M02983,the bronx,,Acrylic,,2011,20111111
M04889, Bushwick ,jane q. public,mosaic,"6,896",2007,20071108
M04818,bushwick,COST,Wheatpaste,"5,634",2011,20110928
M03498,Bushwick,faith47,aerosol,"5,927",2007,20071011
M02803,Bushwick,futura,mosaic,"4,620",2021,20210421
M00298,Lower East Side,kaws,aerosol,"2,461",2018,20181023
M03286,lower east side,,aerosol,"4,874",2018,20180218
M03990,LIC,kaws,spraypaint,"7,939",1776,20180124
M04537,the bronx,faith47,acrylic,"2,990",2022,20220708
M00432,Williamsburg,Shepard Fairey,wheatpaste,226,2022,20220518
M01751,Bushwick,Shepard Fairey,acrylic,"6,162",2021,20210710
M01269,Bushwick,Futura,aerosol,"5,626",2023,20231025
M01258,LES,,Aerosol,338,2016,20160713
M04715,Long Island City,Futura,mosaic,"5,317",2006,20060727
M02742,williamsburg,lady pink,spray paint,"5,513",2012,20121008
M00890,Bronx,Lady Pink,Aerosol,"5,655",,20090922
M02710,Bushwick,os gemeos,mosaic,"7,936",2016,20161201
M03457,Bronx,jane q. public,Spray Paint,"7,304",2018,20181107
M02665,lower east side,Jane Q. Public,Acrylic,"4,496",2014,20140203
M02474,Bushwick,cost,spray paint,"6,580",2009,20090621
M01811,Harlem,Os Gemeos,Acrylic,"1,103",2023,20230816
M01771,Chelsea,jane q. public,Wheatpaste,"4,137",2014,20141208
M01346,Bronx,KAWS,acrylic,"7,537",2005,20051106
M03386,lower east side,os gemeos,wheatpaste,"6,217",2014,20140115
M02996,BUSHWICK,COST,Spray Paint,"5,860",2013,20130711
M04517,Harlem, BANKSY ,aerosol,"7,048",2017,20170401
M02034,harlem,os gemeos,spraypaint,"2,607",2012,20120105
M04207,williamsburg, BANKSY ,wheatpaste,"1,490",2016,20160706
M01641,Williamsburg,shepard fairey,Mosaic,-50,2022,20221011
M00831,chelsea ,os gemeos,Spray Paint,"5,861",2013,20130821
M02855,Bushwick,cost,wheatpaste,"3,621",2009,20090321
M01849,bushwick,COST,Spray Paint,"1,325",2011,20110308
M02921,williamsburg,Faith47,wheatpaste,"3,097",2022,20220606
M03753,soho,KAWS,Wheatpaste,993,2012,20120807
M00144,Astoria,Shepard Fairey,Acrylic,"4,559",2007,20071224
M02241,bushwick,Lady Pink,acrylic,"1,523",2009,20091004
M03953,Bushwick,os gemeos,acrylic,"7,640",2010,20100113
M03474,the bronx,shepard fairey,Spray Paint,214,2016,20161005
M01487, Bushwick ,KAWS,Acrylic,999999,2010,20100511
M00784,Long Island City,faith47,Mosaic,"1,073",2021,20210122
M02895,astoria,kaws,Wheatpaste,"1,024",2016,20161227
M03251,BUSHWICK,Os Gemeos,acrylic,"3,681",2022,20221107
M04616,soho,banksy,spraypaint,"6,918",2018,20180404
M02215,harlem,KAWS,spraypaint,"3,065",2012,20121105
M03042,LES,Futura,mosaic,"4,724",2011,20110222
M03512,LES,Os Gemeos,Mosaic,"3,894",2007,20070322
M00259,LIC,cost,mosaic,"1,185",2006,20060307
M02136,astoria,Futura,aerosol,806,2022,20220325
M00579,astoria,lady pink,mosaic,"7,025",2018,20180117
M00933,Astoria,KAWS,aerosol,"1,504",2005,20050616
M02123,LIC,shepard fairey,Aerosol,"1,048",2023,20230727
M02919,Harlem,Os Gemeos,aerosol,"2,804",2007,20070609
M00047,bushwick,jane q. public,spraypaint,"7,469",2023,20230705
M03739,the bronx,banksy,Wheatpaste,"7,854",2005,20050511
M01517,chelsea ,kaws,Mosaic,"4,155",2013,20131019
M02420,lower east side,banksy,Aerosol,"3,303",2020,20201203
M01411,Lower East Side,Banksy,wheatpaste,"5,330",2013,20130911
M04184,astoria, BANKSY ,Aerosol,"5,104",2010,20100226
M03106, Bushwick ,kaws,spray paint,"3,763",2019,20190906
M00921,Harlem,COST,mosaic,"5,737",2018,20180220
M02127, Bushwick ,os gemeos,spray paint,"3,421",2007,20070417
M02779,LIC,Lady Pink,Wheatpaste,"3,133",2009,20090304
M00798,LIC,futura,spray paint,413,2014,20140505
M00670,BUSHWICK,faith47,Aerosol,"6,081",2018,20180406
M00285,chelsea ,os gemeos,wheatpaste,"7,553",2023,20230705
M04196,Harlem,Banksy,Wheatpaste,"2,866",2013,20131021
M01514,soho,Shepard Fairey,Acrylic,"7,111",2008,20080715
M02453,lower east side,Shepard Fairey,Spray Paint,"7,203",2015,20150612
M01998,chelsea ,Banksy,mosaic,156,2020,20201009
M01881,bushwick,KAWS,wheatpaste,"2,980",2022,20220314
M03278,LIC,cost,spray paint,"4,208",2010,20101003
M03431,the bronx,Jane Q. Public,spray paint,"2,170",2015,20151113
M03257,SoHo,kaws,wheatpaste,"5,603",2020,20200420
M00892,chelsea ,lady pink,Mosaic,"6,472",2022,20220505
M03227,Harlem,COST,Mosaic,"4,012",2018,20180524
M04304,Long Island City,banksy,Aerosol,"4,220",2022,20221002
M04454,harlem,faith47,aerosol,"3,738",2017,20170510
M04125,Long Island City,futura,Acrylic,"6,558",2005,20050309
M00727, Bushwick ,Jane Q. Public,spray paint,"7,990",2017,20171003
M01713,BUSHWICK,Lady Pink,Spray Paint,"5,786",1776,20180322
M04437,bushwick,,Acrylic,"2,660",2022,20220124
M01280,soho,os gemeos,Spray Paint,341,2023,20230805
M02553,lower east side,banksy,acrylic,"5,643",2013,20130228
M04562,Chelsea,Jane Q. Public,mosaic,999999,2005,20050827
M04900,astoria,faith47,Spray Paint,"6,255",2011,20111022
M01556,Williamsburg, BANKSY ,Wheatpaste,"2,621",2013,20130301
M04075,BUSHWICK,faith47,spray paint,223,2016,20160501
M04080,Astoria,faith47,spraypaint,"7,982",2013,20130724
M03194, Bushwick ,os gemeos,Mosaic,"3,384",2019,20190906
M04704,Bushwick,kaws,wheatpaste,"4,667",,20061005
M02029,BUSHWICK,Lady Pink,spraypaint,"7,604",2008,20080601
M04898,Bronx,COST,Mosaic,"5,310",2013,20130201
M02583,Bronx,cost,Aerosol,-50,2011,20111113
M02407, Bushwick ,Futura,mosaic,"6,256",2007,20070825
M02537, Bushwick ,kaws,Mosaic,89,2005,20050720
M01802, Bushwick ,Banksy,mosaic,"2,311",2018,20180709
M00936,harlem,banksy,wheatpaste,"2,162",2005,20050618
M02631,BUSHWICK,shepard fairey,acrylic,"7,080",2023,20230424
M04441,BUSHWICK,,acrylic,"2,260",2007,20070609
M03930,LES,lady pink,aerosol,"5,608",2010,20101213
M00581,Bronx,Faith47,acrylic,"4,965",2012,20120426
M02492,chelsea ,kaws,Acrylic,"3,651",2021,20210913
M03075,Williamsburg,lady pink,wheatpaste,"1,209",2011,20110522
M04160,Lower East Side,kaws,Aerosol,"5,687",2006,20061021
M02776,williamsburg,Os Gemeos,spraypaint,"4,062",2023,20230407
M03335,BUSHWICK,jane q. public,Acrylic,"5,807",2023,20230821
M01547,BUSHWICK,Faith47,Acrylic,"6,891",2021,20210426
M04783,lower east side,Banksy,spraypaint,"6,079",2022,20220611
M03404,Chelsea,cost,aerosol,"5,357",2021,20210426
M03094,Bushwick,KAWS,acrylic,"2,534",2008,20080123
M03301,astoria,Shepard Fairey,wheatpaste,326,2010,20100603
M01625,LES,KAWS,acrylic,"5,532",2017,20170615
M04449,Harlem,futura,Wheatpaste,"1,354",2016,20160927
M01966,Long Island City,lady pink,spraypaint,"4,657",2005,20050407
M03370,Astoria,os gemeos,spraypaint,"3,678",2023,20230819
M02572, Bushwick ,Shepard Fairey,spraypaint,"4,824",2013,20130720
M00795,lower east side,banksy,aerosol,"6,518",2013,20130119
M01027,Bushwick,Jane Q. Public,Mosaic,"5,565",2009,20090619
M04696,Lower East Side,banksy,Mosaic,"2,277",2005,20051124
M00270,chelsea ,COST,aerosol,"3,618",2020,20200923
M02941,LES,Lady Pink,spraypaint,"4,781",2013,20130524
M02083,Lower East Side,Futura,Spray Paint,"2,083",2008,20080223
M03056,soho,KAWS,Spray Paint,"3,624",2016,20160610
M02472,Bronx,Futura,spray paint,265,2007,20071010
M04531,BUSHWICK,KAWS,Spray Paint,"4,281",2011,20110219
M04651,Bushwick,Os Gemeos,Spray Paint,687,2007,20070815
M03921,lower east side,Shepard Fairey,acrylic,"5,899",2007,20071217
M04869,SoHo,KAWS,Wheatpaste,"3,108",2007,20070202
M01853,Long Island City,cost,mosaic,"6,205",2010,20100625
M01538,Bushwick,COST,acrylic,,1776,20180328
M00387,harlem,Os Gemeos,Aerosol,"3,321",2010,20101108
M01089,Williamsburg,shepard fairey,wheatpaste,"1,200",2012,20121212
M02304,Bushwick,Faith47,spraypaint,"3,757",2021,20210528
M01760,bushwick,faith47,spray paint,"3,392",2023,20230820
M01232,Long Island City,KAWS,Wheatpaste,"3,889",2017,20171023
M00101, Bushwick ,KAWS,mosaic,831,2016,20161018
M02502,harlem,Os Gemeos,acrylic,"5,028",2006,20060921
M00275,SoHo,Banksy,mosaic,"6,251",2010,20100110
M00370,Astoria,cost,aerosol,"2,117",2022,20220522
M01313,Harlem,futura,acrylic,"1,049",2015,20150922
M00676,harlem,jane q. public,spraypaint,"7,448",2021,20211220
M01495,harlem,Jane Q. Public,mosaic,546,2022,20220707
M01333, Bushwick , BANKSY ,wheatpaste,"6,362",2011,20110915
M01151,Williamsburg,jane q. public,aerosol,"1,316",2023,20230711
M02745,the bronx,Jane Q. Public,spray paint,292,2007,20070426
M04023,Harlem,jane q. public,aerosol,"2,650",2017,20170728
M04048,LES,Faith47,spraypaint,,2014,20140413
M04325,soho,Lady Pink,Wheatpaste,"4,042",2009,20090826
M02782,Harlem,Os Gemeos,spraypaint,"3,324",2017,20170608
M00078,BUSHWICK,cost,Wheatpaste,"3,398",2009,20090511
M03907,soho,Shepard Fairey,spraypaint,"5,728",2018,20180823
M01800,Chelsea,Shepard Fairey,aerosol,"6,602",2007,20071220
M04728,Long Island City,KAWS,aerosol,"1,802",2014,20140623
M04032,astoria,,Aerosol,"1,980",2014,20141102
M02088,LES,,Mosaic,"3,712",,20070325
M04243,bushwick,Futura,mosaic,"5,510",2017,20170225
M01885,LES,jane q. public,Wheatpaste,"2,185",2019,20190218
M01577,Chelsea,lady pink,Spray Paint,"6,373",2012,20121220
M00061,Williamsburg,banksy,spraypaint,"3,953",2007,20071122
M03241,Long Island City,,Aerosol,"3,268",2009,20090423
M02143,bushwick,shepard fairey,Wheatpaste,674,2015,20150626
M03654,Long Island City,Faith47,Wheatpaste,"6,615",2005,20050914
M03665,LIC,COST,Mosaic,"1,558",2016,20160515
M01491,lower east side,cost,Wheatpaste,"3,429",2008,20081006
M01510,Harlem,jane q. public,Mosaic,"4,441",2020,20200215
M00216,LIC,Banksy,mosaic,"5,954",2015,20151204
M02758,Long Island City,Banksy,mosaic,"1,671",2011,20110614
M01812,Chelsea,Banksy,Wheatpaste,"7,235",2008,20080518
M02724,harlem,jane q. public,Aerosol,"3,721",2023,20230908
M01322,chelsea , BANKSY ,Spray Paint,"2,015",2020,20200123
M01359,soho,banksy,Spray Paint,"7,267",2011,20110605
M01588,soho,COST,spray paint,"1,955",2009,20090712
M04176,SoHo,os gemeos,wheatpaste,"3,065",2018,20180617
M04262,Astoria,KAWS,wheatpaste,"4,020",2009,20090616
M03436,bushwick,Os Gemeos,Aerosol,"4,409",2022,20221106
M04273,williamsburg,lady pink,acrylic,"1,730",2012,20120506
M02552,LIC,kaws,wheatpaste,"7,384",2005,20050520
M01029,LES,futura,mosaic,"1,343",2017,20170414
M04851, Bushwick ,Lady Pink,mosaic,954,2020,20200706
M04633,Astoria,jane q. public,Acrylic,"2,739",2015,20150712
M02115, Bushwick ,faith47,Mosaic,"4,985",2006,20061021
M01727,LIC,Shepard Fairey,mosaic,"4,272",2019,20190912
M02766,Lower East Side,Futura,Aerosol,"3,856",2022,20220602
M01953,LES,lady pink,acrylic,"5,275",2016,20160606
M03770,LES,kaws,spraypaint,"5,738",2008,20080422
M01728,astoria,jane q. public,wheatpaste,"7,785",2008,20080303
M01518, Bushwick ,os gemeos,acrylic,"6,301",2006,20060819
M02209,Lower East Side, BANKSY ,Wheatpaste,"3,772",2019,20190328
M02834,LES,COST,mosaic,376,2015,20150720
M03641,LIC,COST,Spray Paint,"6,831",2013,20130613
M02718,Harlem,Banksy,acrylic,"4,793",2005,20050724
M01369,williamsburg,futura,wheatpaste,571,2014,20141215
M02099,harlem,Banksy,Wheatpaste,224,2016,20161123
M04251,Bushwick,Lady Pink,mosaic,"3,655",2016,20160504
M00159,chelsea ,Futura,spray paint,"5,194",2020,20201019
M04896,bushwick,os gemeos,Spray Paint,999999,2014,20140812
M04014,LES,COST,Mosaic,"2,639",2019,20190505
M01638,Astoria,Jane Q. Public,Wheatpaste,"5,125",2023,20230610
M04764,Lower East Side,Faith47,Aerosol,"6,503",2014,20141113
M02267,chelsea ,Lady Pink,spraypaint,"3,171",2018,20180720
M01709,Lower East Side,os gemeos,Spray Paint,"7,432",2016,20160705
M03407,Chelsea,futura,Acrylic,325,2011,20110901
M00122,williamsburg,cost,spraypaint,"4,461",2021,20211005
M01576,Chelsea,Os Gemeos,Mosaic,708,2015,20150806
M04561,harlem,Banksy,Spray Paint,"1,359",2020,20200223
M00064,harlem,jane q. public,Spray Paint,61,2020,20201210
M00536,SoHo,os gemeos,acrylic,"7,451",2009,20090619
M01178,Astoria,jane q. public,mosaic,"3,098",2009,20090201
M02435,Long Island City,COST,Aerosol,"7,240",2017,20170305
M04005,astoria,os gemeos,spraypaint,"4,873",2017,20171105
M03605,LIC,Lady Pink,Acrylic,"5,162",2018,20180922
M03323,astoria,Banksy,Spray Paint,"6,422",,20100317
M00314,LIC,os gemeos,Wheatpaste,"2,990",2015,20150101
M01007,Bushwick,KAWS,mosaic,"1,552",2011,20110322
M02875,harlem,lady pink,spraypaint,662,2010,20100715
M02221,the bronx,os gemeos,wheatpaste,"2,679",2019,20190112
M02085,chelsea , BANKSY ,acrylic,"6,098",1776,20180516
M02325,Long Island City,jane q. public,Mosaic,"1,530",2018,20180809
M01573,harlem,COST,spraypaint,"7,330",1776,20180226
M03676,BUSHWICK,jane q. public,spraypaint,-50,2011,20110413
M04706,soho,,spraypaint,,2013,20130108
M02751,lower east side,banksy,Spray Paint,"2,396",2017,20170607
M01037,bushwick,Faith47,Mosaic,"5,905",2022,20221202
M03973,astoria,shepard fairey,Acrylic,"1,735",2016,20160212
M03554,Harlem,Os Gemeos,acrylic,"3,734",2005,20050106
M03470,soho,futura,Wheatpaste,"1,903",2013,20131128
M00446,soho,banksy,aerosol,"2,052",2017,20170717
M04539, Bushwick ,faith47,Wheatpaste,"7,309",2008,20081128
M00785, Bushwick ,Futura,Aerosol,"4,020",2018,20180906
M01062,astoria,faith47,mosaic,"6,735",2005,20051223
M00048,Bushwick, BANKSY ,acrylic,"2,804",2017,20170709
M03104,LIC,Banksy,Acrylic,"1,946",2021,20210802
M03961,Williamsburg,Lady Pink,mosaic,"6,356",2009,20091101
M03634,Bushwick,futura,aerosol,"6,506",2010,20100213
M01324,BUSHWICK,jane q. public,aerosol,-50,2023,20231119
M01083,Astoria,os gemeos,mosaic,"5,441",2019,20191009
M03955,LIC,kaws,aerosol,"3,217",2005,20051008
M00444,Long Island City,cost,spray paint,"3,638",2020,20200414
M02469,Lower East Side,,mosaic,143,2009,20090627
M04389,the bronx,KAWS,acrylic,"1,539",2099,20180108
M02698,Bronx,KAWS,aerosol,"1,256",2017,20170311
M02270,Astoria,shepard fairey,Mosaic,"4,453",2012,20120224
M04244,Williamsburg,Banksy,wheatpaste,"2,139",2017,20171011
M02841,LIC,COST,Spray Paint,"5,606",2016,20160527
M02050, Bushwick ,os gemeos,spray paint,"3,975",2015,20151019
M04358,soho,lady pink,aerosol,"7,154",2011,20110601
M03610,Chelsea,Jane Q. Public,mosaic,"6,756",2013,20130409
M00185,lower east side,os gemeos,Aerosol,"2,861",2017,20170714
M01096,lower east side,futura,spray paint,"1,062",2019,20191211
M03839,LIC,Faith47,Mosaic,,2016,20161117
M00069,lower east side,Faith47,Wheatpaste,"3,385",2008,20081216
M04529,soho,shepard fairey,Spray Paint,"3,804",2005,20050113
M02306,BUSHWICK,Os Gemeos,aerosol,"7,080",2014,20140810
M01917,williamsburg,shepard fairey,Mosaic,"5,500",2009,20090320
M02729,BUSHWICK, BANKSY ,Mosaic,"3,947",2019,20191004
M02422,Bushwick,lady pink,aerosol,"3,302",2022,20221218
M00723,LIC,kaws,acrylic,"1,384",2012,20120510
M04762,lower east side,,Spray Paint,"6,357",2012,20121222
M00907,Long Island City,cost,acrylic,"2,320",2014,20141116
M04492,bushwick, BANKSY ,Wheatpaste,"5,646",2011,20110816
M03351,Bronx,banksy,Wheatpaste,"4,050",2005,20050224
M01572,the bronx,COST,mosaic,"2,008",2010,20100315
M02212,bushwick,Faith47,mosaic,"6,954",2015,20150802
M01065, Bushwick , BANKSY ,Acrylic,"4,453",2023,20230219
M03151,BUSHWICK,Faith47,Mosaic,"5,833",2020,20200320
M04560,Bushwick,shepard fairey,aerosol,"4,264",2021,20211221
M00898,chelsea ,Os Gemeos,Aerosol,"6,914",2006,20060211
M03956,Lower East Side,COST,aerosol,"5,726",2011,20110504
M02083,Lower East Side,Futura,Spray Paint,"2,083",2008,20080223
M03374,Astoria,Futura,Mosaic,"2,637",2022,20220824
M03683,LIC, BANKSY ,Mosaic,"7,881",2018,20180510
M00052,Astoria,faith47,spray paint,"4,676",2016,20160217
M02280,Bronx,kaws,aerosol,"2,319",2005,20050728
M02802,harlem,Banksy,mosaic,"7,471",2015,20150309
M00176,BUSHWICK,kaws,acrylic,"4,436",2015,20151107
M02932,Bushwick,Faith47,spray paint,"7,127",2009,20090606
M01934,Lower East Side,Shepard Fairey,Mosaic,"6,384",2007,20071227
M00847,SoHo,Faith47,Aerosol,"3,840",2017,20170417
M02097, Bushwick ,os gemeos,Acrylic,"5,135",2015,20150628
M01582,harlem,os gemeos,Spray Paint,"5,740",2009,20090628
M04093,Bronx,,acrylic,267,2016,20160324
M04730,LIC,KAWS,Mosaic,"4,531",2008,20081124
M00030,Long Island City,KAWS,Mosaic,"7,090",2016,20160212
M03632,Chelsea,COST,aerosol,"2,197",2018,20181219
M02395,SoHo, BANKSY ,Mosaic,"2,525",2013,20130111
M02942,Astoria,Os Gemeos,wheatpaste,"6,971",2006,20060610
M01218,the bronx,jane q. public,Spray Paint,"3,403",2009,20090117
M00780,Bronx,futura,aerosol,"4,253",2018,20180325
M02677,Long Island City,futura,Acrylic,"2,604",2018,20180314
M00874,Lower East Side,Shepard Fairey,Spray Paint,"8,000",2011,20110707
M04483,astoria,banksy,mosaic,372,2017,20170403
M00895,LES,shepard fairey,Wheatpaste,"3,119",2018,20181211
M01553,bushwick,faith47,Spray Paint,"1,537",2005,20050625
M02963,BUSHWICK,jane q. public,Wheatpaste,"4,271",2018,20180124
M02419,Bronx,Banksy,Spray Paint,"2,812",2009,20090324
M02466,LIC,banksy,Wheatpaste,"6,557",2017,20170217
M02618,williamsburg,Lady Pink,aerosol,"5,565",2022,20220226
M00164,soho,,spraypaint,"2,280",2023,20230727
M02866,Long Island City,banksy,Acrylic,430,2009,20090113
M01715,Lower East Side,COST,spraypaint,"4,579",2010,20101127
M04379,the bronx,banksy,spray paint,"4,840",2016,20160328
M04055,Astoria,faith47,spray paint,665,2010,20100421
M04403,astoria, BANKSY ,spray paint,"1,301",2009,20090318
M04640,bushwick,banksy,Spray Paint,578,2019,20190822
M00546,LIC,futura,Aerosol,"4,834",2022,20220105
M00133,astoria,,Spray Paint,"1,474",2019,20190326
M03727,Harlem,Shepard Fairey,Aerosol,"1,977",2012,20120912
M03165,LES,Faith47,wheatpaste,"6,319",2007,20071219
M04301,Williamsburg,futura,Wheatpaste,"5,100",1776,20180505
M00583,BUSHWICK,COST,Wheatpaste,203,2007,20070214
M00547,Bronx,Os Gemeos,Aerosol,"7,352",2010,20100401
M01717,soho,jane q. public,Acrylic,"2,245",2016,20160310
M03237,Williamsburg,Jane Q. Public,Wheatpaste,"4,518",2016,20160919
M02293,Long Island City,lady pink,spray paint,"1,676",2007,20070421
M00471,chelsea ,Lady Pink,wheatpaste,"1,105",2006,20060713
M00645,LES,os gemeos,Spray Paint,"4,968",2008,20080117
M02979,Chelsea,COST,aerosol,"7,122",2019,20191225
M03628,lower east side,Os Gemeos,Mosaic,"7,354",2011,20110406
M00669,Harlem,Banksy,Mosaic,"7,280",2006,20060811
M01675, Bushwick ,KAWS,mosaic,390,2007,20070901
M02059,Astoria,futura,Mosaic,"2,081",2023,20230825
M03357,Chelsea,faith47,wheatpaste,"4,990",2010,20100325
M02660,soho,Banksy,aerosol,"2,287",2008,20081014
M00504,LIC,cost,spray paint,"3,989",2022,20221110
M04618,Harlem,os gemeos,Mosaic,-50,2016,20161216
M04168,astoria,Futura,Spray Paint,156,,20080612
M02452,SoHo,Faith47,wheatpaste,"7,297",2005,20051223
M01662,Williamsburg,futura,Acrylic,"4,831",2015,20150523
M00293,Bushwick,Jane Q. Public,Acrylic,"6,428",2012,20120521
M01967,williamsburg,faith47,aerosol,"1,763",2017,20170905
M01483,Astoria,Futura,Wheatpaste,135,,20150619
M00987,Bushwick,COST,spraypaint,"4,631",2013,20130721
M01148,Chelsea,COST,acrylic,"2,055",2011,20111222
M02994, Bushwick ,os gemeos,acrylic,"1,459",2011,20110522
M03701,Chelsea,shepard fairey,spraypaint,999999,2005,20050608
M02787,the bronx,jane q. public,Mosaic,"7,029",2017,20170813
M04852,williamsburg,Lady Pink,Acrylic,"6,568",,20210822
M02019,LES,banksy,Aerosol,"5,101",2012,20120509
M03882, Bushwick ,KAWS,Acrylic,,2009,20090527
M00264,LES,Shepard Fairey,Acrylic,"2,255",2015,20150502
M00864,Chelsea,lady pink,Spray Paint,"2,674",2022,20220417
M04069,chelsea ,COST,aerosol,,2014,20141007
M01419,Lower East Side,KAWS,Wheatpaste,"4,076",2021,20211109
M02026,BUSHWICK,Lady Pink,Aerosol,"3,057",2014,20140408
M01074, Bushwick ,Jane Q. Public,Mosaic,"3,955",2008,20080726
M00011,williamsburg,futura,Acrylic,"6,191",2015,20150801
M04768,harlem,KAWS,spray paint,"3,878",2011,20111115
M00685,chelsea ,banksy,wheatpaste,"1,610",2016,20161108
M03666,bushwick,Faith47,Spray Paint,"6,151",2011,20110816
M02437,Astoria,Shepard Fairey,mosaic,971,2010,20100209
M00551,Williamsburg,,mosaic,"5,651",2013,20130218
M01028,Harlem,cost,aerosol,"1,962",2022,20220204
M04520,Astoria,cost,spray paint,380,2022,20221205
M03322,LIC,COST,mosaic,"3,890",2013,20131220
M01247,chelsea ,Shepard Fairey,spray paint,"2,933",2012,20120720
M02734,LIC,lady pink,Mosaic,"4,618",2007,20071004
M02022,SoHo,Faith47,Wheatpaste,"7,189",2019,20190308
M02177,Long Island City,Futura,spray paint,"1,844",2007,20070907
M02813,Bronx,Shepard Fairey,spray paint,"3,868",2017,20170725
M00087,harlem, BANKSY ,spraypaint,"3,987",2014,20140215
M03420,Williamsburg,COST,Aerosol,"2,135",2016,20161022
M03945,williamsburg,KAWS,Wheatpaste,163,2011,20111006
M03308, Bushwick ,banksy,Acrylic,"2,691",2023,20231117
M00791,SoHo,Futura,Wheatpaste,"2,993",2016,20161012
M00567,the bronx,Shepard Fairey,acrylic,666,2021,20210410
M03067,Chelsea,Shepard Fairey,spraypaint,"7,673",2015,20150704
M00398,soho, BANKSY ,acrylic,"4,660",2022,20220908
M03198,lower east side,kaws,aerosol,"1,200",2023,20230625
M00494,Chelsea,banksy,Spray Paint,137,2019,20190922
M04848,Harlem,cost,Spray Paint,"3,721",2023,20230122
M02137,Bushwick,cost,acrylic,"7,629",2013,20130716
M01382,Astoria,banksy,acrylic,"5,350",2014,20141211
M03326,LIC,Jane Q. Public,Mosaic,"6,904",2018,20181102
M03786,williamsburg,Jane Q. Public,aerosol,,2017,20170415
M00958,BUSHWICK,Banksy,Mosaic,"2,355",2007,20071207
M01752,williamsburg,Jane Q. Public,spray paint,-50,2008,20080927
M04154, Bushwick ,os gemeos,Wheatpaste,"7,418",2010,20101110
M03397,Williamsburg,jane q. public,acrylic,,2005,20051122
M01525,Lower East Side,os gemeos,aerosol,428,2013,20130921
M00649,soho,kaws,Wheatpaste,"5,532",2013,20131201
M00065,BUSHWICK,futura,spraypaint,"5,456",2011,20111105
M03738,chelsea ,jane q. public,spraypaint,"4,813",2020,20200505
M01033,the bronx,cost,Acrylic,"2,087",2020,20200124
M03592,chelsea ,faith47,Mosaic,"4,075",2006,20060603
M04119,astoria,COST,Spray Paint,519,2018,20180227
M00590,Astoria,Jane Q. Public,mosaic,"6,506",2007,20070824
M03998,Lower East Side,lady pink,Spray Paint,"5,511",2013,20131128
M00526,Lower East Side, BANKSY ,Mosaic,"1,555",2016,20160128
M00226,Harlem,Os Gemeos,aerosol,"2,478",2006,20060215
M04324,Bronx,Faith47,Wheatpaste,"5,696",2015,20150618
M04545,soho,shepard fairey,spraypaint,"4,276",2008,20081210
M03050,the bronx,COST,spray paint,"2,797",2011,20110422
M00708,Chelsea, BANKSY ,Spray Paint,127,2009,20090815
M00856,Long Island City,kaws,Wheatpaste,"2,608",2019,20190106
M03123,soho,Shepard Fairey,Wheatpaste,902,2013,20131011
M03289,astoria,Faith47,spraypaint,880,2011,20110728
M04270,bushwick,lady pink,Spray Paint,"6,801",2009,20090124
M04608,BUSHWICK,Shepard Fairey,mosaic,"1,393",2020,20200816
M01005,Williamsburg,kaws,spraypaint,"4,235",2014,20140907
M04465,LIC,Jane Q. Public,spray paint,830,,20160505
M02450,soho,faith47,Mosaic,468,2009,20091110
M00450,Williamsburg,kaws,Wheatpaste,"4,231",2010,20100311
M00356,Williamsburg,kaws,wheatpaste,"1,996",2010,20100306
M00794,BUSHWICK,Os Gemeos,Mosaic,"6,260",2022,20220821
M02981,the bronx,os gemeos,Mosaic,738,2015,20150618
M02893,Astoria,,Aerosol,"7,256",2008,20081125
M02844,chelsea ,Banksy,Aerosol,"7,990",2018,20181012
M00813,LIC,faith47,spraypaint,"2,928",2018,20181026
M00644,williamsburg,Shepard Fairey,spray paint,"1,099",2021,20210415
M03243,Astoria,Futura,Mosaic,"1,913",2006,20060714
M02596,the bronx,cost,Acrylic,"3,790",2006,20061024
M00194,Bronx,,Wheatpaste,"1,935",2009,20090602
M02567,Williamsburg,faith47,spray paint,999999,2013,20130619
M03769,Williamsburg,Shepard Fairey,Wheatpaste,"4,634",2018,20180424
M00173,LIC,Faith47,Spray Paint,"3,852",2017,20171225
M00938,LES,,spraypaint,"6,496",2018,20180520
M03358,chelsea , BANKSY ,spraypaint,"2,781",2021,20210116
M03830,Lower East Side,COST,Wheatpaste,191,2022,20220502
M04360,Lower East Side,Os Gemeos,spraypaint,"4,261",2020,20201106
M03345,Bronx,jane q. public,Wheatpaste,"6,256",2015,20150622
M01634,bushwick,,mosaic,"7,748",2011,20111202
M04293,Bushwick, BANKSY ,Acrylic,,2009,20090713
M04643,Chelsea,KAWS,spraypaint,-50,2016,20160203
M01040,Bushwick,shepard fairey,Aerosol,"3,729",2023,20230305
M02556,Bronx,shepard fairey,aerosol,"6,694",2023,20230615
M02199,bushwick,Faith47,mosaic,"5,696",2022,20221226
M00843, Bushwick ,shepard fairey,mosaic,"1,061",2019,20190914
M04322,chelsea ,Faith47,spraypaint,682,2013,20130724
M02628,soho, BANKSY ,spraypaint,"5,537",2012,20121028
M04180,astoria,COST,Aerosol,"1,341",2020,20200107
M04028,Bronx,KAWS,acrylic,"5,584",,20180421
M02006,Williamsburg,Banksy,Mosaic,"3,165",2015,20150919
M00234,soho,cost,Wheatpaste,"5,402",2007,20070302
M01795,BUSHWICK,os gemeos,Aerosol,"6,981",2017,20170705
M04009,harlem,futura,aerosol,"4,472",2019,20190510
M04670,SoHo,banksy,wheatpaste,"3,129",2011,20111228
M04541,harlem,Os Gemeos,spraypaint,"1,375",2005,20050118
M02829,williamsburg, BANKSY ,Acrylic,"6,847",2015,20150628
M00556, Bushwick ,Banksy,Spray Paint,"4,246",2020,20200210
M04807,astoria,Banksy,spraypaint,"2,679",2021,20210509
M03182,LES,Shepard Fairey,acrylic,138,2016,20161212
M02458,Long Island City,Os Gemeos,Acrylic,450,2009,20090918
M02918,lower east side,Shepard Fairey,mosaic,739,2005,20051104
M03532,harlem,cost,spray paint,"6,933",2010,20100727
M03720,astoria,lady pink,Wheatpaste,"1,887",2010,20100103
M01171,LES,COST,acrylic,"5,758",2007,20070615
M04173,LES,Futura,Acrylic,"5,538",2023,20230814
M02917,Lower East Side,cost,aerosol,"7,029",2006,20060604
M04394,soho,Jane Q. Public,Mosaic,"1,269",2019,20190306
M02624,SoHo,,spraypaint,"1,847",2009,20090801
M03559,Bronx,banksy,spraypaint,"7,598",2008,20081114
M00512,LIC,os gemeos,Spray Paint,"3,440",,20161002
M01784,the bronx,KAWS,Spray Paint,519,2013,20130323
M03537,BUSHWICK,Banksy,Acrylic,"4,383",2021,20211102
M03834,LIC,futura,Wheatpaste,"7,253",2011,20110425
M03958,Bronx,Lady Pink,mosaic,"6,139",2022,20220117
M02438,the bronx,faith47,wheatpaste,"5,234",2013,20130407
M01640,soho,kaws,acrylic,"2,043",2012,20120509
M03826,williamsburg,shepard fairey,wheatpaste,"1,461",2014,20141027
M01787, Bushwick ,KAWS,mosaic,999999,2007,20070905
M01672,LES,Banksy,Wheatpaste,699,2016,20161005
M02878,Williamsburg,kaws,spray paint,"3,417",2015,20151204
M02769,Williamsburg,os gemeos,Mosaic,"6,770",2017,20170212
M04018,Astoria,Shepard Fairey,Acrylic,176,2008,20081217
M00557,williamsburg,COST,mosaic,"1,553",2005,20050519
M01877,Long Island City,lady pink,Aerosol,"3,005",2018,20180728
M01201,williamsburg,,acrylic,"6,351",2008,20080404
M03073,lower east side,Futura,acrylic,"3,971",2016,20161105
M01747,williamsburg,Banksy,wheatpaste,217,2023,20230709
M03140,Lower East Side,,Spray Paint,"5,166",2016,20161222
M04239,Bronx,faith47,Wheatpaste,"4,072",2011,20110127
M02011,Chelsea,Lady Pink,Mosaic,"4,799",2021,20211113
M04830,Harlem,COST,Aerosol,488,2012,20120107
M02375,soho,faith47,wheatpaste,"7,603",2020,20200327
M00416,LIC, BANKSY ,acrylic,"3,041",2007,20071116
M02077,Harlem,lady pink,mosaic,"2,152",2015,20150302
M01449,Bushwick, BANKSY ,Wheatpaste,"1,626",2016,20160727
M00985, Bushwick ,Faith47,Acrylic,"7,984",2021,20210811
M01806,astoria,Os Gemeos,wheatpaste,"2,479",2020,20201216
M03682,bushwick,,wheatpaste,802,2007,20070726
M04086,BUSHWICK,COST,wheatpaste,255,2020,20200202
M03740,Bushwick,banksy,Mosaic,"3,660",2011,20110216
M02607,Astoria,kaws,aerosol,"3,742",2099,20181005
M01822,Williamsburg,faith47,Spray Paint,"6,306",2008,20080816
M00179,BUSHWICK,cost,Mosaic,"6,014",2018,20180828
M01488,Lower East Side,Os Gemeos,Mosaic,"7,494",2013,20130504
M02358, Bushwick ,cost,Aerosol,"4,002",2016,20160911
M00621,soho,Futura,aerosol,"7,432",2019,20190819
M03688,Bushwick,banksy,Spray Paint,"7,116",2011,20111019
M04486,chelsea ,kaws,Mosaic,"5,012",2016,20160716
M02250,the bronx,Shepard Fairey,wheatpaste,981,2011,20110403
M00839,Long Island City,Banksy,Acrylic,"5,682",2018,20180727
M04172,soho,shepard fairey,aerosol,"1,595",2011,20110716
M01564,harlem,futura,spray paint,"7,485",2006,20060816
M01432,LIC,kaws,Spray Paint,"6,110",2010,20100622
M02911,Williamsburg,Os Gemeos,aerosol,"6,591",2022,20221020
M00476,Lower East Side,Jane Q. Public,wheatpaste,"3,991",2015,20150726
M03158, Bushwick ,lady pink,mosaic,516,2021,20211209
M03477,chelsea ,Os Gemeos,acrylic,"4,154",2007,20071127
M00739,Astoria,Shepard Fairey,Acrylic,,2012,20121128
M01418,Chelsea,Jane Q. Public,acrylic,"6,668",2018,20181017
M01533,Bushwick,Lady Pink,Mosaic,"6,298",2019,20191018
M01128,Long Island City,KAWS,acrylic,"3,532",2017,20170211
M02289,lower east side,Jane Q. Public,spraypaint,"3,697",2016,20160322
M02558,Bushwick,lady pink,mosaic,,2019,20191121
M03615,harlem,futura,Aerosol,"6,927",2015,20150820
M03341,chelsea ,kaws,spray paint,"2,659",2020,20200528
M01069,Bushwick,Lady Pink,Spray Paint,"7,620",2023,20230410
M02946,LIC,shepard fairey,wheatpaste,"5,228",2008,20080226
M01200,LES,lady pink,Mosaic,"2,525",,20230607
M01722,Bronx,Jane Q. Public,Wheatpaste,"1,894",2021,20210212
M00024,BUSHWICK,,mosaic,"5,526",2012,20121110
M00709,Chelsea,Faith47,Spray Paint,"3,896",2010,20100206
M00189,Chelsea,cost,aerosol,"6,158",2020,20201207
M02796, Bushwick ,Banksy,Spray Paint,"5,328",2019,20190815
M04045,SoHo,futura,mosaic,"6,471",2014,20140808
M04049,lower east side,faith47,Aerosol,"2,995",2010,20100206
M01437,bushwick,COST,Mosaic,"4,291",2009,20090205
M04763,SoHo,futura,Wheatpaste,"3,853",2008,20080421
M01160,soho,kaws,spray paint,"3,792",2015,20151001
M02554, Bushwick ,COST,wheatpaste,"1,149",2015,20150827
M02403,chelsea ,,aerosol,"1,282",2023,20230522
M03562,Bronx,shepard fairey,spraypaint,"3,439",2020,20200224
M03001,Harlem,cost,mosaic,"1,626",2013,20130719
M02749,Williamsburg,Shepard Fairey,Aerosol,"5,645",2022,20221102
M03831,astoria,COST,wheatpaste,"1,114",2005,20050204
M02881,bushwick,jane q. public,acrylic,999999,2022,20220508
M04281,bushwick,kaws,Wheatpaste,"3,717",2020,20200506
M03197,LES,COST,wheatpaste,"5,162",2006,20060223
M03604,lower east side,Os Gemeos,Acrylic,,2019,20190812
M03805,Astoria,KAWS,Acrylic,"4,721",2008,20080809
