f_id,nbhd,host,cap,inst,pwr
F03609,harlem,Green Grocer,"1,804",20240222,GRID
F04381,Crown Heights,the bakery,187,20220903,grid
F00020,jackson hts,community garden,504,20210126,Solar
F00195,Sunset Park,bodega grande,"1,744",20200826,GRID
F02113,harlem,The Bakery,"1,139",20241019,grid
F03234,Harlem,Green Grocer,708,20200214,grid
F03437,Sunset Park,The Bakery,529,20240107,Solar
F03538,Bed-Stuy,st. marks church,"1,842",20230421,Grid
F01608,Flatbush,the bakery,942,20240215,Grid
F04328,Crown Heights, CORNER DELI ,641,20240612,Solar
F02241,Crown Heights,corner deli,847,20240113,grid
F01493,crown hts,bodega grande,"1,765",20210105,solar
F02401,mott haven,the bakery,,20200918,generator
F00628,bushwick,The Bakery,"1,569",20200518,Grid
F01559,sunset park,Community Garden,135,20221210,solar
F00721,Sunset Park,green grocer,"1,231",20220220,Grid
F04564,Mott Haven,corner deli,"1,072",20190721,generator
F03332,bushwick,Corner Deli,"1,727",20230522,Solar
F03388,mott haven,Green Grocer,"1,533",20180925,Generator
F00752,Crown Heights,Corner Deli,"1,419",20220222,Solar
F01284,Bed-Stuy,green grocer,"1,850",20180423,Grid
F04308,mott haven,green grocer,"1,870",20210505,grid
F01313,Jackson Heights,mutual aid nyc,499,20231120,SOLAR
F02837,jackson hts,Corner Deli,"1,222",20230727,generator
F03636,Bushwick,The Bakery,"1,935",20201017,grid
F00798,Bedford-Stuyvesant,St. Marks Church,"1,423",20180221,Generator
F03944,ridgewood,Green Grocer,597,20240326,Solar
F02835,ridgewood,the bakery,734,20240407,Solar
F03920,flatbush ,Mutual Aid NYC,"1,302",20230109,GRID
F04216,Mott Haven,Corner Deli,"1,824",20220305,Grid
F00136,Flatbush,community garden,962,20231225,solar
F01204,Bedford-Stuyvesant,green grocer,280,20190524,Grid
F01778,Jackson Heights,Mutual Aid NYC,"1,657",20220416,Generator
F02723,Jackson Heights,st. marks church,610,20190425,grid
F04876,crown hts,Mutual Aid NYC,550,20241222,solar
F01076,Bed-Stuy,corner deli,"1,939",20210919,solar
F04319,flatbush ,Bodega Grande,"1,101",20200821,GRID
F01946,Bed-Stuy,St. Marks Church,796,20230113,Grid
F03090,mott haven,,253,20180722,SOLAR
F04376,Crown Heights,Bodega Grande,"1,044",20201019,solar
F02546,Crown Heights,community garden,"1,092",20220826,grid
F03087,ridgewood,corner deli,570,20180220,GRID
F02114,Mott Haven,mutual aid nyc,360,20990907,Solar
F03465,flatbush ,bodega grande,101,20210611,grid
F01441,Mott Haven,Bodega Grande,154,20180612,Solar
F02454,Crown Heights, CORNER DELI ,"1,205",20190223,Solar
F02893,bushwick,Corner Deli,822,20241102,solar
F04135,Bedford-Stuyvesant,st. marks church,969,20231005,solar
F04077,Ridgewood,The Bakery,252,20241204,Solar
F02246,Bedford-Stuyvesant,,613,20190415,Grid
F02887,bed-stuy, CORNER DELI ,171,20210826,solar
F03386,crown hts,community garden,"1,534",20190320,Solar
F03640,Bedford-Stuyvesant,Bodega Grande,724,20201026,Grid
F01019, Bushwick ,the bakery,938,20211224,GRID
F01571,Crown Heights,Bodega Grande,"1,210",20200801,generator
F01900,Bushwick,bodega grande,48,20210525,GRID
F03690,harlem,bodega grande,"1,188",20180115,solar
F01044,bed-stuy,mutual aid nyc,232,20230127,generator
F04073,flatbush ,green grocer,"1,421",20221101,generator
F03338,flatbush , CORNER DELI ,998,20230610,grid
F02279,mott haven,green grocer,531,20211122,solar
F01002,Crown Heights,corner deli,767,20210809,SOLAR
F00804,mott haven,Corner Deli,"1,286",20240607,Grid
F03247,Harlem,community garden,"1,455",20191016,grid
F00325,Flatbush,Community Garden,"1,284",20200320,SOLAR
F01968,crown hts,green grocer,"1,034",20200516,Generator
F02108,bushwick, CORNER DELI ,724,20191110,Solar
F01403,mott haven,mutual aid nyc,,20200724,SOLAR
F03237,Flatbush, CORNER DELI ,769,20180416,GRID
F03949,Harlem,Mutual Aid NYC,"1,804",20990505,Generator
F04269,Sunset Park,,999999,20240128,solar
F04866,ridgewood,Green Grocer,"1,851",20201117,Solar
F01536,crown hts,Corner Deli,"1,300",20221125,generator
F01943,Bushwick,community garden,418,20230324,solar
F02792, Bushwick ,green grocer,"1,682",20230610,Grid
F02731,crown hts,mutual aid nyc,59,20200219,Generator
F01871,flatbush ,Corner Deli,343,20181227,solar
F00102,harlem,Green Grocer,"1,416",20240818,generator
F03495,harlem,corner deli,"1,109",20240511,SOLAR
F02758,Jackson Heights,,"1,118",20200124,generator
F02194,crown hts,Green Grocer,598,20190427,Solar
F03780,Bedford-Stuyvesant,Green Grocer,641,20191201,SOLAR
F01685,Bushwick,corner deli,112,20210610,Solar
F00821,Bedford-Stuyvesant,st. marks church,"1,616",20181107,Solar
F01694,bed-stuy,green grocer,537,20220724,solar
F01620,Sunset Park,Community Garden,"1,577",20230427,Solar
F01158,Bed-Stuy,Green Grocer,"1,399",20241104,Grid
F00673,ridgewood,green grocer,"1,046",20240317,Solar
F01297,Bed-Stuy,Corner Deli,646,20240902,Grid
F01688,bed-stuy,Green Grocer,81,20220106,SOLAR
F04624,Mott Haven,Green Grocer,"1,845",20210703,generator
F02391,crown hts,Bodega Grande,"1,006",20221114,Generator
F00569,bushwick,the bakery,"1,821",20210901,Solar
F01849,Bushwick,green grocer,"1,159",20201212,GRID
F00980,Mott Haven,St. Marks Church,853,20190511,solar
F03708,ridgewood,Green Grocer,156,20230222,GRID
F04102,ridgewood,Green Grocer,222,20200802,SOLAR
F00982,Sunset Park,st. marks church,423,20220212,SOLAR
F00033,jackson hts,green grocer,789,20190213,GRID
F04710,Harlem,community garden,68,20220401,GRID
F00502,Bedford-Stuyvesant,st. marks church,342,20240323,grid
F01210,Bed-Stuy,corner deli,"1,951",20231111,SOLAR
F01857,Bushwick,Corner Deli,359,20230418,grid
F04497,Flatbush,Mutual Aid NYC,47,20180524,SOLAR
F00457,harlem,The Bakery,"1,396",20190627,generator
F03819,Bed-Stuy,,406,20200516,SOLAR
F02141,Jackson Heights,Mutual Aid NYC,137,20210503,Solar
F02846,crown hts,St. Marks Church,335,20191220,solar
F04742,ridgewood,Mutual Aid NYC,686,20200517,SOLAR
F00189,Crown Heights,green grocer,943,20190823,grid
F01446,jackson hts,green grocer,"1,747",20181218,Generator
F00340,bushwick,st. marks church,673,20201108,SOLAR
F02790,Mott Haven,St. Marks Church,226,20230403,Generator
F03022, Bushwick ,Bodega Grande,945,20230904,generator
F02455,sunset park,St. Marks Church,"1,105",20180127,Generator
F02549,crown hts,Corner Deli,,20181023,solar
F00577,bed-stuy,community garden,392,20190713,Grid
F01191, Bushwick ,st. marks church,"1,855",20180809,generator
F00453,Bed-Stuy,Bodega Grande,905,20230226,Grid
F03704,bushwick,the bakery,104,20180817,GRID
F04895,bushwick,green grocer,754,20210728,Solar
F01594,harlem,green grocer,926,20241121,SOLAR
F02095,sunset park,,"1,369",20191124,grid
F00293,Bushwick,Bodega Grande,218,20200709,grid
F01224,Ridgewood,community garden,"1,867",20201121,Grid
F04502,Jackson Heights,Bodega Grande,,20200214,grid
F01468,crown hts,the bakery,"1,638",20220311,Solar
F02877,Sunset Park,Bodega Grande,"1,794",20180427,Grid
F04852,Sunset Park,Community Garden,702,20181019,GRID
F01693,crown hts, CORNER DELI ,"1,315",20230302,GRID
F01425,Jackson Heights,The Bakery,"1,128",20201223,solar
F03884,Bed-Stuy,Mutual Aid NYC,530,20190428,solar
F03277,Bedford-Stuyvesant,The Bakery,"1,426",20230617,Grid
F01655,Sunset Park,green grocer,325,20200927,solar
F01914,Bedford-Stuyvesant,St. Marks Church,"1,641",20191023,grid
F00803, Bushwick ,Community Garden,785,20241028,solar
F00576,ridgewood,Green Grocer,"1,416",20240814,solar
F04528,Harlem,Community Garden,"1,226",20210821,generator
F04886,Mott Haven,corner deli,"1,224",20221027,Grid
F04129,bushwick, CORNER DELI ,"1,374",20240803,generator
F00862, Bushwick ,Bodega Grande,-30,20240510,solar
F03921,Mott Haven,Bodega Grande,,20200607,grid
F01743,Ridgewood,community garden,"1,262",20190722,solar
F01561,bushwick,community garden,"1,107",20180327,Grid
F02525,jackson hts,bodega grande,485,20211003,generator
F02291,Flatbush,mutual aid nyc,"1,961",20231126,generator
F02968,sunset park,,645,20210515,Generator
F01755,Ridgewood,Community Garden,974,20241013,Generator
F01232,Bed-Stuy,st. marks church,391,20180301,solar
F01196,Harlem,Community Garden,"1,424",20240709,grid
F01476,Bushwick,,650,20240416,Solar
F03649,Harlem,Mutual Aid NYC,"1,552",20241009,grid
F02638,Ridgewood,bodega grande,"1,480",20240309,SOLAR
F01488,Bedford-Stuyvesant,st. marks church,592,20190114,Solar
F00454,jackson hts,mutual aid nyc,"1,489",20210227,generator
F04364,ridgewood,Corner Deli,535,20230413,GRID
F02715,sunset park,Bodega Grande,999999,20180804,SOLAR
F04064,bed-stuy,st. marks church,"1,608",20180217,Solar
F02754,Crown Heights,Community Garden,906,20180307,GRID
F02368,bushwick,st. marks church,164,20210922,grid
F02900,flatbush ,mutual aid nyc,371,20230520,generator
F01303,bushwick,corner deli,"1,262",20990805,generator
F04621,mott haven,bodega grande,785,20201210,Generator
F03900,Bed-Stuy,St. Marks Church,873,20220717,GRID
F04266,sunset park,the bakery,151,20240314,Grid
F02740,sunset park,The Bakery,"1,576",20220122,solar
F02728,bed-stuy,st. marks church,211,20191220,GRID
F01733,Ridgewood,st. marks church,682,20240719,solar
F02435,Jackson Heights,green grocer,"1,101",20181015,solar
F03724,crown hts, CORNER DELI ,641,20230319,solar
F04893,Bed-Stuy,mutual aid nyc,"1,305",20221017,Grid
F03385,Harlem,,"1,255",20230906,SOLAR
F02904,Flatbush,mutual aid nyc,"1,811",20240304,generator
F01013,Bushwick,the bakery,102,20200326,grid
F01575,crown hts,mutual aid nyc,827,20240224,grid
F04855, Bushwick ,Community Garden,"1,564",20220608,Solar
F00632,harlem,the bakery,"1,861",20230207,grid
F03014,Sunset Park,The Bakery,891,20200619,Generator
F03415,Crown Heights, CORNER DELI ,355,20220820,SOLAR
F03548,Harlem,The Bakery,,20240417,generator
F00516,Harlem,green grocer,"1,174",20190816,SOLAR
F03190,Jackson Heights,st. marks church,"1,985",20240114,GRID
F01846,bushwick,St. Marks Church,"1,770",20220710,SOLAR
F03267,Crown Heights,Mutual Aid NYC,62,20201017,GRID
F00728,jackson hts,st. marks church,"1,237",20200326,GRID
F04085,Harlem,Bodega Grande,"1,774",20201024,generator
F04698,crown hts, CORNER DELI ,73,20190524,GRID
F01472,Sunset Park,corner deli,909,20210914,solar
F03570,Mott Haven,the bakery,"1,192",20200605,Generator
F01154,mott haven,green grocer,304,20190126,GRID
F00062,mott haven,Corner Deli,"1,539",20220516,GRID
F02408,Bed-Stuy,The Bakery,"1,660",20200820,Grid
F03216,Crown Heights,green grocer,"1,897",20211127,Generator
F03957,jackson hts,mutual aid nyc,"1,262",20220808,GRID
F04301,Flatbush,corner deli,"1,334",20191106,Generator
F04609,Bushwick,Community Garden,"1,191",20190216,solar
F04053,harlem,st. marks church,416,20190411,generator
F01164,bushwick,St. Marks Church,898,20191024,Solar
F00879,bed-stuy,corner deli,"1,548",20191223,GRID
F03624,harlem,corner deli,"1,153",20210321,SOLAR
F04620,bed-stuy,community garden,"1,519",20181020,SOLAR
F04338, Bushwick ,Corner Deli,740,20190517,solar
F00196,Flatbush,community garden,"1,972",20190707,GRID
F01843,bushwick,st. marks church,73,20181027,Grid
F01695, Bushwick , CORNER DELI ,"1,717",20210403,SOLAR
F00172,Jackson Heights,Mutual Aid NYC,"1,269",20240612,Generator
F00456,Crown Heights,Mutual Aid NYC,"1,523",20221215,GRID
F02726,Jackson Heights,the bakery,400,20241022,generator
F03505,Flatbush,Community Garden,49,20180308,generator
F00953,Bed-Stuy,Community Garden,"1,525",20211025,Generator
F03024,jackson hts,Mutual Aid NYC,"1,861",20211010,Solar
F04655,bushwick,st. marks church,"1,235",20220706,SOLAR
F02421,Sunset Park,St. Marks Church,"1,511",20181108,GRID
F00362,Sunset Park, CORNER DELI ,"1,987",20240515,solar
F02711,flatbush ,corner deli,278,20230811,solar
F01626,ridgewood,The Bakery,"1,506",20190413,Grid
F01981,mott haven,green grocer,"1,889",20240211,grid
F04863,harlem,Community Garden,183,20210613,Grid
F02765, Bushwick ,Green Grocer,795,20241011,SOLAR
F03766,flatbush ,Mutual Aid NYC,"1,313",20210305,Grid
F03964,crown hts,Community Garden,"1,089",20200504,solar
F00266,Sunset Park,mutual aid nyc,"1,812",20210124,Solar
F00469,Bed-Stuy,,"1,844",20200713,solar
F01093,Ridgewood,community garden,"1,073",20240124,Solar
F04460,jackson hts, CORNER DELI ,"1,346",20210715,SOLAR
F00220,Sunset Park,st. marks church,977,20200920,grid
F02582,Mott Haven,Mutual Aid NYC,"1,919",20180812,SOLAR
F04450,sunset park,Bodega Grande,"1,717",20221009,solar
F02015,jackson hts,Green Grocer,280,20180223,grid
F01767,Bedford-Stuyvesant,st. marks church,407,20220812,GRID
F01651,Sunset Park,green grocer,755,20191126,grid
F01934,ridgewood,Corner Deli,"1,797",20210406,GRID
F01331,Sunset Park,st. marks church,945,20200101,generator
F00771, Bushwick ,Bodega Grande,469,20220111,solar
F00365,Crown Heights,Mutual Aid NYC,,20210926,GRID
F02902,jackson hts, CORNER DELI ,755,20190904,generator
F00190,Ridgewood,green grocer,199,20240804,grid
F02206,flatbush ,Green Grocer,203,20190228,Generator
F04694,flatbush ,mutual aid nyc,"1,606",20211208,GRID
F00323,jackson hts,bodega grande,"1,510",20200803,Grid
F04122,Ridgewood,st. marks church,700,20180409,grid
F02327,Bed-Stuy,corner deli,"1,440",20191221,grid
F02139,sunset park,st. marks church,98,20180805,GRID
F00367,harlem,St. Marks Church,558,20180510,generator
F03400,Flatbush,St. Marks Church,594,20181011,GRID
F00159,jackson hts,,"1,288",20230217,GRID
F00869,Harlem,corner deli,"1,449",20181114,generator
F01071,Mott Haven,Corner Deli,"1,642",20210411,Solar
F03553,Sunset Park,Mutual Aid NYC,966,20200623,solar
F04239,Harlem, CORNER DELI ,208,20200626,GRID
F04361,mott haven,Community Garden,960,20181009,Generator
F01565,Ridgewood,the bakery,"1,563",20191223,generator
F04879,sunset park,Mutual Aid NYC,146,17760118,generator
F03594,sunset park,,,20180828,GRID
F00572,sunset park,Mutual Aid NYC,940,20200801,generator
F02974,ridgewood,community garden,235,20181113,Generator
F01540,flatbush ,Corner Deli,"1,904",20231021,grid
F03189,Harlem,Green Grocer,"1,390",20201125,Grid
F04123,Sunset Park,community garden,678,20210812,Grid
F02879,ridgewood,mutual aid nyc,"1,314",20230711,Generator
F00356,flatbush ,the bakery,45,20210603,Grid
F03395,Harlem,St. Marks Church,"1,760",20200711,SOLAR
F01839,flatbush ,corner deli,"1,572",20201116,solar
F02913,Mott Haven,the bakery,"1,370",20200502,Grid
F03040,bed-stuy,corner deli,639,20190422,generator
F03572,crown hts, CORNER DELI ,"1,691",20241227,SOLAR
F00100,Crown Heights,Mutual Aid NYC,"1,449",20191013,Generator
F02926,Bushwick,Community Garden,"1,219",20240612,Grid
F01840,bushwick,bodega grande,958,20210604,generator
F00924,jackson hts,st. marks church,700,20221103,Solar
F00671,jackson hts, CORNER DELI ,469,20181009,generator
F02378,Ridgewood,green grocer,895,20201204,grid
F02210,sunset park,Bodega Grande,614,20200914,solar
F02088,Bushwick,the bakery,371,20200302,Solar
F04600,Harlem,Corner Deli,"1,641",20220314,Grid
F04299,bushwick, CORNER DELI ,712,20190220,generator
F02766,Sunset Park,mutual aid nyc,286,20240907,Solar
F03732,flatbush ,,"1,553",20200914,GRID
F01335,Bushwick,community garden,"1,702",20241128,GRID
F01593,Bed-Stuy,The Bakery,,20220525,Solar
F02594,jackson hts,the bakery,973,20180112,SOLAR
F04302,Sunset Park, CORNER DELI ,40,20180626,solar
F04095,Bushwick,green grocer,"1,080",20211110,Grid
F01737,Crown Heights,st. marks church,"1,061",20190907,solar
F01230,harlem,The Bakery,416,20240725,Grid
F03846,Jackson Heights,Bodega Grande,"1,644",20210712,Grid
F00770,flatbush , CORNER DELI ,,20200421,Generator
F04845,Ridgewood,St. Marks Church,"1,452",20241222,generator
F02628,jackson hts,Community Garden,182,20210608,GRID
F03020,Flatbush,st. marks church,"1,417",20201003,Solar
F00486,Bedford-Stuyvesant,Community Garden,"1,348",20220407,generator
F00747,mott haven,Mutual Aid NYC,"1,146",20201119,SOLAR
F04224,Harlem,the bakery,"1,412",20201106,SOLAR
F01334,Bedford-Stuyvesant,Community Garden,"1,713",20191008,generator
F03149,Bushwick,st. marks church,165,20180917,generator
F01578,crown hts,Bodega Grande,"1,611",20220124,grid
F01095,Bed-Stuy,green grocer,"1,421",20220607,Grid
F04334,Bushwick,Corner Deli,49,20220726,Solar
F01008,ridgewood,green grocer,"1,902",20240601,generator
F01267,Jackson Heights,Corner Deli,"1,958",20190306,grid
F04339,mott haven, CORNER DELI ,492,20231010,GRID
F02253,ridgewood,the bakery,"1,031",20200811,GRID
F00064,Jackson Heights,Community Garden,382,20180818,SOLAR
F01918,crown hts,corner deli,"1,433",20220322,grid
F03191,Mott Haven,corner deli,"1,856",20190418,generator
F03154,Ridgewood,St. Marks Church,61,20240818,Grid
F03525,Crown Heights,St. Marks Church,,20210202,Generator
F04758,ridgewood,Bodega Grande,"1,337",20210728,Grid
F01344,flatbush ,mutual aid nyc,"1,558",20220925,SOLAR
F00598,ridgewood,Mutual Aid NYC,480,20230506,grid
F02357,crown hts,mutual aid nyc,"1,732",20181025,SOLAR
F04880,Mott Haven,The Bakery,167,20201226,Generator
F02542,jackson hts, CORNER DELI ,"1,791",20220919,GRID
F03530,Bushwick,community garden,999999,20220407,Grid
F00517,Flatbush,Bodega Grande,"1,247",20200205,Solar
F01531,Harlem,st. marks church,646,20191001,solar
F01704,jackson hts,corner deli,487,17760210,grid
F04191,Ridgewood,Bodega Grande,324,20191206,Grid
F01683, Bushwick , CORNER DELI ,810,20200401,Solar
F04059,Jackson Heights,Corner Deli,"1,872",20210516,GRID
F02191,ridgewood,Corner Deli,-30,20180712,GRID
F01145,sunset park,Corner Deli,"1,338",20240512,Solar
F01855,bed-stuy,mutual aid nyc,"1,597",20180822,Grid
F00058,Bushwick,St. Marks Church,870,20190227,SOLAR
F00038,Sunset Park,Corner Deli,"1,681",20220215,generator
F03915,mott haven,corner deli,"1,634",20180326,Solar
F02755,harlem,,368,20190419,grid
F04485, Bushwick , CORNER DELI ,"1,489",20240704,generator
F02422,Flatbush,,"1,728",20231220,GRID
F02866,Crown Heights,st. marks church,693,20180709,Grid
F01850,Harlem, CORNER DELI ,"1,174",20230717,generator
F02399,Crown Heights,The Bakery,"1,240",20240517,GRID
F00860,Ridgewood,Mutual Aid NYC,"1,525",20230519,SOLAR
F02491,Bushwick,green grocer,"1,019",20181012,generator
F03990,sunset park,community garden,"1,388",20211016,Generator
F01152,bushwick,green grocer,844,20240221,grid
F00295,bed-stuy,bodega grande,224,20201028,SOLAR
F02805,bed-stuy,green grocer,"1,538",20180808,solar
F04154,Crown Heights, CORNER DELI ,948,20230508,SOLAR
F01691,mott haven,corner deli,52,20180901,Generator
F04785,Harlem,community garden,650,20220323,solar
F04556,harlem,Corner Deli,893,20240317,Generator
F02247,Ridgewood,the bakery,"1,601",20211010,Grid
F00989,harlem,bodega grande,856,20210617,Grid
F01413,Ridgewood,community garden,"1,971",20231020,solar
F01530,crown hts,bodega grande,"1,813",20200913,Solar
F00471,bushwick,St. Marks Church,"1,383",20210923,SOLAR
F03407,Ridgewood,st. marks church,639,20190108,solar
F01322,Crown Heights,St. Marks Church,561,20220115,generator
F02988,Jackson Heights,the bakery,58,20240228,Solar
F02543,Jackson Heights,st. marks church,"1,819",20230604,Solar
F04099,harlem,bodega grande,680,20201223,grid
F04724,flatbush ,St. Marks Church,"1,779",20221010,grid
F02362,Bedford-Stuyvesant,corner deli,"1,241",20190218,GRID
F00305,Bushwick,mutual aid nyc,134,20240310,Grid
F02145,Bedford-Stuyvesant,st. marks church,303,20231128,Generator
F01989,Bed-Stuy,st. marks church,"1,551",20220706,Generator
F01521,Mott Haven,St. Marks Church,"1,300",20220522,Generator
F02304,jackson hts,st. marks church,"1,611",20220118,Generator
F03596,sunset park, CORNER DELI ,"1,952",20190516,solar
F00230,Bed-Stuy,Mutual Aid NYC,"1,824",20220414,GRID
F04741,Bushwick,green grocer,"1,346",20200815,solar
F03358,bushwick,Community Garden,284,20190423,grid
F00505,mott haven,Green Grocer,691,20220319,Generator
F02217,Jackson Heights,,"1,311",20201007,solar
F04740,Sunset Park,st. marks church,519,20180310,SOLAR
F04816,crown hts,bodega grande,999999,20191017,Grid
F03067,Bedford-Stuyvesant,the bakery,376,20231221,Grid
F04702,Crown Heights,St. Marks Church,"1,587",20220903,GRID
F02949,Bed-Stuy,green grocer,"1,216",20190503,solar
F02659,Sunset Park,,823,20241117,GRID
F02111,Sunset Park,mutual aid nyc,"1,220",20221207,GRID
F02603,Sunset Park,green grocer,540,20200304,grid
F02520,bushwick,mutual aid nyc,562,20240516,Generator
F02926,Bushwick,Community Garden,"1,219",20240612,Grid
F03753,Flatbush,Mutual Aid NYC,"1,295",20190824,GRID
F02058,jackson hts,Corner Deli,323,20191005,SOLAR
F00582,ridgewood,green grocer,413,20200426,Grid
F03001,Sunset Park,st. marks church,"1,900",20230428,GRID
F00477,ridgewood,Mutual Aid NYC,"1,389",20180819,grid
F04830, Bushwick ,Green Grocer,"1,342",20230104,Grid
F00100,Crown Heights,Mutual Aid NYC,"1,449",20191013,Generator
F04084,Jackson Heights,green grocer,"1,007",20220620,SOLAR
F04514,Harlem,Bodega Grande,394,20200214,solar
F02282,Flatbush,the bakery,503,20230822,Grid
F01847,sunset park,bodega grande,355,20220823,Generator
F00678,Sunset Park, CORNER DELI ,"1,383",20181002,generator
F00841,bushwick,corner deli,"1,519",20200307,grid
F04896, Bushwick ,Corner Deli,737,20220815,GRID
F01036,crown hts,green grocer,"1,432",20230704,SOLAR
F00213,flatbush ,Bodega Grande,"1,222",20190527,solar
F03036,Mott Haven,Mutual Aid NYC,"1,029",20201017,Generator
F03664,bed-stuy,community garden,818,20210717,SOLAR
F00939,Bedford-Stuyvesant,green grocer,"1,653",20210424,solar
F02021, Bushwick ,Community Garden,830,20221119,GRID
F03750,Ridgewood,corner deli,827,20180323,Solar
F01110, Bushwick ,mutual aid nyc,"1,899",20240815,Generator
F04469,Bed-Stuy,corner deli,100,20190107,grid
F02189,crown hts,Mutual Aid NYC,"1,358",20230820,Grid
F02037,Bedford-Stuyvesant,Green Grocer,"1,393",20190310,Generator
F04345,jackson hts,community garden,"1,931",20221017,Generator
F04580,harlem,the bakery,"1,661",20190203,Solar
F02251,Ridgewood,St. Marks Church,"1,590",20220817,grid
F04279,Sunset Park,community garden,397,20190719,Solar
F02618,Mott Haven,Mutual Aid NYC,155,20230919,generator
F00706,Jackson Heights, CORNER DELI ,880,20220222,grid
F02957,sunset park,bodega grande,"1,047",20240106,Grid
F00302,jackson hts,community garden,928,20201109,solar
F02579,ridgewood,mutual aid nyc,387,20180915,Solar
F03104,harlem,Bodega Grande,"1,989",20201124,grid
F04368,crown hts,,"1,100",20190816,solar
F00627,Bushwick, CORNER DELI ,631,20180104,generator
F04428,bushwick,,,20180925,solar
F04829,Jackson Heights,Green Grocer,370,20240709,GRID
F02174, Bushwick ,community garden,"1,157",20181211,solar
F01172,harlem,community garden,464,20190618,Solar
F00416,Flatbush,mutual aid nyc,566,20180520,GRID
F01465,bed-stuy,Mutual Aid NYC,731,20181023,GRID
F03241,Jackson Heights,Corner Deli,"1,137",20190802,grid
F03729,sunset park,Community Garden,238,20210410,grid
F03895,Bed-Stuy,bodega grande,124,20211216,GRID
F01952,flatbush ,,"1,937",20210511,grid
F01745,Bed-Stuy,Mutual Aid NYC,86,20181217,SOLAR
F00563,mott haven,bodega grande,318,20240610,GRID
F00780,Ridgewood,community garden,273,20190210,generator
F02248,Bedford-Stuyvesant,mutual aid nyc,"1,063",20240527,grid
F00703,Jackson Heights,Bodega Grande,"1,599",20180327,grid
F02450,Bushwick, CORNER DELI ,522,20200725,generator
F01371,flatbush ,the bakery,696,20231221,solar
F00842,Jackson Heights,St. Marks Church,54,20190805,Grid
F02226,Bushwick,green grocer,64,20200215,SOLAR
F04826,Sunset Park,st. marks church,"1,459",20240204,Generator
F01633,bushwick, CORNER DELI ,"1,634",20200616,Solar
F04292,Flatbush,Corner Deli,647,20220718,SOLAR
F00690,Jackson Heights,Green Grocer,"1,436",20200623,solar
F02597,Ridgewood,Corner Deli,"1,548",20240710,Grid
F01077,bed-stuy,Corner Deli,388,20230220,grid
F00263,bushwick,Corner Deli,223,20241212,generator
F00672,bushwick,Green Grocer,930,20180819,generator
F00265,Jackson Heights,bodega grande,"1,686",20200911,generator
F00199,ridgewood,Corner Deli,"1,101",20200803,Generator
F03065,harlem,,"1,382",20220520,SOLAR
F03320, Bushwick ,Community Garden,820,20191006,solar
F02319,Jackson Heights,mutual aid nyc,"1,932",20210228,SOLAR
F02375,mott haven,Mutual Aid NYC,"1,554",20180201,Solar
F00407, Bushwick ,corner deli,"1,601",20210401,grid
F00391,sunset park,corner deli,646,20181201,solar
F02834, Bushwick ,Bodega Grande,"1,784",20180217,generator
F04868,sunset park,bodega grande,961,20240801,GRID
F03426,ridgewood,Community Garden,83,20240101,SOLAR
F03217, Bushwick ,The Bakery,"1,234",20220708,Solar
F01282,crown hts,green grocer,"1,940",20201024,Generator
F02969,harlem,Community Garden,886,20210712,Grid
F00026,mott haven,community garden,"1,829",20201011,generator
F02965,Bushwick,,435,20181221,grid
F03200,Flatbush,St. Marks Church,770,20221112,generator
F02462, Bushwick ,community garden,493,20211017,Generator
F01719,sunset park,St. Marks Church,"1,218",20180818,generator
F03531,crown hts,Community Garden,898,20191011,Grid
F00537, Bushwick ,the bakery,300,20181202,Grid
F01764,flatbush ,The Bakery,"1,513",20221227,SOLAR
F04243,Sunset Park,mutual aid nyc,204,20241027,solar
F03481,Bed-Stuy,Community Garden,"1,735",20220821,SOLAR
F00275,sunset park,corner deli,"1,549",20201012,SOLAR
F04076,mott haven,st. marks church,-30,20180812,grid
F03923,Flatbush,St. Marks Church,457,20241224,GRID
F00348,Harlem, CORNER DELI ,776,20180810,Grid
F03322,Flatbush,bodega grande,"1,311",20241203,solar
F04857,ridgewood,mutual aid nyc,219,20211117,generator
F02845,mott haven,St. Marks Church,201,20240525,Generator
F04335,Flatbush,community garden,"1,771",20201206,grid
F03521, Bushwick ,St. Marks Church,"1,760",20241112,SOLAR
F02855,Bushwick,corner deli,"1,310",20180802,grid
F03226,Bushwick,,201,20190207,generator
F04591,Ridgewood,Mutual Aid NYC,"1,445",20241119,solar
F00553,crown hts,Corner Deli,224,20180712,Grid
F00117,Bushwick,corner deli,130,20180125,solar
F03635,mott haven,Bodega Grande,889,20190926,solar
F03274,Bedford-Stuyvesant,mutual aid nyc,"1,930",20200720,Generator
F04185,bushwick,St. Marks Church,925,20230403,Solar
F02100,Sunset Park,Green Grocer,"1,149",20211112,Grid
F00206,flatbush ,Mutual Aid NYC,"1,568",20241214,grid
F03893,Bushwick,The Bakery,463,20180124,Grid
F03294,mott haven,Corner Deli,"1,951",20191206,Solar
F03253,Bed-Stuy,st. marks church,213,20231110,SOLAR
F00422,mott haven,St. Marks Church,"1,235",20180312,GRID
F04169,bushwick,bodega grande,822,20191115,Grid
F00232,Flatbush,Green Grocer,334,20201104,Grid
F00837,flatbush ,Community Garden,"1,086",20230818,Grid
F00464,ridgewood,the bakery,"1,716",20240725,SOLAR
F04818,bed-stuy,the bakery,824,20181210,SOLAR
F02998,Crown Heights,Bodega Grande,760,20240921,grid
F00568,Harlem,mutual aid nyc,"1,902",20221210,Solar
F00511,bushwick,corner deli,"1,796",20240103,solar
F00247,Flatbush, CORNER DELI ,"1,590",20211121,solar
F00596,crown hts,Mutual Aid NYC,"1,277",20190809,SOLAR
F01967,ridgewood,Bodega Grande,148,20190926,Generator
F03953,bed-stuy,community garden,958,20201015,generator
F03219,Bushwick,corner deli,"1,512",20221113,Generator
F01940,Crown Heights,bodega grande,184,20200427,SOLAR
F01357,Bed-Stuy,St. Marks Church,338,20201122,GRID
F04731,Bed-Stuy,the bakery,"1,477",20200218,GRID
F03034,Bedford-Stuyvesant, CORNER DELI ,276,20210808,SOLAR
F01497,crown hts,Corner Deli,"1,192",20200121,generator
F01792,ridgewood,Corner Deli,"1,243",20190314,SOLAR
F01112,ridgewood,St. Marks Church,"1,697",20200228,GRID
F01238,bed-stuy,Bodega Grande,"1,939",20200112,solar
F03637,crown hts,The Bakery,300,20240102,solar
F00886, Bushwick ,bodega grande,663,20181111,Solar
F02560,Bed-Stuy, CORNER DELI ,172,20220308,solar
F03423,bed-stuy,Bodega Grande,"1,577",20181103,SOLAR
F02063,Harlem,Mutual Aid NYC,"1,403",20191012,solar
F00288,ridgewood,The Bakery,203,20200625,Grid
F01623,crown hts,Corner Deli,259,20200913,generator
F03360,crown hts,mutual aid nyc,980,20231022,GRID
F00282,Harlem,st. marks church,"1,834",20180309,Grid
F03820,flatbush ,corner deli,"1,677",20220817,Solar
F02858,Mott Haven,green grocer,543,20180307,grid
F04656,flatbush ,green grocer,536,20220110,solar
F04284,bed-stuy,Mutual Aid NYC,180,20230811,generator
F02666, Bushwick ,Green Grocer,494,20240426,generator
F04373,sunset park,st. marks church,312,20190816,SOLAR
F01339,harlem,The Bakery,102,20230819,grid
F03146,mott haven,,"1,610",20230918,generator
F01258,jackson hts,green grocer,"1,900",20180408,GRID
F01255,Crown Heights,green grocer,144,20211107,Grid
F00170,bed-stuy,The Bakery,"1,205",20230625,Grid
F01722,Jackson Heights,,"1,552",20200816,Grid
F04650,Flatbush,mutual aid nyc,419,20180128,Solar
F02892,mott haven,corner deli,646,20240716,generator
F04132,jackson hts, CORNER DELI ,"1,505",20230227,solar
F03135,mott haven,,"1,402",20241111,SOLAR
F01348,flatbush ,Bodega Grande,66,20200420,GRID
F04157,sunset park,The Bakery,126,20200324,Grid
F01111,harlem, CORNER DELI ,542,20220409,Solar
F02162,harlem,Corner Deli,830,20210322,Grid
F00231,bushwick,st. marks church,258,20180820,grid
F02655,Harlem,The Bakery,"1,895",20210525,generator
F02436,Bed-Stuy,,"1,797",20180225,generator
F03919,Mott Haven,community garden,777,20221207,SOLAR
F04616,Sunset Park,community garden,"1,810",20240604,SOLAR
F00481,Bushwick,bodega grande,"1,169",20180107,solar
F02839,Bedford-Stuyvesant,green grocer,,20220915,Generator
F03879,sunset park,Green Grocer,"1,506",20240309,solar
F00832,sunset park,Bodega Grande,"1,497",20230218,SOLAR
F00274,Bushwick,St. Marks Church,"1,192",20231227,Solar
F00215,jackson hts,St. Marks Church,"1,239",20200618,Solar
F01406,harlem,st. marks church,441,20210125,solar
F02199,ridgewood,corner deli,"1,682",20180826,GRID
F01888, Bushwick ,bodega grande,616,20230626,generator
F03212,bed-stuy,the bakery,646,20230412,Solar
F04082,Harlem,green grocer,636,20190427,Grid
F02155, Bushwick ,the bakery,"1,130",20181217,grid
F03401,bushwick,bodega grande,"1,019",20180511,GRID
F00634,crown hts, CORNER DELI ,464,20240703,Generator
F00969,sunset park,,"1,622",20211018,SOLAR
F03370,Flatbush,the bakery,487,20180810,Grid
F00698,bed-stuy, CORNER DELI ,216,20200126,Solar
F04182,bed-stuy,green grocer,"1,375",20241214,Generator
F04087, Bushwick ,corner deli,"1,478",20240327,Generator
F04695,Bedford-Stuyvesant,Bodega Grande,"1,116",20220615,SOLAR
F03188,sunset park,st. marks church,537,20180305,Solar
F04079,mott haven,corner deli,"1,706",20220702,Generator
F04412, Bushwick ,The Bakery,670,20180617,Grid
F00072,harlem,bodega grande,"1,972",20210101,Generator
F01108,Jackson Heights,Green Grocer,"1,188",20230920,SOLAR
F00349,mott haven,Mutual Aid NYC,353,20220406,grid
F02534, Bushwick ,,766,20220802,SOLAR
F01199,Bushwick,Community Garden,"1,807",20220205,generator
F02631,bed-stuy,,"1,074",20240505,generator
F03284,Crown Heights,bodega grande,528,20230319,Generator
F03160,Ridgewood,community garden,853,20201218,GRID
F03518,sunset park,st. marks church,924,20200702,GRID
F00446,Bushwick,Bodega Grande,"1,221",20200326,GRID
F01660,harlem,Bodega Grande,"1,205",20220507,Solar
F02305,Sunset Park,community garden,801,20181023,generator
F00529,Bedford-Stuyvesant,green grocer,"1,412",20180120,solar
F01919,harlem,The Bakery,713,20190508,SOLAR
F01501,bed-stuy,corner deli,328,20180105,SOLAR
F04846,Bushwick,Mutual Aid NYC,"1,282",20190624,solar
F04452,jackson hts,Mutual Aid NYC,"1,461",20240317,Solar
F00586,Bushwick,Corner Deli,541,20220614,Solar
F03706,flatbush ,,"1,772",20230503,Grid
F04473,Bushwick,Community Garden,74,20220815,Generator
F00491,Ridgewood,mutual aid nyc,"1,376",17761112,SOLAR
F04544,Bedford-Stuyvesant,Corner Deli,302,20230611,solar
F03621,Bed-Stuy,bodega grande,719,20241126,SOLAR
F03293,Crown Heights,st. marks church,367,20240222,Grid
F00241, Bushwick ,bodega grande,544,20220222,Solar
F03378,Bed-Stuy,bodega grande,471,20220715,Solar
F04093,harlem,Bodega Grande,"1,858",20230722,Grid
F02149,Crown Heights,Corner Deli,,20221223,GRID
F04114,jackson hts,community garden,523,17761222,Generator
F04056,Crown Heights, CORNER DELI ,374,20190402,Solar
F03519,Flatbush,,639,20240325,solar
F01616,flatbush ,Mutual Aid NYC,"1,887",20201211,generator
F01759, Bushwick ,bodega grande,"1,186",20221221,grid
F04181,Crown Heights,The Bakery,984,20220522,generator
F00776,crown hts,Corner Deli,710,20200211,Solar
F03767, Bushwick , CORNER DELI ,812,20240619,Grid
F01992,Bed-Stuy,corner deli,59,20240320,grid
F02439,Ridgewood,,"1,204",20190121,Solar
F03789,Flatbush,st. marks church,,20221102,GRID
F00831,ridgewood,bodega grande,880,20180904,Generator
F00609,ridgewood,Bodega Grande,40,20191004,Grid
F01526,Harlem,st. marks church,134,20220318,solar
F04576,bushwick,The Bakery,950,20230501,solar
F02196,ridgewood,Bodega Grande,782,20211024,SOLAR
F04882,Mott Haven,mutual aid nyc,"1,004",20230511,grid
F03013,ridgewood,Community Garden,,20190512,SOLAR
F01420,bed-stuy,Green Grocer,"1,363",20180921,SOLAR
F03141,Crown Heights,bodega grande,999999,20200901,GRID
F03051,mott haven,Green Grocer,"1,824",20190715,grid
F04660,ridgewood,bodega grande,"1,402",20220214,solar
F00137,flatbush ,Green Grocer,"1,852",20221227,GRID
F02130,Crown Heights,Green Grocer,"1,460",20230617,grid
F00615,Bedford-Stuyvesant,Green Grocer,724,20200121,grid
F01030,sunset park,bodega grande,"1,615",20231212,Generator
F01896,Bushwick,the bakery,"1,258",20240527,Generator
F04613,mott haven,green grocer,"1,950",20200804,generator
F00372,bushwick,the bakery,"1,055",20240417,GRID
F03367,Bushwick,the bakery,440,20210308,GRID
F01392,Mott Haven,,727,20200401,Grid
F01868,sunset park,mutual aid nyc,"1,565",20180124,Grid
F00946,ridgewood,bodega grande,"1,169",20210701,generator
F01223,sunset park,mutual aid nyc,135,20191008,Generator
F02737,sunset park,Bodega Grande,"1,384",20190528,Solar
F01104,bed-stuy,Corner Deli,174,20240715,Solar
F02325,crown hts,Mutual Aid NYC,"1,760",20190301,GRID
F04315,harlem,the bakery,905,20190614,generator
F00321,bed-stuy,Corner Deli,"1,463",20230905,SOLAR
F04601,Flatbush,,"1,264",20180727,Grid
F02787, Bushwick ,the bakery,858,20181128,generator
F04106, Bushwick ,Corner Deli,514,20220324,Solar
F02223,crown hts,Community Garden,874,20190526,SOLAR
F02751,sunset park,Corner Deli,689,20191108,Solar
F03283,bed-stuy,St. Marks Church,933,20231024,grid
F03675,Mott Haven,Mutual Aid NYC,"1,752",20230123,GRID
F00272,flatbush ,the bakery,390,20190312,grid
F03296,Ridgewood,Green Grocer,"1,388",20190710,grid
F04001,Bushwick,mutual aid nyc,684,20180408,SOLAR
F00881,ridgewood,mutual aid nyc,999999,20240905,Generator
F02565,Bedford-Stuyvesant,Bodega Grande,413,20240617,generator
F04764,jackson hts,St. Marks Church,813,20231126,generator
F04821,sunset park,The Bakery,,20220526,GRID
F04680,Ridgewood,Mutual Aid NYC,120,20190514,Solar
F00987,mott haven,st. marks church,389,20181016,Grid
F02785,Ridgewood,mutual aid nyc,"1,861",20190509,grid
F02853,jackson hts,The Bakery,"1,673",20220303,GRID
F00578,Bed-Stuy,Green Grocer,429,20220916,grid
F00616,bed-stuy,Community Garden,966,20210214,grid
F02373,Jackson Heights,St. Marks Church,"1,017",20180806,solar
F03952,jackson hts,mutual aid nyc,658,20200918,Generator
F02311,Jackson Heights,Community Garden,"1,177",20210726,grid
F01752,Harlem,St. Marks Church,"1,852",20190419,grid
F04498,harlem,bodega grande,"1,274",20230528,Grid
F00757,Mott Haven,st. marks church,"1,199",20240419,SOLAR
F00584,Jackson Heights,bodega grande,"1,374",20211026,generator
F00203,Harlem,Community Garden,678,20241224,grid
F02004,Bed-Stuy,Community Garden,412,20190112,generator
F00261,Ridgewood,The Bakery,"1,742",20181127,grid
F04752,flatbush ,,227,20240612,GRID
F00320, Bushwick ,Bodega Grande,555,20200910,Solar
F03357,Bedford-Stuyvesant,Community Garden,"1,892",20190209,GRID
F04391,Bushwick,St. Marks Church,"1,283",20211201,generator
F04661,Bed-Stuy,,169,20190227,GRID
F00730,ridgewood,Green Grocer,"1,424",20210320,Generator
F03476,Sunset Park,st. marks church,288,20230611,Solar
F00211,Bedford-Stuyvesant,mutual aid nyc,-30,20190512,Grid
F00010, Bushwick ,Bodega Grande,160,20200728,GRID
F03868,mott haven,the bakery,887,20180415,grid
F01131,Bed-Stuy,bodega grande,"1,464",20180806,GRID
F04672,Mott Haven,Bodega Grande,133,20211125,grid
F04225,bushwick,bodega grande,137,20240815,generator
F01690,jackson hts,mutual aid nyc,"1,519",20240817,generator
F01410,Ridgewood,Community Garden,"1,749",20210623,generator
F00476,Crown Heights,Community Garden,"1,243",20220122,solar
F04212,Flatbush,community garden,716,20180723,Solar
F02598,ridgewood,bodega grande,"1,946",20200721,solar
F03381,Crown Heights,the bakery,495,20200126,SOLAR
F03726,Crown Heights,Corner Deli,"1,830",20190806,solar
F03856, Bushwick ,The Bakery,"1,177",20241025,generator
F04253, Bushwick ,Green Grocer,227,20211005,SOLAR
F02704,Ridgewood,bodega grande,65,20210319,SOLAR
F01938, Bushwick ,Green Grocer,817,20200920,Solar
F01543,crown hts,Corner Deli,"1,675",20220718,GRID
F00352,Flatbush,mutual aid nyc,103,20220203,solar
F02287,Crown Heights,Bodega Grande,662,20191026,Generator
F02610,Mott Haven,Community Garden,185,20220209,SOLAR
F00845,Harlem,Mutual Aid NYC,761,20191024,GRID
F03983,Jackson Heights,Bodega Grande,,20180824,grid
F03580,Ridgewood, CORNER DELI ,999999,20220401,solar
F04557,crown hts,Mutual Aid NYC,"1,564",20201204,solar
F00846,jackson hts,Corner Deli,-30,20230211,Generator
F00037, Bushwick ,green grocer,"1,052",20180314,Solar
F00579,harlem,Green Grocer,949,20240707,solar
F03613,mott haven,St. Marks Church,"1,818",20190312,SOLAR
F03081,Bed-Stuy,mutual aid nyc,"1,358",20240117,Generator
F03823,sunset park, CORNER DELI ,548,20200313,generator
F01722,Jackson Heights,,"1,552",20200816,Grid
F04215,Sunset Park,bodega grande,"1,277",20210407,Solar
F01023,Harlem,community garden,627,20191108,generator
F03167,Jackson Heights, CORNER DELI ,328,20231012,generator
F00042,bed-stuy,mutual aid nyc,"1,077",20191224,generator
F04042,Crown Heights,Mutual Aid NYC,454,20240125,solar
F04746,Flatbush, CORNER DELI ,"1,240",20240613,Grid
F03977,Flatbush,,"1,632",20200425,GRID
F00685, Bushwick ,The Bakery,,20240911,SOLAR
F00178,Harlem,Community Garden,"1,948",20200823,grid
F01994,flatbush ,St. Marks Church,"1,283",20210912,generator
F01659,Ridgewood,Community Garden,519,20180524,generator
F00976,jackson hts,bodega grande,802,20190805,Grid
F03890,harlem,Green Grocer,639,20210510,Generator
F01007,crown hts,the bakery,326,20230514,SOLAR
F03805,bed-stuy,Bodega Grande,562,20200121,Generator
F02557, Bushwick ,Mutual Aid NYC,"1,846",20201011,Grid
F04735,Bed-Stuy,mutual aid nyc,"1,166",20220303,Solar
F01957,Crown Heights, CORNER DELI ,966,20211202,Grid
F01119, Bushwick ,the bakery,"1,433",20190102,Grid
F01218,bed-stuy,Mutual Aid NYC,"1,381",20180205,solar
F03447,ridgewood,Mutual Aid NYC,208,20190711,solar
F03769,Bed-Stuy,green grocer,"1,544",20180412,Generator
F00585,bushwick,mutual aid nyc,"1,591",20190707,solar
F00948,Bedford-Stuyvesant,mutual aid nyc,554,20240928,Generator
F01463,Sunset Park,corner deli,"1,832",20181113,Solar
F01074,mott haven,mutual aid nyc,"1,610",20210515,Grid
F03287, Bushwick ,the bakery,"1,401",20240314,Grid
F01730,Bedford-Stuyvesant, CORNER DELI ,"1,310",20220310,SOLAR
F00061,Ridgewood,the bakery,"1,086",20240126,solar
F03536,bed-stuy,Mutual Aid NYC,"1,771",20211004,SOLAR
F04653, Bushwick ,Mutual Aid NYC,51,20230517,Solar
F01976,Harlem,Corner Deli,893,20231011,SOLAR
F03227,Harlem, CORNER DELI ,"1,517",20220427,GRID
F04250,harlem,,"1,693",20211020,generator
F03905,crown hts, CORNER DELI ,96,20200608,grid
F00768,Bedford-Stuyvesant,Corner Deli,200,20210805,solar
F04777,bushwick,Mutual Aid NYC,767,20221010,Grid
F02153, Bushwick ,bodega grande,"1,162",20190404,SOLAR
F00082,Harlem,St. Marks Church,"1,685",20201011,SOLAR
F02975,Crown Heights,mutual aid nyc,,20220601,Grid
F03450,ridgewood,St. Marks Church,662,20240602,GRID
F03153,Crown Heights,st. marks church,807,20200206,Generator
F04720,harlem,community garden,"1,247",20230824,Generator
F01945,Sunset Park,the bakery,"1,417",20200908,Generator
F02734,Crown Heights,St. Marks Church,"1,835",20190510,Generator
F04246,Sunset Park,corner deli,280,20230423,Generator
F02890,Bed-Stuy,Green Grocer,962,20220613,solar
F03935,flatbush ,St. Marks Church,"1,870",20240322,Solar
F01088,Harlem,Bodega Grande,"1,246",20221118,GRID
F02294,Bed-Stuy,green grocer,"1,782",20181226,GRID
F04756,Bushwick,Community Garden,113,20221212,solar
F01416,mott haven,st. marks church,"1,454",20190924,SOLAR
F02355,harlem,Green Grocer,"1,070",20200312,Solar
F02430,crown hts,community garden,784,20190427,Grid
F01649,ridgewood,Corner Deli,"1,128",20200324,Grid
F00905,sunset park,Bodega Grande,"1,103",20220409,GRID
F01202,Harlem,Mutual Aid NYC,"1,341",20230314,Solar
F03158,Mott Haven,The Bakery,"1,444",20220826,SOLAR
F04434,Ridgewood,corner deli,596,20230516,Generator
F04707,crown hts,Bodega Grande,"1,628",20220318,grid
F01818,Mott Haven,the bakery,370,20220406,generator
F02101,Bushwick,st. marks church,615,20230515,generator
F00893,Bedford-Stuyvesant,Community Garden,820,20230119,Solar
F02484,Crown Heights,St. Marks Church,875,20210614,Solar
F00985,Flatbush,Green Grocer,540,20190622,Grid
F04686,Bushwick,the bakery,"1,594",20240716,solar
F03266,Crown Heights,St. Marks Church,205,20240727,grid
F03549,Ridgewood, CORNER DELI ,971,20231113,generator
F01825,Flatbush,St. Marks Church,210,20220314,generator
F00149,mott haven,Bodega Grande,986,20191107,solar
F00463,bed-stuy,mutual aid nyc,846,20230525,Grid
F00179,Harlem,green grocer,219,20201017,SOLAR
F03045,Flatbush,Mutual Aid NYC,"1,355",20180809,Generator
F03151,bed-stuy,community garden,"1,485",20190120,generator
F04025,bed-stuy,Mutual Aid NYC,47,20200104,solar
F02649,Flatbush,mutual aid nyc,"1,362",20181117,Solar
F03742, Bushwick ,St. Marks Church,"1,631",20210404,Grid
F03057,Mott Haven,st. marks church,"1,659",20211005,grid
F03498,bushwick,Corner Deli,"1,742",20221009,solar
F02665,sunset park,,"1,732",20240212,generator
F04631,crown hts,Bodega Grande,443,20240512,Solar
F03451,Sunset Park,Corner Deli,"1,249",20220514,solar
F03881,bed-stuy,Mutual Aid NYC,"1,357",20190907,Grid
F02512,mott haven,The Bakery,388,20210607,Grid
F02346,Flatbush,green grocer,295,20221219,GRID
F00043, Bushwick ,Corner Deli,"1,754",20180706,generator
F00613,Jackson Heights,Bodega Grande,"1,971",20230915,Generator
F03183,Crown Heights,mutual aid nyc,627,20180422,solar
F03082,Jackson Heights,st. marks church,999999,20191227,grid
F02335,Sunset Park,green grocer,163,20220926,GRID
F04761,Jackson Heights,Corner Deli,"1,783",20210927,solar
F01144,Sunset Park,green grocer,"1,775",20221121,Grid
F02409,sunset park,,"1,288",20200228,Grid
F04008,jackson hts,,653,20200813,SOLAR
F04180,Flatbush,the bakery,676,20210221,Grid
F02126,crown hts,St. Marks Church,"1,907",20220311,SOLAR
F01820,jackson hts,Community Garden,"1,164",20230505,GRID
F00642, Bushwick ,mutual aid nyc,914,20211226,Grid
F02474,Mott Haven,Bodega Grande,125,20210719,solar
F00519,harlem,Community Garden,445,20240420,Solar
F02878,Harlem,Mutual Aid NYC,386,20210905,Generator
F03575,Bed-Stuy,Corner Deli,184,20220412,grid
F03327,Jackson Heights,bodega grande,"1,972",20240114,Solar
F00808,sunset park,st. marks church,147,20200312,Grid
F01162,harlem, CORNER DELI ,807,20180602,Grid
F03088,bushwick,Bodega Grande,"1,833",20190227,SOLAR
F03691,Bed-Stuy,Community Garden,,20220707,Generator
F00875,flatbush , CORNER DELI ,81,20181124,Grid
F04693,ridgewood,corner deli,"1,420",20240807,generator
F00882,harlem,Community Garden,107,20210701,solar
F00550,Bedford-Stuyvesant,st. marks church,596,20210113,generator
F02932,harlem,bodega grande,"1,463",20221209,SOLAR
F04511,Jackson Heights,corner deli,"1,267",20220722,Generator
F03392,Flatbush, CORNER DELI ,569,20190202,Generator
F02925,sunset park,mutual aid nyc,84,20220628,GRID
F01484,Bushwick,Mutual Aid NYC,"1,002",20180405,Grid
F03778,jackson hts,St. Marks Church,"1,651",20210114,generator
F01319,sunset park,Community Garden,"1,460",20190805,Solar
F02097,Bed-Stuy, CORNER DELI ,"1,463",20220802,solar
F04666,ridgewood,St. Marks Church,844,20180427,Solar
F00755,Crown Heights, CORNER DELI ,330,20240818,solar
F00826,Bed-Stuy,Community Garden,"1,657",20240803,generator
F00828,bushwick,Bodega Grande,795,20240409,Grid
F02183,mott haven,Corner Deli,993,20231213,Solar
F01782,mott haven,Mutual Aid NYC,"1,949",20220720,solar
F02605,harlem, CORNER DELI ,842,20240422,solar
F02428,Jackson Heights,Mutual Aid NYC,79,20220413,Grid
F01988,mott haven, CORNER DELI ,263,20240918,Grid
F04413,Bedford-Stuyvesant,Bodega Grande,"1,475",20190823,Grid
F00424,jackson hts,green grocer,"1,368",20190421,Solar
F02124,crown hts,community garden,"1,781",20181111,Solar
F00984,bed-stuy,st. marks church,236,20211215,GRID
F04358,Flatbush,bodega grande,393,20241014,solar
F00810,bushwick,green grocer,"1,675",20180328,GRID
F01751,bushwick,Green Grocer,351,20190707,solar
F02202,bed-stuy,community garden,"1,920",20230501,grid
F03359,Mott Haven,Bodega Grande,"1,467",20240207,solar
F01200,Mott Haven,Mutual Aid NYC,"1,040",20190502,GRID
F02010,Sunset Park,Green Grocer,"1,666",17760911,SOLAR
F00763,Crown Heights, CORNER DELI ,760,20200105,SOLAR
F02685, Bushwick ,bodega grande,701,20180325,solar
F04819,Harlem,the bakery,"1,406",20240324,solar
F01758,jackson hts,st. marks church,"1,021",20231125,solar
F04433,sunset park,Mutual Aid NYC,259,20200303,solar
F03722,sunset park,mutual aid nyc,578,20191214,Generator
F00796,Crown Heights,Bodega Grande,"1,820",20201014,GRID
F04856, Bushwick ,The Bakery,"1,167",20201110,Generator
F02292,Bedford-Stuyvesant,the bakery,260,20190219,generator
F01922,flatbush ,The Bakery,"1,562",20200404,Solar
F00308,Bed-Stuy,green grocer,"1,217",20180603,Grid
F03161,bushwick,Corner Deli,962,20240907,Solar
F04151,Jackson Heights,Bodega Grande,62,20190916,SOLAR
F01090,Sunset Park,The Bakery,"1,969",20241003,SOLAR
F04341,Bed-Stuy,st. marks church,897,20190214,solar
F02838,Ridgewood,Bodega Grande,"1,040",20210911,generator
F03452,Ridgewood,Green Grocer,"1,656",20220906,SOLAR
F00022, Bushwick ,the bakery,"1,028",20221112,Grid
F04098,Mott Haven,Mutual Aid NYC,"1,604",20180428,GRID
F03389,bushwick,Community Garden,933,20210624,grid
F01113,Harlem,Mutual Aid NYC,"1,397",20180519,Solar
F02741,Jackson Heights,the bakery,226,20201022,Solar
F04854,jackson hts,Mutual Aid NYC,491,20200703,generator
F00618,sunset park,Bodega Grande,64,20240823,Grid
F04775,harlem,corner deli,649,20180519,Generator
F01279,bushwick,Green Grocer,"1,424",20230705,generator
F01599,Flatbush,Community Garden,332,20220104,Generator
F02894,Jackson Heights,Community Garden,"1,055",20230315,Generator
F03149,Bushwick,st. marks church,165,20180917,generator
F02232,Sunset Park,the bakery,527,20220202,Grid
F01375,Crown Heights,st. marks church,"1,531",20190506,Solar
F04036,ridgewood,the bakery,443,20230417,SOLAR
F04423,Bed-Stuy,community garden,481,20190814,Solar
F02958,Flatbush,green grocer,"1,872",20210308,SOLAR
F04598,Bushwick,st. marks church,489,20190522,Solar
F04520,Jackson Heights,Bodega Grande,"1,486",20180320,Solar
F03292,harlem,Mutual Aid NYC,"1,389",20181218,generator
F04503,bed-stuy,Corner Deli,"1,884",20210112,GRID
F01655,Sunset Park,green grocer,325,20200927,solar
F04891,sunset park,St. Marks Church,523,20230226,Generator
F01933,ridgewood,mutual aid nyc,"1,328",20240614,grid
F01496,Ridgewood,corner deli,"1,915",20180427,generator
F01491,bushwick,Community Garden,797,20180121,Solar
F00146,Crown Heights,Bodega Grande,-30,20240724,GRID
F00813,Jackson Heights,Community Garden,286,20230610,SOLAR
F03089,Harlem,The Bakery,"1,480",20181227,GRID
F02588,crown hts,the bakery,"1,466",20190317,grid
F03377,Mott Haven,the bakery,,20230606,grid
F00452,flatbush ,Community Garden,578,20240805,grid
F02825,jackson hts,Bodega Grande,672,20200911,generator
F02470,sunset park,corner deli,733,20180916,solar
F01807,Crown Heights, CORNER DELI ,"1,471",20200106,solar
F02701,mott haven, CORNER DELI ,76,20240512,SOLAR
F00838,flatbush , CORNER DELI ,"1,366",20241220,GRID
F04227, Bushwick ,community garden,965,20180605,Grid
F01705,flatbush ,community garden,771,20200222,solar
F03814,sunset park,Corner Deli,508,20190904,GRID
F01208,ridgewood,The Bakery,341,20180806,GRID
F02099,Bedford-Stuyvesant,Bodega Grande,"1,005",20230823,Generator
F04240,harlem,,,20210814,SOLAR
F01800,Flatbush,Corner Deli,865,20180623,Grid
F00169,Bed-Stuy,Green Grocer,71,20180207,GRID
F01082,Harlem,community garden,892,20201121,Generator
F01450,Bedford-Stuyvesant,community garden,"1,459",20220428,Generator
F00075,Crown Heights,Bodega Grande,851,20240207,Solar
F00163,bushwick,Corner Deli,"1,520",20210504,solar
F03269,Flatbush,Mutual Aid NYC,"1,752",20220424,Generator
F03615,Bushwick, CORNER DELI ,"1,750",20220705,SOLAR
F00069,crown hts,corner deli,"1,938",20220426,GRID
F00301,crown hts,mutual aid nyc,"1,420",20180722,grid
F03208,Ridgewood,,"1,226",20230411,Grid
F04446,jackson hts,St. Marks Church,"1,439",20210415,Grid
F04152,mott haven, CORNER DELI ,891,20220326,generator
F04644,Crown Heights,Community Garden,853,20211218,Grid
F01552,Jackson Heights,the bakery,406,20180106,Generator
F00086,jackson hts,Corner Deli,201,20210221,SOLAR
F02592,Bedford-Stuyvesant,,598,20200114,Generator
F04513,Harlem,community garden,"1,955",20240720,Generator
F03795,Sunset Park,community garden,"1,134",20240317,SOLAR
F02464,Bed-Stuy,st. marks church,687,20180604,Grid
F00120,Harlem,green grocer,502,20200624,grid
F03254,Sunset Park, CORNER DELI ,999999,20200902,generator
F02922,crown hts,bodega grande,631,20201011,Grid
F01907,Jackson Heights,The Bakery,"1,680",20191019,Generator
F01656,flatbush ,,212,20241105,Grid
F03585, Bushwick ,,"1,429",20210513,Grid
F02687,sunset park,corner deli,584,20210221,generator
F04611,crown hts, CORNER DELI ,51,20240626,generator
F03934,Bedford-Stuyvesant,corner deli,"1,994",20180822,Generator
F00919,Mott Haven,Corner Deli,694,20211213,solar
F03417,Flatbush,bodega grande,127,20200808,GRID
F03120,Jackson Heights,mutual aid nyc,491,20240208,Generator
F01349,bushwick,The Bakery,983,20220928,solar
F01638,mott haven,green grocer,559,20210325,grid
F02076,bed-stuy,,590,20240818,Grid
F00769,crown hts,green grocer,348,20200524,Solar
F01500,jackson hts,st. marks church,104,20230906,Generator
F00047,flatbush ,green grocer,"1,329",20220322,generator
F00538,Harlem,The Bakery,492,20230614,GRID
F04627,Flatbush,community garden,-30,20241121,SOLAR
F01299,Mott Haven,Bodega Grande,239,20221010,SOLAR
F04155,Crown Heights,,326,20190723,Grid
F03302,sunset park,st. marks church,427,20230406,SOLAR
F03312,sunset park, CORNER DELI ,"1,596",20191003,Generator
F04256,bushwick,St. Marks Church,"1,117",20230319,Solar
F04107,bushwick,Bodega Grande,"1,417",20210316,Solar
F02006,sunset park,community garden,113,20220222,generator
F00739,Bed-Stuy,,895,20240226,Solar
F02358,Mott Haven,,"1,675",20220812,generator
F04426,Bedford-Stuyvesant,Community Garden,448,20230318,Solar
F00805,bushwick,Community Garden,"1,514",20211021,SOLAR
F04688,bed-stuy,The Bakery,"1,853",20210810,grid
F03818, Bushwick ,st. marks church,"1,138",20181214,Grid
F03550,Bedford-Stuyvesant,st. marks church,"1,406",20220903,SOLAR
F03540,Flatbush, CORNER DELI ,"1,074",20190702,Grid
F04241,harlem,Corner Deli,"1,746",20210224,grid
F02508,jackson hts,community garden,"1,744",20190204,Solar
F02718,Ridgewood,bodega grande,105,20240923,SOLAR
F00947,bed-stuy,Green Grocer,876,20181026,Generator
F01801,bed-stuy,Community Garden,"1,724",20200926,SOLAR
F01257,Jackson Heights,Corner Deli,"1,377",20180516,Generator
F00341,Sunset Park,st. marks church,497,20231206,generator
F01194,Crown Heights,Green Grocer,782,20231015,solar
F01562,ridgewood,,"1,010",20230602,generator
F00970,Harlem,green grocer,654,20230321,GRID
F03723, Bushwick ,The Bakery,"1,219",20181123,solar
F02621,flatbush ,Green Grocer,571,20231222,Grid
F01242,ridgewood,Community Garden,521,20211003,grid
F00258,flatbush ,community garden,929,20240221,Solar
F02637,harlem,Mutual Aid NYC,"1,721",20180527,grid
F01676,Jackson Heights,St. Marks Church,"1,080",20240928,Generator
F03002,Flatbush,green grocer,227,20230910,generator
F03224,Mott Haven,St. Marks Church,"1,235",20211225,solar
F03196,Bed-Stuy,bodega grande,-30,20231116,grid
F04717,ridgewood, CORNER DELI ,"1,194",20230526,grid
F04636,mott haven,The Bakery,966,20180904,generator
F02125,sunset park,The Bakery,"1,420",20190707,Grid
F03600,flatbush ,community garden,722,20221008,solar
F04648, Bushwick ,community garden,"1,041",20231214,grid
F00941,Ridgewood,Bodega Grande,"1,874",20181113,generator
F03136,Flatbush,Green Grocer,293,20220715,GRID
F02187,crown hts,,825,20231125,SOLAR
F01409,Bushwick,Bodega Grande,"1,353",20200514,GRID
F03719,bed-stuy,green grocer,999999,20180211,Generator
F02350,bushwick,green grocer,630,20210608,Generator
F00370,crown hts,the bakery,,20210521,Solar
F03841,mott haven,community garden,"1,679",20181114,Generator
F03062,Bed-Stuy,corner deli,"1,286",20230408,GRID
F02281,ridgewood,Corner Deli,"1,265",20240902,Generator
F01390,Bushwick,Community Garden,203,20181206,GRID
F04554,bushwick,community garden,"1,551",20220719,GRID
F02238,harlem,Mutual Aid NYC,"1,269",20220114,Grid
F01155,bed-stuy,The Bakery,"1,665",20180501,Solar
F00333,jackson hts,mutual aid nyc,566,20190615,GRID
F03939,Sunset Park,the bakery,734,20190314,grid
F01039,bushwick,Community Garden,327,20240708,solar
F00631,flatbush ,community garden,"1,439",20190526,GRID
F04713,Bed-Stuy,The Bakery,883,20241106,Solar
F00485,mott haven,corner deli,"1,934",20210228,generator
F01437,flatbush ,bodega grande,"1,991",20190615,Grid
F00093,Sunset Park,Corner Deli,329,20200427,generator
F02402,sunset park, CORNER DELI ,"1,803",20241008,Solar
F00531,jackson hts,Corner Deli,924,20180319,Grid
F02903,harlem,Mutual Aid NYC,"1,866",20190305,Generator
F03139,flatbush ,corner deli,"1,026",20230906,Solar
F02798,Ridgewood,green grocer,999999,20200209,SOLAR
F01382,ridgewood,community garden,609,20231209,grid
F03115,Crown Heights,st. marks church,784,20200705,Generator
F04347,ridgewood,St. Marks Church,"1,193",20241205,generator
F01209,bed-stuy,bodega grande,821,20240215,GRID
F00478,flatbush ,Community Garden,229,20200604,grid
F00543,Mott Haven,The Bakery,283,20230808,generator
F02871,Ridgewood,Corner Deli,"1,892",20211210,GRID
F04512,sunset park,Community Garden,"1,502",20231110,SOLAR
F04563,ridgewood, CORNER DELI ,473,20990615,SOLAR
F01790,Harlem,The Bakery,"1,326",20201121,generator
F01947,bed-stuy,mutual aid nyc,590,20180319,Grid
F01293,Bedford-Stuyvesant,Community Garden,"1,134",20220515,generator
F00876,mott haven,Green Grocer,"1,651",20230202,Grid
F03931,crown hts,Bodega Grande,"1,439",20230118,SOLAR
F04567,Flatbush,St. Marks Church,"1,591",20210606,grid
F03772,Ridgewood,Green Grocer,"1,042",20181223,solar
F02874,Jackson Heights,,"1,975",20240308,GRID
F01354,Bedford-Stuyvesant,Corner Deli,652,20191022,Grid
F01069,bed-stuy,community garden,"1,317",20240925,generator
F03356,Harlem,The Bakery,"1,536",17760304,Generator
F01917,bushwick,mutual aid nyc,409,20200811,generator
F01786,Bed-Stuy,Mutual Aid NYC,"1,183",20190921,grid
F04734,harlem,Community Garden,341,20200101,grid
F04264,Harlem,St. Marks Church,484,20230103,Generator
F02679,Crown Heights,Corner Deli,868,20240710,solar
F02079,Harlem,The Bakery,496,20210223,SOLAR
F03578, Bushwick ,Bodega Grande,458,20220623,GRID
F00858,Harlem,Mutual Aid NYC,686,20220717,Solar
F01804,harlem,Bodega Grande,"1,968",20190922,grid
F00381,crown hts,Community Garden,"1,214",20240305,Grid
F01219,crown hts,Green Grocer,-30,20210723,solar
F00791,mott haven,green grocer,"1,421",20240203,Generator
F03634,Ridgewood,The Bakery,"1,004",20191107,SOLAR
F00733,Ridgewood,Corner Deli,"1,015",20211115,Grid
F03533,harlem,green grocer,"1,076",20180314,solar
F03606,flatbush ,St. Marks Church,906,20210212,Solar
F00113,bushwick,mutual aid nyc,925,20200420,grid
F04768,bushwick,Bodega Grande,"1,535",20991117,Generator
F00825,mott haven,corner deli,,20211120,generator
F01262,Mott Haven,Community Garden,520,20181201,GRID
F04645,Ridgewood,bodega grande,304,20241218,Grid
F02342,harlem,green grocer,"1,397",20230223,GRID
F00968,Bed-Stuy,bodega grande,"1,449",20190210,SOLAR
F02029,Crown Heights,community garden,936,20191128,solar
F02293,Harlem,Community Garden,770,20230724,SOLAR
F01473,Bedford-Stuyvesant,Community Garden,225,20240624,Generator
F04127,crown hts,Green Grocer,"1,041",20181015,Solar
F04604,ridgewood,The Bakery,722,20201022,Grid
F03304,Crown Heights,Community Garden,"1,081",20200320,generator
F01222,Bushwick,bodega grande,"1,765",20231110,GRID
F03659,mott haven,Green Grocer,225,20240117,GRID
F01205,Jackson Heights,Community Garden,"1,726",20220611,Generator
F02553,Mott Haven,community garden,647,20180311,Grid
F03073,Bed-Stuy,the bakery,,20190917,GRID
F01913,Flatbush,st. marks church,932,20210725,generator
F03507,Bushwick,green grocer,94,20230401,SOLAR
F02403,flatbush ,St. Marks Church,"1,605",20181112,grid
F00287,Sunset Park,bodega grande,385,20191219,Grid
F03218,Jackson Heights,community garden,"1,470",20240802,GRID
F01863, Bushwick ,corner deli,105,20200312,generator
F03810,Crown Heights,Mutual Aid NYC,"1,707",20211020,Generator
F03529,Bushwick,Mutual Aid NYC,"1,911",20230523,grid
F02497,mott haven,Community Garden,695,20231019,grid
F00414,Crown Heights,Community Garden,"1,960",20220221,Solar
F00801,bushwick,,"1,445",20180426,SOLAR
F03620,Ridgewood,st. marks church,414,20180419,Grid
F00388,Harlem,St. Marks Church,877,20240618,Grid
F01627,bed-stuy,st. marks church,57,20190611,solar
F02676,Ridgewood,,"1,051",20210810,GRID
F01910,flatbush , CORNER DELI ,,20240909,generator
F03223,Harlem,st. marks church,"1,842",20200514,solar
F03656,crown hts,Bodega Grande,"1,430",20190903,SOLAR
F01136,jackson hts,The Bakery,612,20220404,GRID
F01916,flatbush ,St. Marks Church,234,20200706,GRID
F02035,Bedford-Stuyvesant,,560,20220919,solar
F01439,Jackson Heights,st. marks church,,20190525,Grid
F03243, Bushwick ,Corner Deli,"1,403",20210205,Generator
F03844,crown hts,Corner Deli,310,20200306,Grid
F03101,harlem,St. Marks Church,247,20181108,Grid
F01641,jackson hts,Bodega Grande,58,20210222,GRID
F02942,sunset park,Green Grocer,759,20211003,GRID
F03955,Harlem,bodega grande,804,20210909,SOLAR
F03491,Mott Haven,st. marks church,402,20241220,SOLAR
F02054,Bed-Stuy,corner deli,380,20210117,grid
F04323,bushwick,community garden,461,20180828,grid
F03119,Ridgewood,st. marks church,999999,20230128,generator
F04719,bushwick,the bakery,"1,286",20190527,SOLAR
F02558,sunset park,community garden,"1,081",20220702,generator
F00144,Bushwick,the bakery,878,20231111,generator
F03886,Bushwick,corner deli,"1,288",20200507,generator
F02646,Bed-Stuy,bodega grande,"1,186",20200925,solar
F03961,Flatbush,green grocer,772,20180920,Generator
F03072,Sunset Park,corner deli,"1,902",20200823,SOLAR
F02061,Crown Heights,St. Marks Church,"1,502",20210904,Generator
F02502,crown hts,mutual aid nyc,369,20180127,generator
F01385,Flatbush,Mutual Aid NYC,571,20190714,generator
F03734,Bed-Stuy,Mutual Aid NYC,65,20191224,solar
F01252,mott haven,the bakery,"1,069",20220610,GRID
F02064,jackson hts,community garden,218,20180911,solar
F01646,Crown Heights,The Bakery,184,20220825,Solar
F02485, Bushwick ,the bakery,,20190710,Generator
F00741,Bushwick,mutual aid nyc,"1,461",20240925,Grid
F03696,jackson hts,Corner Deli,"1,756",20210714,SOLAR
F04121,Ridgewood,,566,20201214,Grid
F01126, Bushwick ,green grocer,417,20201103,Solar
F00957,Bed-Stuy,Mutual Aid NYC,551,20200204,Generator
F01636, Bushwick ,The Bakery,"1,174",20240415,grid
F02990,Sunset Park,corner deli,118,20180708,Solar
F00945,Ridgewood,,"1,516",20230424,solar
F00174,flatbush ,Green Grocer,638,20221011,grid
F04167,ridgewood,corner deli,"1,814",20200117,solar
F01592,Jackson Heights,st. marks church,112,20220603,Solar
F03878,crown hts,Green Grocer,"1,529",20180509,SOLAR
F03966,Mott Haven, CORNER DELI ,793,20180209,generator
F01103,sunset park,st. marks church,"1,638",20191218,generator
F01089,Sunset Park,Bodega Grande,214,20210327,solar
F01153,jackson hts,st. marks church,416,20221207,grid
F02941,Bedford-Stuyvesant,st. marks church,670,20240720,GRID
F02332,sunset park,the bakery,746,20241201,GRID
F00890, Bushwick , CORNER DELI ,436,20180120,Grid
F00487,Mott Haven,corner deli,674,20191011,Solar
F03524,Jackson Heights,the bakery,"1,588",20220119,solar
F04529,Flatbush,Corner Deli,,20211014,generator
F04018,Flatbush, CORNER DELI ,,20220905,Grid
F02797,Bed-Stuy,Mutual Aid NYC,"1,880",20221115,SOLAR
F01589,Bushwick,Community Garden,801,20221023,Solar
F02979,Mott Haven,Green Grocer,80,20240525,SOLAR
F01529,sunset park,The Bakery,794,20190327,Solar
F00239,Crown Heights,St. Marks Church,301,20210312,generator
F01951,Bushwick,Bodega Grande,358,20190918,solar
F00125,bushwick,mutual aid nyc,371,20190323,Grid
F02323,Harlem,green grocer,375,20190620,GRID
F01470,harlem,St. Marks Church,"1,963",20220918,generator
F00057,Bedford-Stuyvesant,Corner Deli,612,20230813,grid
F03331,Bed-Stuy,Bodega Grande,304,20211114,Generator
F04277,Crown Heights,Mutual Aid NYC,577,20180811,Solar
F04692,bushwick,st. marks church,"1,499",20230826,Grid
F00630,Sunset Park,the bakery,568,20240927,GRID
F01180,mott haven,mutual aid nyc,"1,435",20240825,Solar
F02817,ridgewood,Community Garden,"1,755",20200924,Grid
F00640,flatbush ,Mutual Aid NYC,"1,094",20201016,GRID
F01856, Bushwick , CORNER DELI ,"1,330",20231109,Generator
F03838,jackson hts,,"1,721",20240302,generator
F01714,Jackson Heights,community garden,"1,526",20200224,generator
F00949,jackson hts,Mutual Aid NYC,"1,350",20240114,Grid
F00484,Jackson Heights,The Bakery,515,20241204,solar
F00645,Jackson Heights,Bodega Grande,"1,323",20220711,grid
F01756,harlem,Bodega Grande,941,20181110,Solar
F03159,bushwick, CORNER DELI ,574,20230102,Solar
F02587,mott haven,corner deli,671,20190810,solar
F00716,Bushwick,St. Marks Church,"1,040",20191004,SOLAR
F02539, Bushwick , CORNER DELI ,"1,126",20240407,Grid
F00437,Bedford-Stuyvesant,Corner Deli,892,20190625,solar
F01590,Sunset Park,,386,20230828,SOLAR
F00423,harlem, CORNER DELI ,555,20190426,generator
F04437,jackson hts,St. Marks Church,"1,139",20201003,GRID
F02863,Mott Haven,,"1,434",20240915,GRID
F04542,Ridgewood,Corner Deli,"1,293",20210426,Solar
F01731,bed-stuy,Corner Deli,"1,363",20201217,solar
F01345,ridgewood,Green Grocer,"1,653",20211112,GRID
F04766,mott haven,Corner Deli,929,20210607,generator
F03078,bushwick,Corner Deli,"1,851",20210713,solar
F04137,Jackson Heights,,"1,507",20240705,grid
F02686,Jackson Heights,st. marks church,"1,347",20210315,Solar
F02736,Bedford-Stuyvesant,St. Marks Church,-30,20241226,Solar
F01948,crown hts,The Bakery,172,20220122,Grid
F03854,Bushwick,bodega grande,"1,079",20190511,Generator
F02573,jackson hts,the bakery,592,20240810,grid
F02505,mott haven,the bakery,"1,399",20220309,SOLAR
F00466,Mott Haven,corner deli,,20190416,SOLAR
F00126,Ridgewood,green grocer,"1,249",20191103,Grid
F04762,Sunset Park,Corner Deli,"1,293",20190222,SOLAR
F01675,Bedford-Stuyvesant,St. Marks Church,738,20210912,grid
F04405,jackson hts, CORNER DELI ,607,20190821,SOLAR
F02263,Bushwick,community garden,52,20221202,Generator
F03375,bushwick,Green Grocer,"1,014",20190519,Solar
F03843,Crown Heights,Mutual Aid NYC,"1,111",20210404,SOLAR
F00455,Mott Haven,st. marks church,"1,232",20240517,SOLAR
F01237,Mott Haven,Community Garden,279,20190304,SOLAR
F04304,harlem,Green Grocer,760,20210819,Grid
F04333,sunset park,green grocer,551,20201106,Generator
F03342,Sunset Park,the bakery,,20190211,Generator
F02452,bushwick,green grocer,"2,000",20181008,SOLAR
F02365, Bushwick ,green grocer,"1,431",20210202,Grid
F01502,Jackson Heights,St. Marks Church,786,20240813,Grid
F00512,Bed-Stuy,mutual aid nyc,"1,511",20200305,GRID
F03380,Harlem,,138,20230622,Solar
F00991,Crown Heights,st. marks church,659,20240108,grid
F02266,ridgewood,corner deli,"1,866",20211127,Generator
F00183,bushwick,Green Grocer,912,20210309,SOLAR
F04176,Flatbush,corner deli,492,20190718,SOLAR
F04377,Flatbush,mutual aid nyc,"1,335",20180208,grid
F01118,Mott Haven,green grocer,737,20210303,SOLAR
F02928,Sunset Park,the bakery,"1,882",20200308,Generator
F03166,ridgewood,,890,20220704,solar
F03328,Sunset Park,Corner Deli,549,20230424,Generator
F04440,Flatbush,Green Grocer,"1,571",20180623,generator
F00925,Jackson Heights,Mutual Aid NYC,"1,780",20990315,Generator
F02407,jackson hts,the bakery,584,20220506,Generator
F02742,ridgewood,Corner Deli,992,20221210,Generator
F02032,Crown Heights,st. marks church,169,20191224,grid
F02442,Crown Heights,Mutual Aid NYC,"1,233",20220125,GRID
F04396,sunset park,Mutual Aid NYC,191,20241116,grid
F00767,Bed-Stuy,green grocer,888,20230225,SOLAR
F02259,crown hts,Corner Deli,"1,708",20230113,Solar
F00974,sunset park,corner deli,"1,439",20220124,solar
F02240,Bed-Stuy,Corner Deli,"1,059",20210316,GRID
F01091,mott haven,the bakery,"1,556",20230326,Grid
F02109,flatbush ,Corner Deli,"1,486",20230720,Solar
F00245,crown hts,Bodega Grande,"1,677",20201223,generator
F03131,Harlem,Green Grocer,136,20231121,grid
F03221,harlem,the bakery,542,20191214,SOLAR
F04430,Bed-Stuy,mutual aid nyc,953,20240915,Generator
F00823,sunset park,Mutual Aid NYC,"1,481",20210723,grid
F04676,ridgewood,St. Marks Church,"1,530",20210312,SOLAR
F01309,Bushwick,st. marks church,"1,210",20201004,Grid
F03711,Jackson Heights,the bakery,"1,497",20181003,Grid
F04699,Mott Haven,St. Marks Church,"1,120",20190710,solar
F01582,Bedford-Stuyvesant, CORNER DELI ,"1,963",20201224,Generator
F04385,jackson hts,st. marks church,"1,899",20191114,solar
F04401,mott haven,Community Garden,"1,140",20240411,GRID
F04492,mott haven,Community Garden,"1,311",20220818,SOLAR
F00332,crown hts,community garden,"1,798",20210110,generator
F02948,Sunset Park,The Bakery,"1,515",20191120,Generator
F03898,mott haven,,702,20231215,Generator
F03317,flatbush ,Bodega Grande,"1,117",20231017,Generator
F04140,harlem,Green Grocer,"1,890",20191027,solar
F03835,harlem,st. marks church,909,20230409,Grid
F00700,crown hts,bodega grande,377,20190911,generator
F00532,Bed-Stuy,Corner Deli,"1,560",20230111,solar
F04096,Jackson Heights,Mutual Aid NYC,278,20201003,generator
F02862,ridgewood,Bodega Grande,"1,990",20200725,GRID
F04354,Mott Haven,Green Grocer,273,20220416,generator
F02467,Bedford-Stuyvesant,community garden,"1,338",20190628,SOLAR
F02697,Flatbush,green grocer,406,20240506,Solar
F00542,flatbush ,,495,20230714,GRID
F02803,Harlem,Green Grocer,126,20201210,generator
F00331,Harlem,bodega grande,338,20190909,Grid
F00756,Mott Haven,,"1,000",20200403,grid
F01429,Bedford-Stuyvesant,st. marks church,"1,948",20190103,generator
F01265,ridgewood,The Bakery,397,20240716,Generator
F03601,bushwick, CORNER DELI ,963,20210113,generator
F03746,crown hts,Bodega Grande,166,20210617,solar
F01193,Jackson Heights,Bodega Grande,"1,671",20200627,GRID
F01924,Mott Haven,Mutual Aid NYC,981,20190604,GRID
F03261,Jackson Heights,st. marks church,843,20220611,GRID
F01221,harlem,the bakery,"1,338",20220217,Solar
F04043,Flatbush, CORNER DELI ,"1,328",20190811,generator
F04683,crown hts,The Bakery,"1,987",20190522,Grid
F01487,Bedford-Stuyvesant,mutual aid nyc,714,20240815,grid
F00304,bushwick,Mutual Aid NYC,"1,864",20200807,solar
F03637,crown hts,The Bakery,300,20240102,solar
F03552,Crown Heights,St. Marks Church,"1,655",20210521,generator
F03616,Mott Haven,Bodega Grande,66,20191009,grid
F00319,sunset park,st. marks church,403,20240111,generator
F03140,Mott Haven,St. Marks Church,906,20220819,solar
F04687,jackson hts,Community Garden,"1,208",20191025,Generator
F02915,bushwick,corner deli,"1,560",20220309,Grid
F00565,bushwick,Green Grocer,694,20240906,Grid
F04081,Ridgewood,mutual aid nyc,"1,565",20200206,generator
F01668,Mott Haven,The Bakery,"1,223",20191013,Grid
F02583,crown hts, CORNER DELI ,"1,884",20200722,Grid
F03852,Harlem,corner deli,134,20190507,grid
F02269,mott haven,Corner Deli,"1,757",20180224,generator
F02382,ridgewood,Mutual Aid NYC,565,20240706,SOLAR
F01734,Harlem,the bakery,"1,619",20240806,Solar
F04198,sunset park,corner deli,885,20240906,generator
F02432,crown hts,St. Marks Church,"1,013",20210904,generator
F04678,Jackson Heights,st. marks church,"1,194",20200621,SOLAR
F00942,bushwick,Community Garden,541,20210314,GRID
F02967,Bedford-Stuyvesant,Green Grocer,"1,578",20201222,Generator
F03906, Bushwick ,The Bakery,924,20221026,Grid
F01876,crown hts,Bodega Grande,945,20230506,Grid
F00944,Harlem,,"1,065",20230623,GRID
F04165,Mott Haven, CORNER DELI ,253,20181226,grid
F03410,Sunset Park,Corner Deli,"1,459",20220321,grid
F00106,Bed-Stuy,The Bakery,813,20241024,solar
F00643,ridgewood,mutual aid nyc,675,20211115,SOLAR
F03382,jackson hts,Green Grocer,976,20181011,generator
F00830,bed-stuy,corner deli,991,20221008,SOLAR
F00052,Ridgewood,Green Grocer,520,20190816,Grid
F00795,harlem,green grocer,784,20180109,Grid
F04310,Bed-Stuy,green grocer,"1,437",20240102,solar
F01459,Jackson Heights,mutual aid nyc,220,20210207,Grid
F02608,Harlem,bodega grande,353,20200517,Solar
F03405,Sunset Park,corner deli,635,20180316,generator
F01837,jackson hts,Bodega Grande,613,20200525,GRID
F03631,Ridgewood,Community Garden,716,20221003,solar
F03320, Bushwick ,Community Garden,820,20191006,solar
F03565,ridgewood,st. marks church,616,20180614,Generator
F03560,Ridgewood,the bakery,137,20180712,Generator
F01956,crown hts,corner deli,"1,759",20180716,Grid
F01393,Bushwick,green grocer,382,20190528,Solar
F04296,Crown Heights,Green Grocer,"1,639",20210807,grid
F00032,Bed-Stuy,the bakery,945,20231110,GRID
F02008,bushwick,st. marks church,947,20241215,Grid
F02053,Ridgewood,mutual aid nyc,"1,124",20241214,Grid
F04184,mott haven,Mutual Aid NYC,"1,290",20210106,Generator
F00856,Jackson Heights,The Bakery,215,20230626,GRID
F01247,crown hts,Bodega Grande,"1,715",20230309,Generator
F02708,flatbush ,Green Grocer,808,20201105,Grid
F03028,Flatbush,green grocer,415,20231212,Generator
F02040,flatbush ,st. marks church,512,20211106,grid
F02156,Bushwick,Corner Deli,"1,369",20230815,solar
F03628,mott haven,the bakery,320,20230428,Grid
F03969,bushwick,Corner Deli,"1,478",20180725,grid
F03851,Bushwick,Green Grocer,"1,721",20240120,grid
F03556,Bedford-Stuyvesant,mutual aid nyc,254,20210407,Generator
F03765,crown hts,the bakery,"1,862",20220822,solar
F04260,Flatbush,bodega grande,"1,654",20220624,SOLAR
F04015,Bushwick, CORNER DELI ,595,20220401,generator
F04229,sunset park,Green Grocer,831,20230725,solar
F03315,harlem,green grocer,683,20230711,grid
F00001,Flatbush,St. Marks Church,703,20210904,grid
F02094,Bedford-Stuyvesant,bodega grande,"1,805",20200402,GRID
F00399,jackson hts,The Bakery,"1,512",20211208,Generator
F01511, Bushwick ,The Bakery,969,20190207,Solar
F03018,crown hts,Mutual Aid NYC,"1,147",20230225,GRID
F04044,crown hts,The Bakery,"1,331",20221027,grid
F00885,flatbush ,mutual aid nyc,"1,211",20191225,Solar
F02233,sunset park,bodega grande,778,20180918,SOLAR
F00649,bed-stuy,the bakery,586,20191212,generator
F01391,Bed-Stuy,community garden,323,20240718,SOLAR
F04673,Ridgewood,The Bakery,486,20240709,grid
F04332,ridgewood, CORNER DELI ,736,20240706,Solar
F02709,sunset park, CORNER DELI ,"1,981",20180416,GRID
F00710,jackson hts,mutual aid nyc,58,20231001,grid
F03973, Bushwick ,St. Marks Church,"1,717",20210109,Solar
F03804,flatbush , CORNER DELI ,"1,241",20230827,generator
F02672,Flatbush,Green Grocer,"1,533",20180404,solar
F03397,bushwick,Bodega Grande,280,20210423,GRID
F03989,harlem,St. Marks Church,403,20210226,SOLAR
F01512,Bedford-Stuyvesant,The Bakery,"1,564",20990624,solar
F03105,harlem,Corner Deli,312,20220917,SOLAR
F02777,mott haven,Mutual Aid NYC,"1,480",20241020,Grid
F03201,Ridgewood,community garden,"1,393",20240823,GRID
F01281,Bedford-Stuyvesant,the bakery,"1,552",20200328,generator
F01920,Ridgewood,St. Marks Church,"1,801",20240809,Grid
F03169, Bushwick ,Mutual Aid NYC,685,20230607,Solar
F02341,Flatbush,Bodega Grande,746,20210815,Solar
F01049,Harlem,Green Grocer,"1,620",20181013,Solar
F02277,Bed-Stuy,,83,20220702,Grid
F02619,harlem,The Bakery,511,20231005,SOLAR
F02334,Bed-Stuy,Community Garden,162,20221118,GRID
F04860,bed-stuy,Mutual Aid NYC,"1,672",20201223,solar
F02363,Mott Haven,bodega grande,"1,219",20231207,generator
F01449,ridgewood,community garden,705,20190212,GRID
F01527,Harlem,St. Marks Church,"1,966",20220512,Solar
F03826,Sunset Park, CORNER DELI ,699,17760505,generator
F04889,Mott Haven,The Bakery,"1,683",20220713,solar
F01862,Bed-Stuy,Mutual Aid NYC,"1,166",20231221,generator
F03272,Mott Haven,green grocer,482,20220320,Grid
F04160,flatbush ,st. marks church,470,20191223,generator
F03126,Flatbush,bodega grande,736,20221102,grid
F00111,Bedford-Stuyvesant,Community Garden,809,20220215,grid
F02997,Bushwick,St. Marks Church,"1,628",20180222,Generator
F04859,harlem,mutual aid nyc,"1,574",20200327,solar
F01286,ridgewood,St. Marks Church,"1,547",20221012,GRID
F02231,Mott Haven,st. marks church,607,20211009,solar
F04331,ridgewood,the bakery,,20230525,Grid
F03145,Jackson Heights, CORNER DELI ,"1,154",20210325,Generator
F02176,crown hts,the bakery,"1,017",20180220,grid
F03590,crown hts,st. marks church,"1,908",20180324,Solar
F00701,Flatbush,the bakery,"1,123",20210918,Grid
F04445,harlem,The Bakery,"1,040",20181209,grid
F02524,harlem,Corner Deli,"1,717",20180622,generator
F00515,Crown Heights,bodega grande,680,20230827,Solar
F02472,jackson hts,The Bakery,329,20221104,SOLAR
F01788,Bushwick,St. Marks Church,758,20190621,SOLAR
F04755,Bushwick,Green Grocer,827,20180911,grid
F01942,Sunset Park,community garden,394,20230207,grid
F01051,Flatbush, CORNER DELI ,"1,697",20181128,SOLAR
F03581,bed-stuy,The Bakery,659,20230903,SOLAR
F03074,Mott Haven,Green Grocer,"1,934",20210814,grid
F01163,Mott Haven,St. Marks Church,"1,974",20190116,Generator
F02180,Mott Haven,corner deli,382,20231216,GRID
F00784,harlem,Community Garden,530,20201112,Grid
F03954,Mott Haven,community garden,682,20180922,Solar
F03180,jackson hts,community garden,"1,831",20220613,generator
F02154,bed-stuy, CORNER DELI ,"1,348",20180211,GRID
F03629,Bedford-Stuyvesant,Mutual Aid NYC,"1,297",20211122,Solar
F03341,Harlem,St. Marks Church,"1,767",20230702,Generator
F04453,bushwick,community garden,,20200214,generator
F02670,Bushwick,mutual aid nyc,"1,991",20211105,GRID
F02829,crown hts,Mutual Aid NYC,,20240625,SOLAR
F01105,mott haven,mutual aid nyc,"1,890",20200226,GRID
F03157,Bushwick,bodega grande,469,20210522,Solar
F04133,Mott Haven,Bodega Grande,770,20190602,generator
F01725,Bedford-Stuyvesant,The Bakery,"1,661",20200405,solar
F03245,sunset park,Community Garden,335,20191216,GRID
F02992,Jackson Heights,The Bakery,847,20200517,Grid
F02622,harlem,Community Garden,"1,246",20180828,grid
F00218,Harlem,Bodega Grande,"1,780",20241225,GRID
F01094,Sunset Park,corner deli,719,20210109,generator
F01954,crown hts, CORNER DELI ,921,20180524,solar
F00897,jackson hts,bodega grande,,20200812,Generator
F02673,Sunset Park,corner deli,209,20210701,Grid
F00289,Bushwick,,398,20201109,solar
F02814,jackson hts,Bodega Grande,987,20231122,GRID
F03599,bed-stuy,Mutual Aid NYC,398,20220428,Solar
F04392,Crown Heights,The Bakery,"1,635",20210404,SOLAR
F00371,sunset park,Bodega Grande,"1,162",20231113,Solar
F00097,bed-stuy,bodega grande,871,20200102,generator
F04592,Crown Heights,Bodega Grande,637,20240322,Grid
F02046,Harlem,mutual aid nyc,606,20230104,Generator
F00389,Crown Heights,Mutual Aid NYC,923,20230411,Grid
F03662, Bushwick ,The Bakery,282,20221121,Grid
F01569,ridgewood,,"1,650",20220321,Solar
F04356,crown hts,Community Garden,272,20190107,generator
F04394,Bedford-Stuyvesant,,"1,918",20240908,solar
F02417,flatbush ,corner deli,898,20231115,Solar
F01930,Bushwick,st. marks church,"1,767",20190927,GRID
F01665,bushwick,,806,20210313,Grid
F01043,mott haven,green grocer,509,20240106,generator
F01808,bed-stuy,St. Marks Church,"1,618",20180912,Solar
F03230,bushwick,green grocer,"1,444",20180925,SOLAR
F00221,Ridgewood,Mutual Aid NYC,"1,063",20200314,solar
F02706,flatbush ,Mutual Aid NYC,"1,557",20190718,Solar
F04479,harlem,st. marks church,571,20191214,SOLAR
F02049,Sunset Park,Corner Deli,251,20221223,SOLAR
F03458,bed-stuy,St. Marks Church,,20210824,generator
F02445,sunset park,st. marks church,"1,657",20241015,Generator
F01336,crown hts,st. marks church,805,20210802,GRID
F02136,Harlem,,176,20180201,grid
F03515,Crown Heights,The Bakery,115,20230910,grid
F02036,Mott Haven,community garden,832,20181004,solar
F01307,Bedford-Stuyvesant, CORNER DELI ,977,20191102,Grid
F00619,Mott Haven,bodega grande,65,20230216,generator
F04115,Bushwick,bodega grande,"1,548",20220305,grid
F00951,jackson hts,bodega grande,110,20240617,generator
F02663,Harlem,Mutual Aid NYC,137,20200214,SOLAR
F02208,Bedford-Stuyvesant,The Bakery,"1,385",20211209,generator
F04797,flatbush ,Green Grocer,872,20180912,grid
F03064,Flatbush,mutual aid nyc,318,20190904,Solar
F02824,Jackson Heights,the bakery,762,20191007,Solar
F01220,mott haven,bodega grande,560,20240622,GRID
F02025,sunset park,Corner Deli,647,20220523,grid
F00496,mott haven,bodega grande,934,20230205,Grid
F04778,Harlem,Green Grocer,"1,811",20190608,SOLAR
F00217,sunset park,St. Marks Church,"1,602",20190314,GRID
F00748,bed-stuy,mutual aid nyc,"1,150",20191222,grid
F02847,harlem,bodega grande,"1,684",20230626,Grid
F01953,Bushwick,bodega grande,653,20240426,solar
F00210,mott haven,community garden,"1,851",20241120,grid
F02632,Bed-Stuy,,999999,20220807,Grid
F04569,flatbush ,,608,20220726,Generator
F00311,Sunset Park,Corner Deli,128,20180609,grid
F02924,Bushwick, CORNER DELI ,"1,178",20200208,Solar
F02192,Bushwick,Bodega Grande,"1,713",20220214,Grid
F04010,Jackson Heights,,645,20220307,Solar
F04839,Bedford-Stuyvesant,Community Garden,"1,110",20230901,Solar
F01610,Bushwick,community garden,,20240205,SOLAR
F00363,Jackson Heights,green grocer,994,20200323,generator
F01025,Bed-Stuy,Bodega Grande,862,20210318,generator
F03485, Bushwick ,Green Grocer,"1,931",20221108,GRID
F00271,Bed-Stuy,bodega grande,"1,070",20231124,Generator
F00693,jackson hts,Community Garden,"1,199",20220707,SOLAR
F03409,bed-stuy, CORNER DELI ,185,20240924,grid
F02324,Mott Haven,Bodega Grande,"1,187",20190828,SOLAR
F04374,flatbush ,Green Grocer,999999,20230312,Generator
F00342,jackson hts,,290,20190903,SOLAR
F04362,Jackson Heights,Green Grocer,777,20230218,Grid
F01712,Harlem,st. marks church,433,20180319,GRID
F03768,Bushwick, CORNER DELI ,"1,260",20241127,Grid
F02566,Bedford-Stuyvesant,Corner Deli,"1,022",20230803,Generator
F03520,Bedford-Stuyvesant,St. Marks Church,"1,273",20231123,solar
F01602,Sunset Park, CORNER DELI ,"1,235",20221224,Solar
F04003,mott haven,mutual aid nyc,456,20241205,Solar
F03720,Crown Heights,Green Grocer,-30,20190925,solar
F02881,Sunset Park,community garden,"1,981",20191101,Grid
F03471,Harlem,mutual aid nyc,"1,613",20210521,generator
F03470,Jackson Heights,Community Garden,932,20210501,Generator
F01467,Bed-Stuy,bodega grande,"1,542",20220303,GRID
F02001,Ridgewood,community garden,"1,150",20210814,Grid
F02743,ridgewood,the bakery,755,20220417,GRID
F00262,Bedford-Stuyvesant,Community Garden,"1,063",20200323,GRID
F03440,harlem,Community Garden,"1,269",20180913,solar
F03480,Bed-Stuy,Bodega Grande,"1,364",20180802,SOLAR
F03754,Bed-Stuy,St. Marks Church,"1,006",20190321,grid
F02031, Bushwick ,The Bakery,"1,306",20230710,grid
F03756,Bedford-Stuyvesant,bodega grande,"1,321",20220323,GRID
F03318,crown hts,bodega grande,511,20240703,Solar
F04104,bed-stuy,community garden,"1,269",20240101,grid
F02865,bushwick,mutual aid nyc,"1,754",20190908,grid
F00887,Sunset Park,bodega grande,"1,816",20221125,solar
F03702,Bed-Stuy, CORNER DELI ,988,20241017,Generator
F04258,Harlem,Mutual Aid NYC,"1,134",20240820,Solar
F00083,flatbush ,,576,20230124,Grid
F03093,Crown Heights,mutual aid nyc,"1,079",20191202,GRID
F02164,Bed-Stuy,Bodega Grande,"1,098",20231123,Grid
F01330,mott haven,Mutual Aid NYC,"1,463",20230728,Grid
F02660,Flatbush,community garden,"1,841",20220228,grid
F04173, Bushwick ,corner deli,589,20201007,Generator
F02526,Bushwick,The Bakery,427,20181028,Solar
F03660,bed-stuy,mutual aid nyc,"1,919",20190315,solar
F04309,mott haven,st. marks church,201,20231011,grid
F04178,bed-stuy,,"1,517",20221121,generator
F01766,ridgewood,,581,20240601,Grid
F01411, Bushwick ,Community Garden,410,20191122,generator
F01780,harlem,corner deli,524,20191122,Generator
F02078,Bed-Stuy,Corner Deli,"1,600",20190416,GRID
F00734,Crown Heights,St. Marks Church,424,20220614,SOLAR
F04150, Bushwick ,Corner Deli,"1,579",20220509,Grid
F02410,jackson hts,bodega grande,"1,281",20190326,Generator
F02808,flatbush ,Community Garden,"1,300",20210527,Grid
F02943,ridgewood,Green Grocer,"1,276",20200626,SOLAR
F04012,Bedford-Stuyvesant,Mutual Aid NYC,"1,372",20240826,generator
F01784,bed-stuy,bodega grande,"1,252",20210228,generator
F00544,Jackson Heights,The Bakery,"1,739",20241107,SOLAR
F02486,Flatbush,Mutual Aid NYC,661,20220527,Grid
F01061,mott haven,,"1,836",17760901,generator
F01741,sunset park,community garden,"1,475",20200716,Generator
F04610,Jackson Heights,the bakery,"1,946",20220315,Generator
F01574,Bushwick,Bodega Grande,254,20191125,generator
F01151,Sunset Park,the bakery,"1,556",20200124,Solar
F02962,Bedford-Stuyvesant,The Bakery,"1,125",20180512,solar
F02356,Mott Haven,,"1,199",20230422,SOLAR
F04145,crown hts,mutual aid nyc,"1,695",20230825,generator
F01424,mott haven,green grocer,238,20241116,solar
F02901,Bushwick,Green Grocer,"1,296",20220325,Generator
F03547,mott haven,Mutual Aid NYC,"1,531",20230404,generator
F00800,Mott Haven,bodega grande,780,20240814,Generator
F00637, Bushwick ,Bodega Grande,"1,809",20240204,Generator
F02270,Harlem,mutual aid nyc,849,20180920,Grid
F01652,sunset park,Bodega Grande,"1,350",20220713,Grid
F04543,Bed-Stuy,mutual aid nyc,983,20201007,Solar
F02595,jackson hts,st. marks church,343,20210102,Grid
F00603,ridgewood,st. marks church,"1,014",20220413,solar
F01423,flatbush ,mutual aid nyc,94,20230704,solar
F04399,Sunset Park,The Bakery,623,20230826,grid
F02188,ridgewood,St. Marks Church,287,20200603,SOLAR
F04843,Jackson Heights,Green Grocer,,20240820,Solar
F03429,jackson hts,Community Garden,"1,718",20200818,SOLAR
F01492,Bed-Stuy,the bakery,,20191113,Generator
F04606,Sunset Park,mutual aid nyc,"1,754",20211118,grid
F02828,Mott Haven,bodega grande,"1,408",20231203,Grid
F04865, Bushwick ,corner deli,"1,568",20180805,grid
F03924,bushwick,Bodega Grande,629,20240111,generator
F00626,Jackson Heights, CORNER DELI ,"1,689",20180712,GRID
F00743,crown hts,,54,20200823,Solar
F04295,mott haven,st. marks church,"1,533",20221010,Solar
F01600,mott haven, CORNER DELI ,75,20190307,grid
F02725,crown hts,community garden,"1,992",20180327,grid
F03137,bed-stuy,,637,20200501,Grid
F02809,Harlem,the bakery,999999,20190907,grid
F01622,bushwick,St. Marks Church,441,20240615,Grid
F01657, Bushwick ,Mutual Aid NYC,"1,396",20190809,Solar
F02396,Crown Heights,green grocer,"1,993",20220825,generator
F01176,Mott Haven,The Bakery,"1,663",20231119,Grid
F00048,ridgewood,mutual aid nyc,"1,052",20231217,GRID
F03192,Mott Haven,Bodega Grande,"1,543",20230319,SOLAR
F00360,Ridgewood,st. marks church,"1,190",20211202,SOLAR
F01434,Bedford-Stuyvesant,Community Garden,229,20220116,solar
F04747,Crown Heights, CORNER DELI ,"1,391",20200510,grid
F03506,Bushwick,St. Marks Church,349,20211205,Solar
F00238, Bushwick , CORNER DELI ,932,20230423,solar
F02425,flatbush ,green grocer,"1,344",20200514,solar
F02763,Bed-Stuy,green grocer,999999,20221225,SOLAR
F03807,ridgewood,Corner Deli,,20230403,solar
F03084,Jackson Heights,the bakery,390,20180717,generator
F03004,harlem,bodega grande,"1,245",20221211,grid
F01100,bed-stuy,the bakery,"1,299",20211011,generator
F00999,Ridgewood,community garden,674,20240901,Generator
F00954,Harlem,Green Grocer,"1,338",20190628,generator
F04838,Crown Heights,bodega grande,"1,678",20240813,Grid
F02999,jackson hts,mutual aid nyc,434,20220623,SOLAR
F04849,bushwick,mutual aid nyc,82,20210210,solar
F03740,sunset park,green grocer,281,20210808,Grid
F00008, Bushwick ,mutual aid nyc,"1,227",20180823,grid
F03300, Bushwick , CORNER DELI ,,20210410,grid
F03916,Mott Haven,Green Grocer,872,20191010,GRID
F03249,jackson hts,the bakery,"1,749",20230908,Generator
F02344,ridgewood,community garden,"1,157",20230211,Generator
F03007,Mott Haven,the bakery,"1,888",20220413,GRID
F04348,Harlem,The Bakery,565,20200310,Solar
F00888,Bushwick,st. marks church,,20230313,Grid
F03967, Bushwick ,st. marks church,447,20180901,grid
F01277,Ridgewood,bodega grande,"1,328",20210611,GRID
F01318,ridgewood,bodega grande,"1,013",20200422,Grid
F04835,Crown Heights,bodega grande,835,20180702,SOLAR
F04442, Bushwick , CORNER DELI ,"1,146",20240405,SOLAR
F03978,Crown Heights,the bakery,,20200225,SOLAR
F00566,Mott Haven,,"1,252",20220206,grid
F04862,bed-stuy,Bodega Grande,-30,20200213,Generator
F03303,jackson hts,mutual aid nyc,793,20220315,SOLAR
F01865,mott haven,Bodega Grande,981,20220125,SOLAR
F03573,Ridgewood,the bakery,143,17760723,SOLAR
F02328,Bedford-Stuyvesant,Community Garden,"1,132",20240706,Grid
F00309,Mott Haven,bodega grande,"1,116",20191124,Grid
F00890, Bushwick , CORNER DELI ,436,20180120,Grid
F02128,Mott Haven,st. marks church,"1,767",20220727,generator
F02288,jackson hts,Mutual Aid NYC,574,20240113,solar
F02131,ridgewood,st. marks church,69,20210904,Solar
F01766,ridgewood,,581,20240601,Grid
F02295,Flatbush,Community Garden,"1,198",20190902,Solar
F02242,Sunset Park,bodega grande,"1,471",20201004,GRID
F02073,crown hts,Community Garden,"1,659",20190502,Grid
F03199,harlem,Corner Deli,"1,439",20190104,grid
F03603,sunset park,bodega grande,913,20180109,Solar
F00426,Bed-Stuy,Corner Deli,868,20210715,solar
F03840,Crown Heights, CORNER DELI ,332,20241107,Generator
F01932,harlem,the bakery,156,20211212,generator
F04870,Mott Haven,The Bakery,133,20221113,generator
F00052,Ridgewood,Green Grocer,520,20190816,Grid
F04179, Bushwick , CORNER DELI ,834,20230302,Solar
F03384,sunset park,Bodega Grande,825,20180727,Grid
F00060,harlem,Corner Deli,196,20210504,GRID
F04128,flatbush ,Corner Deli,"1,428",20211208,solar
F01291,Flatbush,mutual aid nyc,477,20180925,GRID
F03888,sunset park,Green Grocer,"1,283",20180622,GRID
F01614,Bed-Stuy,the bakery,"1,035",20190904,grid
F01838,Flatbush,community garden,"1,932",20240326,Generator
F00785,Bedford-Stuyvesant,community garden,93,20230522,generator
F01516, Bushwick ,Mutual Aid NYC,227,20190811,GRID
F02286,sunset park,green grocer,"1,533",20230102,generator
F03773,bushwick,Community Garden,"1,518",20220818,SOLAR
F04089,Ridgewood,corner deli,487,20220216,Solar
F02880,bed-stuy,Community Garden,"1,222",20191012,Generator
F02093,bed-stuy,,"1,173",20230914,Solar
F01619, Bushwick ,St. Marks Church,"1,375",20190410,SOLAR
F02256, Bushwick ,bodega grande,"1,052",20211101,Grid
F01316,Jackson Heights,community garden,304,20190816,generator
F00900, Bushwick ,Corner Deli,"1,317",20180822,GRID
F04732,Sunset Park,st. marks church,"1,478",20220607,solar
F02333,crown hts,Community Garden,509,20230717,Solar
F03712,Sunset Park,,123,20210122,Solar
F01770,Bushwick,bodega grande,"1,248",20180719,grid
F04419,Harlem,the bakery,683,20220525,Generator
F03564,jackson hts,community garden,419,20191007,grid
F01417,ridgewood,St. Marks Church,780,20230404,generator
F02384, Bushwick ,community garden,"1,284",20200314,solar
F04681,bed-stuy,green grocer,"1,274",20200603,solar
F02019,sunset park,corner deli,704,20240909,Generator
F00725,bed-stuy, CORNER DELI ,"1,251",17761218,Solar
F02119,Flatbush,green grocer,"1,093",20221014,grid
F04163,jackson hts,mutual aid nyc,"1,297",20190210,Grid
F01169,Sunset Park,Green Grocer,"1,626",20180901,GRID
F03829,Harlem,Corner Deli,"1,633",20191107,solar
F01285,crown hts,Bodega Grande,739,20240405,GRID
F00412, Bushwick ,the bakery,512,20200411,GRID
F01415,Flatbush,green grocer,999999,17761218,Grid
F01877,Flatbush,Bodega Grande,"1,740",20180103,Grid
F03436,Ridgewood,Community Garden,386,20240709,generator
F03494,Crown Heights,green grocer,"1,986",20190816,Grid
F00620,flatbush ,The Bakery,"1,388",20230104,Generator
F01785,Mott Haven,bodega grande,"1,635",20230602,Grid
F03350,Bushwick,Green Grocer,89,20210306,generator
F04421, Bushwick ,Mutual Aid NYC,"1,374",20180518,GRID
F04508, Bushwick , CORNER DELI ,256,20210704,SOLAR
F03488,Mott Haven,Green Grocer,366,20221218,GRID
F00593, Bushwick ,st. marks church,390,20200901,grid
F04517,Crown Heights,green grocer,47,20230217,SOLAR
F03042,Bushwick, CORNER DELI ,226,20191220,generator
F03210,Bedford-Stuyvesant,Mutual Aid NYC,"1,266",20221014,Generator
F03310,bed-stuy,Community Garden,"1,057",20220419,solar
F01160,Flatbush,green grocer,"1,192",20200507,grid
F02983,flatbush ,green grocer,"1,193",20191021,Solar
F02806,crown hts,green grocer,41,20241218,Generator
F01287,Mott Haven,Mutual Aid NYC,"1,703",20180726,grid
F01427,jackson hts,Community Garden,"1,273",20210628,grid
F01505,ridgewood,Community Garden,"1,001",20190301,GRID
F01315,sunset park,St. Marks Church,"1,722",20190524,generator
F03626,Bedford-Stuyvesant,bodega grande,779,20200413,GRID
F01312,ridgewood,Community Garden,185,20230820,grid
F04572,sunset park,Bodega Grande,"1,376",20191115,SOLAR
F01579,Harlem,,"1,811",20230710,GRID
F02024,Ridgewood,The Bakery,197,20200315,Generator
F02767,Bed-Stuy,Green Grocer,"1,057",20220315,solar
F02960,jackson hts,the bakery,"1,611",20200327,SOLAR
F03107,jackson hts,Bodega Grande,"1,846",20180624,Solar
F03563,flatbush ,bodega grande,"1,525",20190227,generator
F03902,Bed-Stuy,mutual aid nyc,"1,853",20180401,GRID
F04048,bushwick,Bodega Grande,251,20180806,Grid
F04708,Flatbush,green grocer,439,20211019,solar
F03454,Crown Heights,St. Marks Church,572,20210716,grid
F04259,Crown Heights,st. marks church,969,20180308,Grid
F00171,Bushwick,Corner Deli,"1,060",20200101,Grid
F04842,Jackson Heights,,"1,087",20240127,grid
F02561, Bushwick ,bodega grande,108,20230807,generator
F04500,Sunset Park,,"1,207",20190821,grid
F04841,jackson hts,The Bakery,"1,565",20231204,Grid
F02700,bed-stuy,The Bakery,341,20190217,generator
F01269,sunset park,green grocer,"1,984",20190505,SOLAR
F03175,Flatbush,Mutual Aid NYC,"1,155",20201008,grid
F03278,bushwick, CORNER DELI ,148,20220326,SOLAR
F00127,harlem,the bakery,109,20240227,Generator
F02415,Sunset Park,green grocer,"1,376",20240415,grid
F03231,Jackson Heights,,"1,115",20180307,Generator
F00624,bushwick,,"1,338",20180105,solar
F04342,Crown Heights,St. Marks Church,"1,074",20210612,generator
F02521,Ridgewood,corner deli,"1,351",20180810,SOLAR
F03348,crown hts,mutual aid nyc,"1,154",20221015,GRID
F04633,sunset park,Corner Deli,"1,965",20200309,Solar
F00105,Mott Haven,the bakery,"1,084",20181211,Grid
F02170,Bushwick,st. marks church,-30,20210214,SOLAR
F01644,Crown Heights,,274,20231116,Grid
F02349, Bushwick ,Corner Deli,768,20220303,GRID
F03793,Ridgewood,the bakery,"1,573",20191106,SOLAR
F01853,Mott Haven,the bakery,,20200211,GRID
F01909,Flatbush,Mutual Aid NYC,"1,622",20220127,Grid
F00950,bushwick,st. marks church,"1,409",20200313,Grid
F03545,Ridgewood,corner deli,"1,544",20210421,Solar
F04536,Bed-Stuy,community garden,"1,168",20191111,grid
F00811,bushwick,community garden,262,20210928,solar
F01332,Flatbush,,"1,283",20230418,Generator
F03848,sunset park,community garden,"1,281",20190812,GRID
F02175,Mott Haven,community garden,"1,821",20180812,Generator
F01911,flatbush ,corner deli,288,20201103,Solar
F02056,Flatbush,corner deli,933,20231124,solar
F02850,Bedford-Stuyvesant,Bodega Grande,"1,457",20210920,generator
F01206,Jackson Heights,corner deli,626,20211018,solar
F02515,Bedford-Stuyvesant,the bakery,"1,794",17760313,grid
F00134,Bedford-Stuyvesant,bodega grande,904,20180718,generator
F03365,crown hts,corner deli,575,20181208,Solar
F04551,Bedford-Stuyvesant,bodega grande,"1,938",20200824,generator
F00114,Crown Heights, CORNER DELI ,662,20200519,SOLAR
F00385,Sunset Park,community garden,"1,259",20180808,SOLAR
F00375,Harlem, CORNER DELI ,"1,901",20220602,Generator
F03456,Flatbush,st. marks church,60,20210504,generator
F02867,harlem,bodega grande,206,20211026,Grid
F02727,Ridgewood,green grocer,,20210313,Solar
F01300,ridgewood,Community Garden,174,20240913,SOLAR
F04614,ridgewood,bodega grande,"1,942",20180328,Grid
F02289,crown hts,st. marks church,"1,510",20230919,solar
F04094, Bushwick ,Mutual Aid NYC,82,20211123,Solar
F04705,crown hts,Corner Deli,268,20220527,grid
F00392,Sunset Park,Mutual Aid NYC,"1,353",20231106,SOLAR
F02695,Flatbush,Bodega Grande,724,20191007,grid
F03398,flatbush ,St. Marks Church,740,20200227,Grid
F03605,bushwick,the bakery,508,20181024,GRID
F02068,Jackson Heights,corner deli,748,20230728,GRID
F02590,Jackson Heights,Bodega Grande,"1,063",20241006,Grid
F04432,jackson hts,Green Grocer,"1,728",20230801,GRID
F01096,crown hts,Bodega Grande,352,20240421,generator
F02237,Mott Haven,Corner Deli,"1,838",20210210,generator
F01432,Mott Haven,the bakery,"1,025",20190816,Solar
F02653,Bedford-Stuyvesant,Corner Deli,682,20190120,Solar
F00921,Ridgewood,community garden,70,20220525,generator
F01923,mott haven,Community Garden,762,20200822,SOLAR
F00601,mott haven, CORNER DELI ,566,20240921,grid
F01597,crown hts,Corner Deli,576,20231128,GRID
F02987,harlem,corner deli,"1,345",20240819,Grid
F04822,Flatbush,bodega grande,"1,857",20220310,grid
F02151,Jackson Heights,corner deli,257,20211005,solar
F00521,ridgewood,Corner Deli,"1,937",20190109,Grid
F03855,jackson hts,Bodega Grande,856,20240401,GRID
F01548,Mott Haven,bodega grande,"1,406",20191104,grid
F03641,Flatbush, CORNER DELI ,,20200503,grid
F03582,crown hts,The Bakery,,20210111,Grid
F00343,mott haven,Mutual Aid NYC,"1,861",20180520,Grid
F04322, Bushwick ,St. Marks Church,416,20180923,grid
F00648,Ridgewood,Green Grocer,704,20190602,Solar
F01701,flatbush ,st. marks church,"1,876",20210327,SOLAR
F04465,Harlem,green grocer,254,20220318,solar
F02620,sunset park,Bodega Grande,906,20200916,Grid
F03909,ridgewood,Mutual Aid NYC,406,20190520,Grid
F00368,Bed-Stuy,green grocer,162,20210102,generator
F00156,crown hts,st. marks church,201,20210209,GRID
F01377,mott haven,st. marks church,"1,761",20180816,solar
F00988,jackson hts,St. Marks Church,"1,625",20240313,Grid
F02815,Bed-Stuy,Corner Deli,789,20211013,SOLAR
F02086,harlem,the bakery,758,17760604,Grid
F03053,Bedford-Stuyvesant,the bakery,825,20210325,generator
F03873,Bushwick,,533,20201114,Generator
F04409,Jackson Heights,bodega grande,"1,152",20240707,solar
F02956, Bushwick ,mutual aid nyc,"1,777",20230710,SOLAR
F01132,Ridgewood,Green Grocer,261,20220913,GRID
F01170,crown hts,community garden,"1,840",20201223,grid
F03725,Sunset Park,,355,20241205,grid
F04751,ridgewood,Bodega Grande,532,20210322,Grid
F02340,Ridgewood,Mutual Aid NYC,388,20201223,GRID
F00872,Bushwick, CORNER DELI ,"1,598",20210312,grid
F04649,Mott Haven,St. Marks Church,"1,502",20181025,generator
F00686,Sunset Park,corner deli,552,20220115,solar
F02152,ridgewood,Bodega Grande,"1,803",20180221,grid
F01469,Flatbush,green grocer,947,20220601,SOLAR
F02707,Crown Heights,corner deli,"1,094",20230412,GRID
F02713,Jackson Heights,The Bakery,392,20200917,grid
F00707,Bedford-Stuyvesant, CORNER DELI ,61,20240925,generator
F00390,Harlem,Community Garden,437,20221224,solar
F01340,jackson hts, CORNER DELI ,"1,198",20221003,GRID
F01056,Jackson Heights,mutual aid nyc,180,20210120,SOLAR
F03717,sunset park,Community Garden,878,20230709,grid
F04820,Harlem,Mutual Aid NYC,"1,616",20220317,grid
F01509,Jackson Heights,corner deli,"1,126",20240401,SOLAR
F04111,Sunset Park,,"1,648",20221122,GRID
F00963,mott haven,The Bakery,327,20240320,Grid
F04568,Bedford-Stuyvesant,Community Garden,"1,966",20231019,grid
F02570,Bedford-Stuyvesant,bodega grande,89,20211115,generator
F01270,harlem,Green Grocer,721,20180809,generator
F02689,Bushwick,green grocer,536,20180510,Generator
F03205,bushwick,The Bakery,"1,491",20240809,solar
F03396,jackson hts,green grocer,365,20190301,generator
F01891,Flatbush,St. Marks Church,306,20220127,SOLAR
F03763,Bedford-Stuyvesant,green grocer,"1,159",20240514,SOLAR
F03698,Crown Heights,green grocer,"1,634",20220803,Generator
F02769,Ridgewood,Green Grocer,231,20230511,GRID
F03899,Sunset Park,bodega grande,134,20220315,GRID
F03836,Jackson Heights,corner deli,932,20240827,Generator
F02852,crown hts,community garden,156,20230312,solar
F03791,ridgewood,bodega grande,"1,996",20211215,grid
F02273,Mott Haven,the bakery,"1,601",20190301,SOLAR
F00778,Harlem, CORNER DELI ,49,20220103,Solar
F02667,Mott Haven,Mutual Aid NYC,626,20190923,Grid
F02359,Jackson Heights,bodega grande,63,20230702,Generator
F00135,sunset park,Corner Deli,"1,973",20221021,SOLAR
F04850,crown hts,Bodega Grande,999999,20180114,generator
F03346, Bushwick ,st. marks church,999999,20240926,grid
F02466,mott haven,bodega grande,"1,023",20210104,Grid
F02761,Bed-Stuy,corner deli,797,20181112,generator
F04796,Sunset Park,bodega grande,"1,549",20210420,SOLAR
F02414,Mott Haven,The Bakery,636,20190202,grid
F02710,Crown Heights,community garden,701,20241224,SOLAR
F01003,Bed-Stuy,The Bakery,"1,582",20230322,solar
F00245,crown hts,Bodega Grande,"1,677",20201223,generator
F01401,Mott Haven,Green Grocer,"1,529",20200120,Grid
F02647,Mott Haven, CORNER DELI ,"1,305",20230705,solar
F00589, Bushwick ,,128,20200304,Solar
F02936,Crown Heights,mutual aid nyc,471,20190103,Solar
F03343,Sunset Park,,48,17760227,Solar
F02664,sunset park,the bakery,279,20210822,grid
F04026,Crown Heights,,999999,20241103,Generator
F01166,Ridgewood,community garden,308,20190718,Generator
F00359,Harlem,corner deli,"1,823",20231104,solar
F03150, Bushwick ,community garden,"1,803",20190819,Generator
F03103,jackson hts,The Bakery,917,20190425,grid
F03887,Bed-Stuy,St. Marks Church,179,20240327,Solar
F01969,Mott Haven,Green Grocer,701,20220705,solar
F02907,bushwick, CORNER DELI ,"1,371",20230122,Generator
F01869,bed-stuy,Corner Deli,266,20230905,SOLAR
F01055, Bushwick ,bodega grande,"1,167",17760528,solar
F00664,Ridgewood, CORNER DELI ,"1,090",20190920,GRID
F02973,Sunset Park,green grocer,"1,398",20180906,Solar
F01217,Crown Heights,Corner Deli,318,20220828,GRID
F03173,Bed-Stuy,The Bakery,818,20241208,Grid
F03435,sunset park,Green Grocer,"1,004",20220823,generator
F01273,Crown Heights,St. Marks Church,"1,959",20180925,GRID
F04874, Bushwick ,Bodega Grande,"1,295",20230101,GRID
F02062,sunset park,corner deli,,20190224,Generator
F01554,bed-stuy,corner deli,616,20240704,SOLAR
F03444, Bushwick ,community garden,"1,044",20200608,Grid
F03643,Sunset Park,Corner Deli,"1,460",20211217,generator
F03408,harlem,St. Marks Church,"1,026",20240311,grid
F02257,bushwick,the bakery,"1,780",20190603,grid
F01278,ridgewood,community garden,"1,455",20210601,Grid
F00168, Bushwick ,corner deli,"1,256",20230718,Generator
F03244,Sunset Park,St. Marks Church,606,20180918,solar
F01991,flatbush , CORNER DELI ,"1,070",20241108,solar
F03759,mott haven,Community Garden,508,20181020,GRID
F04781,jackson hts,green grocer,"1,423",20180528,Generator
F01167,ridgewood,Green Grocer,"1,400",20210116,generator
F03995,mott haven,corner deli,"1,674",20220412,Solar
F01253,ridgewood,green grocer,175,20211026,Grid
F02696,Jackson Heights,the bakery,880,20180901,grid
F03050,Mott Haven, CORNER DELI ,"1,510",20200817,solar
F01343,Bedford-Stuyvesant,mutual aid nyc,"1,133",20190816,Solar
F04844,flatbush ,Mutual Aid NYC,"1,210",20190723,solar
F01978,Crown Heights, CORNER DELI ,455,20241202,SOLAR
F02529,crown hts,st. marks church,613,20190813,solar
F03607,Ridgewood,the bakery,577,20190802,Grid
F00151,Harlem,Corner Deli,587,20230316,SOLAR
F04810,crown hts,bodega grande,207,20230218,solar
F01211,Bushwick,bodega grande,758,20190411,grid
F01098,Ridgewood,green grocer,856,20210615,solar
F02045,harlem,St. Marks Church,"1,288",20240825,Grid
F01236,Bed-Stuy,community garden,159,20190817,Grid
F03037,harlem,bodega grande,520,20200401,solar
F02245,crown hts,Green Grocer,999999,20210127,Solar
F01738,bushwick,community garden,554,20210610,grid
F00260,sunset park,Community Garden,675,20200611,GRID
F00758,mott haven,mutual aid nyc,"1,197",20220325,grid
F00251,bushwick,Community Garden,461,20220825,Solar
F02042,Mott Haven,,"1,920",20190202,grid
F04873,Crown Heights,corner deli,"1,336",20210718,generator
F01555,Sunset Park,st. marks church,"1,336",20190718,Generator
F00874,Ridgewood,,"1,756",20230508,GRID
F01078,flatbush ,The Bakery,762,20210921,generator
F00903,jackson hts,St. Marks Church,"1,839",20240616,Grid
F04352,Mott Haven,green grocer,495,20200723,GRID
F00084,jackson hts,Green Grocer,"1,013",20210514,GRID
F03096,Ridgewood,Corner Deli,"1,548",20230711,solar
F03705, Bushwick , CORNER DELI ,935,20230407,GRID
F01809,Ridgewood,green grocer,875,20180910,Generator
F03490,Bed-Stuy,st. marks church,408,20221010,grid
F01360,jackson hts,,"1,977",20200111,Grid
F03176,crown hts,Corner Deli,693,20190125,generator
F00461, Bushwick ,Bodega Grande,955,20230225,Solar
F00081,Ridgewood,the bakery,435,20230708,grid
F01687,Mott Haven,Green Grocer,534,20211102,Solar
F00705,bushwick,Corner Deli,184,20201114,Solar
F03011,sunset park,Green Grocer,696,20190501,Generator
F01482,sunset park,Green Grocer,482,20190413,SOLAR
F04697,harlem, CORNER DELI ,-30,20210302,Grid
F01342, Bushwick ,,900,20241206,Grid
F00761, Bushwick ,corner deli,"1,378",20220816,GRID
F02703, Bushwick ,,751,20191024,grid
F01519,mott haven,bodega grande,"1,110",20230825,generator
F04164,Bedford-Stuyvesant,St. Marks Church,,20240216,Solar
F01087,Bed-Stuy,Bodega Grande,"1,831",20180407,Grid
F04050,jackson hts,Community Garden,95,20181215,Solar
F00307,Bushwick,the bakery,"1,402",20200407,grid
F02361,Jackson Heights, CORNER DELI ,938,20230618,Generator
F00914,Harlem,mutual aid nyc,"1,851",20240106,GRID
F02714,Bed-Stuy,The Bakery,798,20240411,generator
F01024,Mott Haven,Bodega Grande,699,20200122,solar
F04238,Harlem,st. marks church,387,20230119,solar
F04475, Bushwick ,bodega grande,"1,515",20190325,Generator
F04353,mott haven,St. Marks Church,"1,908",20241003,generator
F03091,sunset park,Corner Deli,"1,318",20230702,GRID
F00068,jackson hts,,"1,993",20240114,Generator
F03083,sunset park,Green Grocer,195,20190808,Generator
F02048,Sunset Park,Bodega Grande,647,20231117,Solar
F01404,Bushwick,Mutual Aid NYC,607,20220702,Grid
F01867,bushwick,st. marks church,"1,722",20181006,Grid
F02044,Mott Haven,Bodega Grande,"1,086",20231203,grid
F04456, Bushwick ,Community Garden,881,20201114,SOLAR
F02027,jackson hts,The Bakery,"1,581",20220903,GRID
F04282,sunset park,,"1,319",20190913,Solar
F03574,Crown Heights,Corner Deli,"1,906",20210818,Solar
F00297,crown hts,mutual aid nyc,601,20180605,generator
F01048,Flatbush,Bodega Grande,"1,507",20181218,Solar
F03350,Bushwick,Green Grocer,89,20210306,generator
F03760,jackson hts,community garden,947,20240102,generator
F03701,mott haven,St. Marks Church,90,20240318,grid
F01674, Bushwick ,Green Grocer,,20200310,GRID
F01724,Flatbush,corner deli,481,20200712,Solar
F02569,Jackson Heights,Corner Deli,672,20180409,GRID
F04464,Bed-Stuy, CORNER DELI ,"1,182",20210721,SOLAR
F02236,Bushwick,Bodega Grande,,20181122,Solar
F04210,ridgewood,bodega grande,"1,997",20191114,Solar
F00896,Jackson Heights,mutual aid nyc,406,20200625,generator
F02972,Flatbush,The Bakery,"1,196",20230712,Generator
F02995, Bushwick ,community garden,477,20230202,grid
F00176,bed-stuy,Green Grocer,578,20190110,GRID
F04357,bed-stuy,Mutual Aid NYC,"1,766",20181002,GRID
F03847,mott haven,St. Marks Church,254,20180903,GRID
F01033, Bushwick ,st. marks church,"1,557",20211112,Solar
F02875,flatbush ,,424,20220928,Solar
F00327,jackson hts,st. marks church,986,20210215,GRID
F02005,Mott Haven,Community Garden,-30,20230127,SOLAR
F02884,Mott Haven,green grocer,"1,282",20221225,solar
F01115,mott haven,Bodega Grande,999999,20231004,generator
F00718,Mott Haven,,"1,247",20241211,Grid
F03469,sunset park,green grocer,"1,243",20220108,generator
F03608,sunset park,st. marks church,"1,244",20180514,Grid
F02844,Mott Haven,corner deli,895,20190509,Grid
F00680,Bushwick,Mutual Aid NYC,273,20210108,GRID
F02120,Sunset Park,bodega grande,"1,760",20231101,grid
F01408,Harlem,green grocer,"1,738",20221119,GRID
F00501,Bushwick,green grocer,108,20220815,SOLAR
F03314,Bedford-Stuyvesant,mutual aid nyc,894,20230613,GRID
F03747,Sunset Park,Community Garden,,20210315,solar
F00679,flatbush ,community garden,531,20200512,Grid
F01793,flatbush ,bodega grande,"1,130",20210718,generator
F01993,Jackson Heights,Bodega Grande,"1,932",20190126,solar
F03630,ridgewood,community garden,"1,623",20230215,Generator
F04604,ridgewood,The Bakery,722,20201022,Grid
F02443,bed-stuy,Mutual Aid NYC,"1,804",20180126,solar
F01364,bushwick,The Bakery,,20230108,grid
F00108,Harlem,Mutual Aid NYC,603,20210807,solar
F00889,crown hts,bodega grande,310,20190911,grid
F00275,sunset park,corner deli,"1,549",20201012,SOLAR
F00359,Harlem,corner deli,"1,823",20231104,solar
F00622,harlem,St. Marks Church,"1,221",20181002,solar
F04726,Harlem,Community Garden,591,20230921,Solar
F04236,Bedford-Stuyvesant,The Bakery,447,20180618,GRID
F00119,Jackson Heights,green grocer,"1,523",20230724,Grid
F02712, Bushwick ,mutual aid nyc,"1,206",20200806,Solar
F03251,Sunset Park,Corner Deli,800,20190425,grid
F03877,Sunset Park,,"1,921",20210801,grid
F04848,Bed-Stuy,Bodega Grande,"1,516",20180121,Solar
F01053,Flatbush,community garden,134,20240712,SOLAR
F04214, Bushwick ,corner deli,"1,403",20220526,GRID
F01604,bushwick,community garden,"1,777",20180816,grid
F01999,Bed-Stuy,,958,20210528,Generator
F02528,jackson hts,mutual aid nyc,989,20180122,Generator
F00662,jackson hts,Green Grocer,108,20220812,SOLAR
F00973, Bushwick ,st. marks church,911,20230127,Generator
F03411,Harlem,corner deli,776,20240419,Generator
F00468,bushwick,Corner Deli,40,20220520,SOLAR
F01201,Bushwick,St. Marks Church,"1,771",20220225,Solar
F04585,flatbush ,st. marks church,101,20220310,solar
F01631,Sunset Park,the bakery,"1,700",20210525,SOLAR
F04800,Bed-Stuy,green grocer,"1,831",20200625,Solar
F03871,Harlem,corner deli,"1,344",20191212,Generator
F04787,Sunset Park,Mutual Aid NYC,"1,419",20241115,generator
F02215,Bedford-Stuyvesant,Corner Deli,"1,562",20220501,solar
F03143,Bedford-Stuyvesant,the bakery,999999,20180508,GRID
F00518,sunset park,Bodega Grande,"1,161",20240210,SOLAR
F04346,Bedford-Stuyvesant, CORNER DELI ,"1,558",20220520,GRID
F01250,mott haven,green grocer,895,20201014,grid
F03543,Flatbush,green grocer,"1,582",20190305,Solar
F02343,mott haven,Corner Deli,"1,356",20240611,Grid
F01908,harlem,st. marks church,632,20230701,Generator
F04041,bushwick,,"1,602",20190304,solar
F03792,Bushwick,corner deli,743,20190916,GRID
F02146,Bed-Stuy,Bodega Grande,627,20221213,Generator
F00996,Jackson Heights,The Bakery,"1,453",20190622,Generator
F02283,bed-stuy,green grocer,555,17760402,Grid
F04603,mott haven,st. marks church,"1,110",20240903,Generator
F00551,Bushwick,Community Garden,273,20201207,solar
F00475,harlem,The Bakery,814,20230612,SOLAR
F04061,Flatbush,green grocer,451,20210609,GRID
F04444,jackson hts,corner deli,805,20220325,Solar
F02991,bed-stuy,Mutual Aid NYC,"1,304",20240309,GRID
F00812,harlem,green grocer,"1,930",20230606,generator
F01971,Bedford-Stuyvesant,st. marks church,"1,602",20220210,Solar
F03821,ridgewood,bodega grande,714,20190409,Generator
F00691,Harlem,corner deli,"1,435",17760706,Grid
F01634,Flatbush,St. Marks Church,"1,288",20220323,Solar
F03718,bed-stuy,Green Grocer,546,20230909,grid
F02830,Sunset Park,The Bakery,-30,20190517,GRID
F01477,crown hts,Bodega Grande,114,20190423,solar
F04244,flatbush ,the bakery,"1,678",20211225,Grid
F01073,Bushwick,community garden,"1,302",20240110,generator
F00252,ridgewood,St. Marks Church,"1,639",20220312,Grid
F01414,bushwick,The Bakery,377,20210424,grid
F01508,bed-stuy,Mutual Aid NYC,"1,120",20210122,generator
F03195,sunset park,Community Garden,988,20240709,Generator
F00227,Crown Heights,bodega grande,"1,082",20210907,generator
F04588,crown hts,Bodega Grande,"1,264",20180818,Grid
F04013,bushwick,Mutual Aid NYC,"1,807",20221104,GRID
F01490,bed-stuy,Mutual Aid NYC,666,20240211,GRID
F04211, Bushwick ,Mutual Aid NYC,"1,378",20191116,generator
F03741,Bedford-Stuyvesant,community garden,"1,462",20210207,generator
F02985,Bushwick,St. Marks Church,420,20200822,solar
F02009,crown hts,mutual aid nyc,94,20180102,grid
F01806,bushwick,Green Grocer,379,20241216,Solar
F04760,bed-stuy,st. marks church,966,20200612,Generator
F02016,bushwick,Mutual Aid NYC,828,20180722,generator
F02022,harlem,mutual aid nyc,"1,105",20180901,grid
F01243,flatbush , CORNER DELI ,"1,080",20240515,Grid
F04815,bed-stuy,Mutual Aid NYC,575,20220618,Generator
F03651,Flatbush,Mutual Aid NYC,"1,028",20220701,Generator
F04490,Bed-Stuy,bodega grande,435,20191112,generator
F02473,ridgewood,the bakery,,20220422,grid
F03330,Bushwick,community garden,"1,794",20240407,Generator
F00346,Bedford-Stuyvesant,the bakery,650,20230904,generator
F00729,crown hts,corner deli,417,20230804,SOLAR
F00088,harlem,corner deli,"1,310",20191125,Solar
F00255,harlem,The Bakery,"1,405",20210404,grid
F01320,Sunset Park,Mutual Aid NYC,595,20190906,generator
F01763,Bedford-Stuyvesant,green grocer,"1,028",20210824,generator
F03710,harlem,bodega grande,"1,724",20230404,Grid
F04780,Harlem,the bakery,"1,144",20231106,solar
F03162, Bushwick ,community garden,729,20201015,Solar
F03335,Ridgewood,community garden,517,20200811,Solar
F03504,crown hts,Community Garden,"1,217",20181221,grid
F00827,ridgewood,corner deli,989,20230820,Solar
F02564,Mott Haven,,821,20200808,Generator
F01084,ridgewood,green grocer,"1,992",20221117,Grid
F02946,bed-stuy,the bakery,349,20210518,GRID
F00983,sunset park,Corner Deli,985,20201023,Generator
F01378,Flatbush,corner deli,"1,842",20240717,GRID
F04669,flatbush ,Green Grocer,"1,233",20240619,solar
F03686,flatbush ,green grocer,"1,061",20990902,GRID
F00002,Bed-Stuy,Mutual Aid NYC,216,20180127,solar
F00650,Ridgewood,St. Marks Church,661,20230218,solar
F04116,bed-stuy, CORNER DELI ,276,20180603,Grid
F01775,Bed-Stuy,the bakery,"1,798",20221228,GRID
F00638,Crown Heights,st. marks church,569,20190317,grid
F02220,sunset park,st. marks church,"1,369",20240420,SOLAR
F01748,sunset park,,"1,334",20230507,Solar
F01346,sunset park,St. Marks Church,,20190925,Grid
F04222,mott haven,Green Grocer,554,20231106,solar
F01120,Harlem,Mutual Aid NYC,754,20181023,Generator
F00132,Bedford-Stuyvesant,Bodega Grande,"1,095",20191208,Grid
F00024,bed-stuy,mutual aid nyc,"1,524",20190826,Generator
F04270,Ridgewood,Green Grocer,"1,917",20220317,GRID
F03728,bed-stuy,bodega grande,977,20230424,Solar
F03981,Mott Haven,st. marks church,,20190127,solar
F03285,Flatbush,community garden,"1,397",20221223,SOLAR
F01153,jackson hts,st. marks church,416,20221207,grid
F01607,Bushwick,Community Garden,"1,363",20200127,SOLAR
F04538,bed-stuy, CORNER DELI ,576,20180326,Generator
F02927,Crown Heights,mutual aid nyc,"1,913",20231007,SOLAR
F02849,bushwick,Mutual Aid NYC,362,20200303,Solar
F00270,ridgewood,corner deli,978,20221019,Grid
F00909,Sunset Park,,660,20220417,grid
F01643,jackson hts,Mutual Aid NYC,"1,873",20221023,Grid
F03648,Ridgewood,Mutual Aid NYC,967,20231121,Solar
F00268,crown hts,bodega grande,214,20220712,Generator
F04109,ridgewood,mutual aid nyc,391,20211010,solar
F02214,bed-stuy,Green Grocer,617,20210505,SOLAR
F01499,Jackson Heights, CORNER DELI ,"1,361",20190222,solar
F02338, Bushwick ,Bodega Grande,"1,137",20200926,Grid
F01798,Jackson Heights,the bakery,571,20220722,solar
F03308,Sunset Park,Mutual Aid NYC,"1,809",20190801,SOLAR
F02280,Bed-Stuy,St. Marks Church,"1,009",20211118,grid
F00184, Bushwick ,Green Grocer,211,20180816,generator
F01706,Mott Haven,bodega grande,384,20191201,generator
F03813,Crown Heights,mutual aid nyc,381,20201016,Generator
F01032,crown hts,Mutual Aid NYC,617,20220417,Solar
F01203,Bedford-Stuyvesant,the bakery,"1,411",20210922,Solar
F01028,Bushwick,The Bakery,955,20180807,Grid
F00644,Flatbush,St. Marks Church,671,20220722,generator
F04172,Ridgewood,The Bakery,"1,489",20241103,Grid
F02652,Mott Haven,bodega grande,614,20200720,Grid
F00849,Harlem,community garden,"1,080",20220805,Grid
F02300,jackson hts,Corner Deli,163,20200113,grid
F00294,bed-stuy,Corner Deli,681,20220303,solar
F00128,harlem,community garden,"1,591",20200112,grid
F04252,Crown Heights,St. Marks Church,"1,761",20180908,generator
F01321,Bushwick,Mutual Aid NYC,,20230509,solar
F03971,bushwick,green grocer,"1,339",20180114,SOLAR
F04566,bed-stuy,The Bakery,968,20190316,solar
F03118,bushwick,Community Garden,"1,163",20181121,Grid
F02810,Jackson Heights,corner deli,936,20180824,Solar
F04024,Harlem,St. Marks Church,615,20190924,GRID
F01156,Flatbush,Mutual Aid NYC,254,20191025,Grid
F00715,Mott Haven,Green Grocer,625,20180321,grid
F01177, Bushwick ,green grocer,"1,556",20180627,generator
F01528,bushwick,green grocer,"1,178",20200709,GRID
F03500,harlem,Bodega Grande,709,20240419,solar
F02296,mott haven,green grocer,73,20240516,SOLAR
F01750,Bed-Stuy,Community Garden,950,20230604,Solar
F04722, Bushwick ,green grocer,"1,924",20220121,Generator
F01005,Jackson Heights,bodega grande,788,20230314,Solar
F02447,crown hts,bodega grande,"1,475",20180814,Generator
F00558,Sunset Park,Green Grocer,273,20240712,Solar
F00292,Bedford-Stuyvesant,St. Marks Church,709,20181126,grid
F02774,bed-stuy, CORNER DELI ,962,20210117,grid
F00096,ridgewood,Corner Deli,"1,610",20200707,GRID
F00583,sunset park,Community Garden,274,20180108,grid
F03461,Sunset Park,bodega grande,605,20221215,grid
F01355,Ridgewood,St. Marks Church,743,20181206,GRID
F01227,Harlem,St. Marks Church,"1,597",20181126,solar
F03286,Bed-Stuy,community garden,"1,266",20220211,solar
F00087,Jackson Heights,The Bakery,255,20200716,GRID
F01815,Jackson Heights,green grocer,"1,621",20211019,Generator
F02796,Ridgewood,corner deli,"1,031",20200508,Grid
F01603,ridgewood, CORNER DELI ,959,20220426,Generator
F01444,Bedford-Stuyvesant,Green Grocer,"1,137",20190105,Generator
F03023,jackson hts,community garden,501,20200910,generator
F01298,Flatbush,the bakery,"1,648",20200308,Generator
F01225,bed-stuy,mutual aid nyc,-30,20210214,GRID
F00163,bushwick,Corner Deli,"1,520",20210504,solar
F03121,sunset park,Green Grocer,"1,086",20230108,GRID
F01402,ridgewood,green grocer,"1,993",20240702,grid
F03075,Bed-Stuy,Corner Deli,187,20190126,GRID
F03610,ridgewood,mutual aid nyc,950,20220616,solar
F02644,Mott Haven,community garden,"1,788",20180308,GRID
F03361,Ridgewood,community garden,"1,997",20220515,GRID
F01333,mott haven,the bakery,922,20220225,Grid
F00186,mott haven,green grocer,521,20190602,grid
F00612,bushwick,corner deli,"1,703",20230617,SOLAR
F00880,Harlem,Community Garden,995,20191101,grid
F00790,Harlem,corner deli,"1,892",20241126,Generator
F00121,Mott Haven,green grocer,933,20220403,grid
F00458,Bedford-Stuyvesant, CORNER DELI ,153,20200908,solar
F00497,Bedford-Stuyvesant,mutual aid nyc,"1,755",20230703,GRID
F04194,Ridgewood,Community Garden,"1,641",20200425,solar
F04757,Bushwick,Bodega Grande,"1,925",20210723,GRID
F01471, Bushwick ,The Bakery,-30,20241013,grid
F03516,jackson hts,bodega grande,"1,332",20220422,generator
F03206,Crown Heights,Community Garden,412,20231208,Generator
F03478,jackson hts,Green Grocer,"1,457",20200816,solar
F04189, Bushwick ,Green Grocer,693,20220719,generator
F00410,Bed-Stuy,st. marks church,563,20200111,GRID
F01433,flatbush ,green grocer,"1,489",20211224,Generator
F01021,Ridgewood,green grocer,"1,480",20240812,grid
F00175,crown hts,green grocer,,20191025,Generator
F00147,bushwick,st. marks church,290,20220513,grid
F02070,Harlem,bodega grande,,20181124,generator
F04029,crown hts,bodega grande,,20220102,Generator
F02313,Bedford-Stuyvesant,,"1,591",20240724,Solar
F02547,Jackson Heights, CORNER DELI ,"1,621",20180409,generator
F02784,bed-stuy,Bodega Grande,158,20200610,generator
F01228,jackson hts,Community Garden,816,20211210,grid
F02717, Bushwick ,st. marks church,"1,461",20190420,GRID
F04505,flatbush ,bodega grande,"1,918",20210616,SOLAR
F01584,Bedford-Stuyvesant,Mutual Aid NYC,253,20230826,grid
F04375,Mott Haven,st. marks church,189,20240410,Solar
F02498,Bedford-Stuyvesant,the bakery,"1,928",20220703,Generator
F00338,Harlem,Community Garden,463,20210114,Generator
F02463,Bedford-Stuyvesant,Green Grocer,"1,817",20210224,Generator
F00214,Sunset Park,Community Garden,"1,494",20220501,solar
F03625,Sunset Park,Green Grocer,"1,998",20230501,solar
F01514,Bedford-Stuyvesant,Bodega Grande,533,20240727,SOLAR
F03291,bed-stuy,corner deli,100,20210124,Generator
F00610,Flatbush,mutual aid nyc,159,20181001,Generator
F02013,Bed-Stuy,green grocer,"1,390",20230317,GRID
F01677,Crown Heights,St. Marks Church,"1,175",20210207,GRID
F00489,Ridgewood,St. Marks Church,760,20180711,GRID
F00490,Ridgewood,The Bakery,999999,20240921,generator
F03052,jackson hts, CORNER DELI ,256,20210302,Generator
F04884,bed-stuy,,"1,077",20180723,GRID
F02690,sunset park,Corner Deli,"1,588",20190816,Generator
F01609,bushwick,green grocer,647,20210117,SOLAR
F02635,Bushwick,,,20221211,Generator
F01226,Crown Heights,corner deli,873,20200602,solar
F02552,Crown Heights,green grocer,486,20200402,solar
F01821,crown hts,community garden,"1,477",20190710,Solar
F00259,Mott Haven,mutual aid nyc,"1,570",20240606,GRID
F02601,Mott Haven,Community Garden,"1,581",20231120,SOLAR
F00358,ridgewood, CORNER DELI ,"1,959",20181119,generator
F00498,Jackson Heights,corner deli,154,20181106,GRID
F02980,Jackson Heights,bodega grande,495,20200206,Solar
F02067,flatbush ,St. Marks Church,296,20220811,Generator
F01230,harlem,The Bakery,416,20240725,Grid
F01159,mott haven,corner deli,"1,756",20240420,Grid
F01796,flatbush ,green grocer,343,20220618,solar
F03055,Crown Heights,the bakery,440,20220216,Solar
F00378,Bed-Stuy,The Bakery,885,20231106,generator
F04677,bushwick,community garden,72,20230806,Grid
F00177,jackson hts,bodega grande,"1,692",20240218,generator
F00787,jackson hts,,"1,920",20180802,generator
F02745,ridgewood,bodega grande,"1,899",20200609,generator
F02394,Jackson Heights,corner deli,"1,016",20211105,Solar
F02377,Jackson Heights,,747,20191022,Grid
F02184,Crown Heights,Bodega Grande,555,20241204,Solar
F02843, Bushwick ,community garden,"1,474",20201208,grid
F03028,Flatbush,green grocer,415,20231212,Generator
F04108,Jackson Heights,Green Grocer,99,20180324,solar
F02420,Bushwick, CORNER DELI ,"1,829",20220628,SOLAR
F04478,Mott Haven,,"1,666",20180302,Grid
F01762,Flatbush,Green Grocer,645,20180626,Generator
F03012,sunset park,Corner Deli,"1,226",20220118,grid
F02224,Bedford-Stuyvesant,the bakery,610,20240823,Grid
F02752,ridgewood,Community Garden,"1,237",20240219,Grid
F03466,bed-stuy,Mutual Aid NYC,"1,300",20201008,Generator
F04416,Sunset Park,green grocer,"1,345",20240215,grid
F04524,Mott Haven,Community Garden,870,20230305,solar
F02476,Bushwick,green grocer,"1,560",20200116,Generator
F02494,Bed-Stuy,Community Garden,"1,676",20180415,SOLAR
F01489,sunset park, CORNER DELI ,801,20231123,GRID
F00182,Flatbush,Mutual Aid NYC,614,20181016,solar
F04587,crown hts,bodega grande,808,20220520,generator
F04545,Bushwick,st. marks church,632,20230422,solar
F02052,jackson hts,Green Grocer,"1,264",20210527,SOLAR
F01383,Bed-Stuy,community garden,"1,510",20210603,grid
F04667,jackson hts, CORNER DELI ,897,20221226,GRID
F02869,flatbush ,Bodega Grande,"1,500",20220911,Generator
F02211,Crown Heights,mutual aid nyc,"1,410",20230306,grid
F01188,Bedford-Stuyvesant,Mutual Aid NYC,750,20190704,solar
F03005, Bushwick ,bodega grande,932,20221121,GRID
F00336, Bushwick , CORNER DELI ,457,20180202,Generator
F01123,crown hts,Community Garden,"1,912",20201008,generator
F02102,Jackson Heights,The Bakery,86,20210701,Generator
F04051, Bushwick ,,70,20210306,Generator
F02504,Sunset Park,Mutual Aid NYC,196,20221222,grid
F02851,Crown Heights,community garden,720,20190110,GRID
F03366,Sunset Park,green grocer,"1,713",20221125,Grid
F02366,mott haven,Corner Deli,"1,965",20230802,solar
F04330, Bushwick ,community garden,689,20230315,Solar
F00243,harlem,The Bakery,263,20200403,Grid
F03496,Bed-Stuy,St. Marks Church,"1,446",20181115,GRID
F04712,harlem,mutual aid nyc,"1,496",20200214,GRID
F00406,Bed-Stuy,green grocer,216,20200428,Grid
F04183,Bushwick, CORNER DELI ,"1,263",20220924,grid
F02848,crown hts,community garden,770,20230506,GRID
F01974,Jackson Heights,the bakery,"1,916",20191116,grid
F04410,ridgewood,the bakery,-30,20240804,GRID
F00872,Bushwick, CORNER DELI ,"1,598",20210312,grid
F01936,Ridgewood,The Bakery,279,20190609,grid
F00479,harlem,St. Marks Church,"1,550",20210707,SOLAR
F02602,mott haven,green grocer,"1,641",20230203,SOLAR
F04100,mott haven,corner deli,603,20180104,Solar
F02116,Ridgewood,Community Garden,"1,273",20211120,generator
F00300,Bushwick,The Bakery,"1,679",20190222,Grid
F02939,Harlem, CORNER DELI ,211,20240919,SOLAR
F01418,harlem,Community Garden,984,20200628,GRID
F03551,Bedford-Stuyvesant,Corner Deli,"1,517",20210819,solar
F02832,harlem,mutual aid nyc,681,20190305,solar
F04146,flatbush ,Green Grocer,"1,210",20200208,Grid
F03713, Bushwick ,The Bakery,394,20200113,Solar
F03679,crown hts, CORNER DELI ,"1,666",20210926,solar
F00821,Bedford-Stuyvesant,st. marks church,"1,616",20181107,Solar
F00861,mott haven,corner deli,"1,244",20210321,grid
F02440,Sunset Park,the bakery,,20240702,solar
F04105,harlem,st. marks church,"1,765",20210108,GRID
F02374,harlem,bodega grande,921,20190616,generator
F03646,Ridgewood,st. marks church,206,20191104,Grid
F00306,Ridgewood,mutual aid nyc,313,20190315,Grid
F04711,Mott Haven,Community Garden,"1,050",20240407,generator
F02523,crown hts,St. Marks Church,882,20200606,generator
F01292,crown hts,st. marks church,"1,972",20200919,grid
F04371,Mott Haven,st. marks church,,20210214,GRID
F01970,Sunset Park,community garden,992,20201005,Solar
F01580,Sunset Park, CORNER DELI ,404,20240105,Solar
F01885,mott haven,bodega grande,673,20240407,Solar
F03102,Bed-Stuy,st. marks church,"1,437",20230104,Grid
F02272,Mott Haven,Green Grocer,"1,334",20210702,grid
F03030,Bed-Stuy,Corner Deli,"1,642",20230204,Generator
F02475,crown hts,Green Grocer,"1,481",20200405,SOLAR
F04370,sunset park,Mutual Aid NYC,,20200611,solar
F00374,Ridgewood,St. Marks Church,"1,311",20210613,Generator
F00562,Bedford-Stuyvesant,corner deli,862,20210906,GRID
F03080,Bed-Stuy,green grocer,526,20240201,grid
F00290,bed-stuy,Corner Deli,"1,868",20240424,grid
F00133,Ridgewood,corner deli,"1,044",20230612,generator
F00530,Jackson Heights,bodega grande,719,20200503,solar
F01384,mott haven,,153,20200602,Generator
F03372,crown hts,,"1,219",20221115,solar
F04605,Bedford-Stuyvesant,Green Grocer,"1,402",20190620,Solar
F02873,flatbush ,green grocer,"1,266",20191101,Generator
F00930,flatbush ,corner deli,260,20240524,Solar
F02944,Bushwick,green grocer,457,20210225,GRID
F04436,jackson hts,the bakery,"1,099",20200103,Solar
F00354,ridgewood,,"1,708",20180301,generator
F04030,Jackson Heights,Mutual Aid NYC,"1,810",20200808,Grid
F03362,Flatbush,mutual aid nyc,153,20210913,Solar
F03568,Jackson Heights,Community Garden,134,20190807,grid
F00824,mott haven,Community Garden,"1,952",20240922,grid
F02933,bushwick,community garden,434,20231128,Solar
F04201,bushwick,the bakery,141,20220207,generator
F00506,harlem,st. marks church,,20240219,generator
F00746,Harlem,Bodega Grande,529,20190806,Generator
F03912,harlem,Corner Deli,441,20240308,generator
F01157,Jackson Heights,Bodega Grande,50,20220607,Solar
F03399,bed-stuy,St. Marks Church,61,20200519,Solar
F03403,bushwick,community garden,813,20231028,SOLAR
F03138,jackson hts, CORNER DELI ,"1,016",20190209,solar
F03755,Bedford-Stuyvesant,St. Marks Church,"1,446",20230205,Generator
F02738,flatbush ,Mutual Aid NYC,820,20211116,solar
F04484,crown hts,Bodega Grande,894,20200118,SOLAR
F01779,bed-stuy,corner deli,"1,946",20240622,grid
F03688,sunset park,community garden,903,20230720,GRID
F01182,bushwick,bodega grande,596,20180301,generator
F03491,Mott Haven,st. marks church,402,20241220,SOLAR
F04466,crown hts,corner deli,705,20181213,Generator
F01723,Sunset Park,Corner Deli,577,20210905,Solar
F03164,Sunset Park,community garden,"1,736",20220617,GRID
F00131,Bedford-Stuyvesant,the bakery,630,17760823,Generator
F03100,mott haven,Bodega Grande,"1,271",20200402,SOLAR
F02468, Bushwick ,Green Grocer,502,20190622,GRID
F00201,Ridgewood,The Bakery,"1,096",20200625,grid
F01148,Bushwick,Community Garden,"1,912",20230723,grid
F01959,Bed-Stuy,Bodega Grande,166,20210710,Generator
F00122,crown hts,Mutual Aid NYC,"1,763",20190711,generator
F00326,Bushwick,green grocer,"1,801",20240716,Grid
F03258,Bedford-Stuyvesant,corner deli,131,20190320,solar
F03125, Bushwick ,,753,20190225,Generator
F04767,Harlem,St. Marks Church,"1,613",20230403,solar
F02771,crown hts,,423,20240320,SOLAR
F02254, Bushwick ,green grocer,"1,303",20190606,SOLAR
F04316,Crown Heights,Corner Deli,618,20230617,Generator
F02722,bed-stuy,The Bakery,"1,856",20240524,Generator
F02096,ridgewood,St. Marks Church,"1,981",20200810,Generator
F04411,Bedford-Stuyvesant,The Bakery,"1,281",20231213,solar
F00602,Bed-Stuy,The Bakery,399,20230806,Solar
F02071,ridgewood,st. marks church,"1,072",20190914,GRID
F00328,Sunset Park,bodega grande,"1,412",20191110,generator
F01012,Bed-Stuy,community garden,"1,096",20230703,generator
F02626,Bushwick,community garden,290,20230612,generator
F04665,bushwick,,"1,390",20190515,GRID
F04743,sunset park,st. marks church,949,20240414,Generator
F04204,jackson hts,the bakery,"1,443",20180801,SOLAR
F03738,Bedford-Stuyvesant, CORNER DELI ,965,20240916,GRID
F04581,Bushwick,st. marks church,187,20200921,generator
F03948,Crown Heights,The Bakery,"1,593",20201001,Solar
F01769,jackson hts,Green Grocer,"1,090",20230708,GRID
F01931, Bushwick ,Community Garden,619,20211221,grid
F00459,harlem,bodega grande,284,20231216,Grid
F01606,sunset park,Corner Deli,"1,840",20240207,GRID
F01135, Bushwick ,St. Marks Church,"1,025",20231226,grid
F04355,Bushwick,green grocer,914,20240608,Generator
F00500,bushwick,St. Marks Church,90,20230326,Generator
F03204,sunset park,community garden,"1,463",20230923,generator
F01964,Jackson Heights,community garden,"1,654",20230303,Solar
F02506,bed-stuy,corner deli,"1,554",20191124,Solar
F03319,mott haven,green grocer,333,20190607,Grid
F04020,sunset park,mutual aid nyc,"1,061",20221207,Grid
F04622,Ridgewood,st. marks church,559,20190306,solar
F04640,ridgewood,Community Garden,"1,939",20220417,SOLAR
F03803,Flatbush,st. marks church,"1,645",20180207,grid
F04739,Mott Haven,Green Grocer,999999,20240120,GRID
F00158,Bedford-Stuyvesant,corner deli,,20200722,SOLAR
F04221,mott haven,the bakery,"1,481",20191123,grid
F02629,jackson hts,corner deli,457,20220428,Solar
F00535,Ridgewood,corner deli,181,20180521,Generator
F04019,Crown Heights,the bakery,718,20210303,generator
F03172,bushwick,The Bakery,"1,517",20240319,generator
F02952,Harlem,Bodega Grande,307,20230319,Solar
F00604,Ridgewood,Community Garden,"1,556",20200913,GRID
F02986,Mott Haven,Green Grocer,"1,255",20201019,Generator
F02658,bed-stuy,Bodega Grande,"1,013",20241121,SOLAR
F00708,jackson hts,the bakery,49,20240924,grid
F03351,Bushwick,Community Garden,"1,834",20240807,GRID
F00597,Bed-Stuy,Green Grocer,"1,560",20221002,Grid
F00920,Sunset Park,The Bakery,"1,144",20181023,generator
F03309,crown hts,corner deli,634,20191105,Solar
F02819,Jackson Heights,corner deli,"1,824",20241221,grid
F02535,Harlem,Community Garden,"1,489",20230913,Grid
F04045,Crown Heights,Community Garden,109,20230417,solar
F02000,Jackson Heights,st. marks church,650,20230522,grid
F03043,bushwick,community garden,"1,703",20240519,Solar
F02186,Ridgewood,the bakery,116,20210706,grid
F04365,Sunset Park,The Bakery,"1,968",20240122,grid
F04507,Sunset Park,Mutual Aid NYC,182,20240909,generator
F04738,Jackson Heights,Community Garden,"1,846",20240228,SOLAR
F02386,jackson hts,the bakery,748,20220223,grid
F00036,Ridgewood,community garden,"1,895",20201127,GRID
F02308,Harlem,the bakery,"1,373",20200128,grid
F04806,Jackson Heights,green grocer,"1,427",20200501,SOLAR
F00115,bed-stuy,mutual aid nyc,-30,20240203,Solar
F00408,Crown Heights,mutual aid nyc,"1,266",20211019,Grid
F02148,Flatbush,Bodega Grande,"1,838",20230508,grid
F03280,mott haven,bodega grande,672,20200323,SOLAR
F01662,Crown Heights,st. marks church,"1,126",20230402,Solar
F03801,Sunset Park,Community Garden,246,20210219,grid
F00432,Crown Heights, CORNER DELI ,978,20180515,Solar
F01781,sunset park,green grocer,"1,395",20240127,Solar
F00636,Crown Heights,corner deli,"1,472",20210524,generator
F00720,Bushwick,st. marks church,"1,493",20220112,Solar
F02872,bushwick,bodega grande,831,20210306,GRID
F01708,jackson hts,Bodega Grande,"1,433",20191225,Grid
F00411,crown hts,the bakery,,20210609,grid
F03787,Bushwick,the bakery,"1,297",20230522,grid
F04575,Bushwick,mutual aid nyc,"1,306",20200927,GRID
F03127,Flatbush,mutual aid nyc,"1,438",20180516,Solar
F03207,Flatbush,Green Grocer,40,20220108,SOLAR
F00080,jackson hts,Corner Deli,"1,594",20200703,solar
F02117,Ridgewood,Corner Deli,"1,393",20220109,generator
F04424,mott haven,mutual aid nyc,43,20240520,Solar
F00103,Jackson Heights,Bodega Grande,837,20210120,solar
F00656,Flatbush,the bakery,"1,534",20190212,GRID
F00745,flatbush ,green grocer,219,20220327,solar
F01045,Harlem,st. marks church,587,20180207,Solar
F02441,Flatbush,Green Grocer,73,20180126,grid
F02190,Harlem,mutual aid nyc,"1,346",20210502,Grid
F00744,harlem,corner deli,834,20210204,Grid
F03345,Flatbush,Bodega Grande,"1,582",20210517,solar
F03222,harlem,Green Grocer,"1,075",20190228,Generator
F01556,harlem,st. marks church,"1,433",20240427,GRID
F02651,Bushwick,The Bakery,"1,717",20180928,GRID
F02290,ridgewood,St. Marks Church,"1,379",20201002,Solar
F00547,jackson hts,green grocer,"1,513",20230409,grid
F01038,harlem,the bakery,569,20210612,generator
F04208,Flatbush,St. Marks Church,916,20210701,Generator
F00560,mott haven,mutual aid nyc,370,20991107,Generator
F01216,Jackson Heights,Green Grocer,874,20210710,SOLAR
F03428,bed-stuy,community garden,934,20230316,Solar
F04690,ridgewood,community garden,733,20241209,Generator
F04521,flatbush ,community garden,55,20240505,Solar
F00070,bushwick,bodega grande,263,20230803,grid
F01040,bushwick,st. marks church,"1,157",20191015,GRID
F02066, Bushwick ,corner deli,"1,386",20211112,Grid
F04652,Jackson Heights,Community Garden,528,20240725,GRID
F03788,Ridgewood,Corner Deli,664,20210317,grid
F01310,jackson hts,Green Grocer,991,20191213,Generator
F04142,Ridgewood,corner deli,"1,456",20190913,GRID
F01326,Sunset Park, CORNER DELI ,"1,795",20230122,generator
F02833,Bedford-Stuyvesant,Community Garden,"1,696",20220524,GRID
F04173, Bushwick ,corner deli,589,20201007,Generator
F00658,Harlem,,"1,998",20190426,SOLAR
F04586, Bushwick ,St. Marks Church,"1,345",20180522,GRID
F00891,flatbush ,Corner Deli,94,20180523,Generator
F03483,harlem,community garden,679,20210419,grid
F01184,crown hts,Community Garden,"1,125",20200625,solar
F01121,Bedford-Stuyvesant,community garden,488,20220422,generator
F04593,Ridgewood,corner deli,914,20200916,generator
F02121,bushwick,mutual aid nyc,"1,634",20181215,SOLAR
F00922,Flatbush,st. marks church,742,20220109,Grid
F03233,Bed-Stuy,bodega grande,"1,266",20240128,Grid
F04016,flatbush ,Corner Deli,680,20180628,GRID
F04647,flatbush ,bodega grande,"1,500",20190510,GRID
F00090,Bushwick,corner deli,543,20190802,Generator
F01673,Bed-Stuy,green grocer,173,20230521,SOLAR
F03214,jackson hts,community garden,266,20180913,Generator
F04637,Mott Haven,corner deli,"1,376",20180721,GRID
F03106,Ridgewood,corner deli,709,20220127,generator
F01141,ridgewood,bodega grande,770,20211001,Grid
F00361,harlem,st. marks church,218,20231027,grid
F01950,bushwick,green grocer,869,20200808,GRID
F01861,harlem,the bakery,441,20230405,Grid
F02578,harlem,Mutual Aid NYC,"1,200",20200713,grid
F00510,flatbush ,Corner Deli,"1,008",20181110,GRID
F01961,jackson hts,Bodega Grande,799,20211101,Grid
F02222,Bushwick,St. Marks Church,"1,634",20210806,GRID
F01546,Crown Heights,community garden,47,20181110,solar
F01783, Bushwick ,mutual aid nyc,"1,856",20181213,solar
F04007,Bed-Stuy,Mutual Aid NYC,"1,832",20210315,GRID
F03474,Harlem,the bakery,"1,270",20200318,solar
F01451,Bushwick,Green Grocer,"1,169",20200126,solar
F03566,Jackson Heights,Mutual Aid NYC,"1,407",20211106,solar
F04793,Bushwick,corner deli,,20190602,GRID
F00934,Sunset Park,the bakery,116,20200122,Generator
F04255,Bed-Stuy,Green Grocer,"1,348",20190328,GRID
F02458,harlem,community garden,"1,642",20200828,solar
F02945,mott haven,the bakery,"1,007",20180719,GRID
F02134,Crown Heights,Bodega Grande,130,20190201,Solar
F02298,Harlem,the bakery,"1,276",20190106,GRID
F01165,Mott Haven,bodega grande,653,20221020,solar
F02209,Harlem, CORNER DELI ,941,20240826,solar
F02934,bed-stuy,Bodega Grande,"1,986",20240419,GRID
F04117,bushwick,community garden,792,20240606,solar
F02478,bushwick,bodega grande,999999,20210214,Generator
F01066,harlem,community garden,799,20180610,Grid
F04489,Jackson Heights,bodega grande,444,20220120,Solar
F03727,Sunset Park,corner deli,926,20240827,SOLAR
F02822,mott haven,Bodega Grande,288,20220101,Generator
F00013,bushwick,The Bakery,692,20231122,Generator
F00704,sunset park,st. marks church,"1,091",20201217,SOLAR
F02854,Flatbush,the bakery,"1,847",20200312,GRID
F02868,ridgewood,Green Grocer,96,20191210,SOLAR
F03174,Flatbush,corner deli,"1,777",20230126,solar
F04263,bed-stuy,Green Grocer,802,20221212,generator
F00317,sunset park,The Bakery,497,20240828,Generator
F00257,Sunset Park,The Bakery,384,20180803,Solar
F04406,Sunset Park,Corner Deli,985,20181016,Solar
F03731,Crown Heights,st. marks church,"1,088",20231112,Grid
F04626,Sunset Park,corner deli,203,20201118,Solar
F00034,sunset park,corner deli,370,20220611,grid
F01566,Sunset Park,The Bakery,65,20210223,solar
F02624,crown hts,community garden,483,20220805,solar
F04823,sunset park,community garden,"1,878",20220610,Solar
F03986,Flatbush,St. Marks Church,"1,596",20230716,grid
F00936,Bed-Stuy,green grocer,"1,020",20240701,generator
F01504,Bedford-Stuyvesant,The Bakery,"1,237",20210906,generator
F04190,bushwick,corner deli,"1,293",20220607,SOLAR
F04574,Mott Haven,,841,20210820,GRID
F04161,Harlem,St. Marks Church,"1,738",20220112,Solar
F02955,Bed-Stuy,corner deli,"1,396",20210515,SOLAR
F04812,Flatbush,Mutual Aid NYC,"1,798",20210922,Generator
F03584,ridgewood,Community Garden,583,20190608,Generator
F01259,Crown Heights,St. Marks Church,,20231225,Grid
F00669,Bushwick, CORNER DELI ,170,20180120,Generator
F02966,harlem,community garden,"1,675",20190617,Solar
F03864,Ridgewood,green grocer,587,20190106,solar
F03305,Flatbush,the bakery,813,20231017,GRID
F00208,Bushwick,mutual aid nyc,"1,099",20230722,SOLAR
F04540,ridgewood, CORNER DELI ,"1,447",20210719,solar
F00719,mott haven,The Bakery,877,20200909,SOLAR
F04730,Flatbush,green grocer,569,20230908,Generator
F01532,Bushwick,corner deli,284,20201005,GRID
F04254,sunset park,The Bakery,"1,482",20240207,Solar
F03914,harlem,the bakery,"1,959",20180926,generator
F04290,bed-stuy,,"1,586",20220412,GRID
F04378,crown hts,corner deli,840,20180120,generator
F03894,harlem,Mutual Aid NYC,859,20190815,Generator
F01271,bushwick,bodega grande,"1,063",20180710,Generator
F04435,Mott Haven,The Bakery,959,20190726,generator
F00164,flatbush , CORNER DELI ,"1,608",20240720,Grid
F04404,sunset park,Mutual Aid NYC,613,20180606,grid
F03489,Harlem,Mutual Aid NYC,600,20241116,grid
F02961,Bedford-Stuyvesant,the bakery,"1,557",20200907,solar
F01124,Harlem,Community Garden,"1,312",20190612,solar
F01768,mott haven,,540,20190116,Generator
F04070,Flatbush,corner deli,"1,528",20221020,grid
F02169,Harlem,corner deli,170,20190806,grid
F04888,Crown Heights,corner deli,109,20220405,solar
F04662,crown hts,Bodega Grande,"1,725",20210723,Grid
F03824,Harlem,bodega grande,873,20240105,grid
F02860, Bushwick ,bodega grande,"1,951",20210716,grid
F03262,Harlem,Green Grocer,"1,134",20210511,SOLAR
F04220,bed-stuy,Green Grocer,607,20230209,grid
F03467,harlem,St. Marks Church,"1,905",20240123,Grid
F00958,Bed-Stuy,Green Grocer,248,20200215,Solar
F02911, Bushwick ,St. Marks Church,"1,851",20220823,GRID
F04174,jackson hts,Bodega Grande,"1,869",20200305,grid
F01412,bushwick,Community Garden,"1,793",20190612,generator
F03511,ridgewood,The Bakery,464,20220403,Solar
F04691, Bushwick ,St. Marks Church,"1,156",20200923,GRID
F04664,bed-stuy,corner deli,"1,695",20200412,GRID
F00590,Mott Haven,corner deli,795,20220704,Generator
F03373,Jackson Heights,the bakery,231,20221013,generator
F02351,jackson hts,The Bakery,284,20191007,GRID
F01615,sunset park,the bakery,"1,382",20181027,solar
F01927,Ridgewood, CORNER DELI ,41,20181016,generator
F02168,mott haven,corner deli,"1,086",20220604,Solar
F00901,Crown Heights,Mutual Aid NYC,"1,503",20210508,solar
F01445,ridgewood,st. marks church,"1,337",20220120,Grid
F03775,bed-stuy,bodega grande,"1,055",20230614,solar
F03665,bed-stuy,bodega grande,248,20190721,Generator
F02244,flatbush ,bodega grande,358,20190605,generator
F01689,Flatbush,,"1,903",20181216,SOLAR
F02510,Bedford-Stuyvesant,Corner Deli,"1,272",20221216,solar
F00682,Flatbush,St. Marks Church,"1,671",20210604,Generator
F01859,ridgewood,The Bakery,482,20240726,Solar
F03257,Crown Heights, CORNER DELI ,"1,158",17760909,Grid
F01576, Bushwick , CORNER DELI ,"1,949",20190604,Grid
F04496,bed-stuy,community garden,818,20230513,GRID
F04232,Ridgewood,Mutual Aid NYC,"1,068",20240219,Solar
F03358,bushwick,Community Garden,284,20190423,grid
F03185,Crown Heights,corner deli,47,20190825,Solar
F00573,Mott Haven,Bodega Grande,"1,539",20210706,solar
F02705,Crown Heights,mutual aid nyc,452,20231220,Grid
F01872,Jackson Heights,The Bakery,460,20210524,SOLAR
F04817,Flatbush,mutual aid nyc,91,20200715,grid
F01259,Crown Heights,St. Marks Church,,20231225,Grid
F01138,Bushwick,Mutual Aid NYC,"1,598",20230302,grid
F00760,bushwick,Bodega Grande,589,20211128,Generator
F03522,Sunset Park,green grocer,855,20211027,grid
F04803,Sunset Park,green grocer,280,20210207,Grid
F01010,bed-stuy,corner deli,"1,285",20200701,grid
F00625,flatbush ,bodega grande,"1,679",20231223,SOLAR
F03850,Flatbush,green grocer,"1,355",20210207,generator
F03694,harlem,the bakery,"1,946",20220404,GRID
F04306, Bushwick ,Mutual Aid NYC,261,20230423,solar
F03875,Ridgewood,Community Garden,"1,441",20200907,Solar
F01854, Bushwick ,,-30,20230117,GRID
F00937,Flatbush,green grocer,"1,869",20180903,solar
F03837,harlem,Green Grocer,748,20190403,grid
F03700,ridgewood,mutual aid nyc,"1,712",20180906,solar
F03288,ridgewood,Mutual Aid NYC,"1,390",20230922,Generator
F02383,Jackson Heights,The Bakery,,20230427,grid
F00906,Sunset Park,community garden,"1,660",20220403,Grid
F03339,Mott Haven,corner deli,"1,105",20180625,grid
F00285,Sunset Park,St. Marks Church,"1,340",20240123,Generator
F02057,Flatbush,community garden,,20201023,solar
F03438,Mott Haven,community garden,532,20240725,Grid
F01905,mott haven,The Bakery,735,20220817,generator
F01828,Harlem,Community Garden,224,20211012,Grid
F00386,Bushwick,The Bakery,,20191018,solar
F04233,Flatbush,the bakery,999999,20190506,Solar
F02623,Bed-Stuy,bodega grande,870,20181107,Grid
F01327,ridgewood,mutual aid nyc,138,20231226,generator
F02799,harlem,st. marks church,444,20220902,Generator
F02406,sunset park,The Bakery,"1,311",20180416,GRID
F01386,Sunset Park,green grocer,449,20210210,generator
F02163,Bed-Stuy,Green Grocer,"1,578",20200207,Solar
F03785,flatbush ,the bakery,75,20181027,grid
F00699,mott haven, CORNER DELI ,"1,451",20220721,Solar
F01197,flatbush ,st. marks church,"1,716",20240719,Grid
F04175,mott haven,community garden,"1,644",20220809,GRID
F02007,Bed-Stuy,Bodega Grande,559,20180912,Generator
F01881,jackson hts,,"1,576",20231120,Generator
F01050,Bushwick,The Bakery,"1,024",20240612,generator
F03542,Crown Heights,,179,20180523,GRID
F02483,Mott Haven,the bakery,508,20200918,Solar
F02601,Mott Haven,Community Garden,"1,581",20231120,SOLAR
F00525,sunset park, CORNER DELI ,"1,992",20181113,SOLAR
F00025,bed-stuy,bodega grande,"1,163",20181104,generator
F00053,harlem,,"1,610",20230311,GRID
F02669,bushwick,the bakery,560,20200803,GRID
F00366,Bed-Stuy,St. Marks Church,"1,787",20190524,generator
F01735,ridgewood,Mutual Aid NYC,722,20201013,Solar
F00256,Sunset Park, CORNER DELI ,163,20200804,Generator
F00694,mott haven,green grocer,665,20240626,Solar
F02457,jackson hts,mutual aid nyc,"1,321",20220728,grid
F02641,Jackson Heights,Community Garden,589,20230417,Grid
F01889,Jackson Heights,community garden,75,20181002,Generator
F04118,Bedford-Stuyvesant,Bodega Grande,557,20180601,Solar
F04560,Flatbush,st. marks church,"1,543",20230513,Solar
F04262,Harlem,Green Grocer,"1,214",20220321,grid
F01841,Ridgewood,mutual aid nyc,109,20990307,solar
F04321, Bushwick ,Green Grocer,"1,256",20210121,Solar
F02075,Bushwick,bodega grande,346,20181001,SOLAR
F02385,Crown Heights, CORNER DELI ,252,20220220,Solar
F03653,mott haven,Mutual Aid NYC,"1,286",17760708,grid
F02759,mott haven,corner deli,488,20990128,GRID
F04709,bushwick,Mutual Aid NYC,-30,20230411,grid
F01448,bushwick,Green Grocer,"1,129",20190919,GRID
F02650,Flatbush, CORNER DELI ,"1,581",20191015,Grid
F00444,Ridgewood,St. Marks Church,877,20191223,Generator
F00470,Bedford-Stuyvesant,Corner Deli,"1,588",20221126,GRID
F03571,jackson hts,Mutual Aid NYC,570,20210622,solar
F00913,ridgewood,The Bakery,772,20230515,solar
F00095,harlem,Corner Deli,,20200514,SOLAR
F04226,Ridgewood,bodega grande,829,20210517,SOLAR
F02920,Sunset Park,Mutual Aid NYC,"1,027",20200915,Grid
F02069,Bed-Stuy,the bakery,791,20190119,Solar
F04550, Bushwick ,,761,20200906,GRID
F01894,mott haven,Mutual Aid NYC,667,20230415,grid
F02562,Mott Haven,the bakery,583,20241125,solar
F01394, Bushwick ,Green Grocer,562,20240415,GRID
F04651,flatbush ,bodega grande,174,20220910,Generator
F01097,flatbush ,corner deli,827,20210508,generator
F01099,Mott Haven,Mutual Aid NYC,"1,007",20220318,SOLAR
F00040,Bushwick,,,20200512,Solar
F03352,Bed-Stuy,Green Grocer,"1,998",20190303,grid
F04389,sunset park,Corner Deli,367,20190510,GRID
F02567,mott haven,St. Marks Church,"1,316",20211217,generator
F04402,Harlem,Community Garden,"1,518",20210214,generator
F04069,Bed-Stuy,The Bakery,"1,597",20240428,SOLAR
F02144,harlem,mutual aid nyc,"1,477",20210321,Solar
F00209,Jackson Heights,the bakery,704,20220713,grid
F03748,jackson hts,green grocer,405,20240207,Generator
F01422,ridgewood,St. Marks Church,338,20230416,generator
F03683,sunset park,Community Garden,"1,482",20230227,SOLAR
F04408,Bushwick,Green Grocer,"1,356",20240902,Solar
F04091,Flatbush,mutual aid nyc,"1,254",20210314,SOLAR
F03904,bushwick,,"1,961",20230909,SOLAR
F03958,Bed-Stuy,,"1,771",20221223,Solar
F02453,sunset park,st. marks church,"1,806",20211028,Grid
F03833,Harlem,Bodega Grande,222,20221005,Grid
F04608,Bedford-Stuyvesant,mutual aid nyc,"1,998",20230508,grid
F04807,sunset park,Corner Deli,481,20180928,GRID
F01929,crown hts,The Bakery,"1,004",20240711,generator
F02182,Flatbush,the bakery,"1,789",20241228,GRID
F04558,Sunset Park,Corner Deli,"1,740",20211003,grid
F01520, Bushwick ,Green Grocer,789,20200419,Generator
F00687,bed-stuy,Bodega Grande,"1,306",20221109,Solar
F00448,Bushwick,Community Garden,563,20181002,generator
F01146,Flatbush,The Bakery,"1,869",20240605,Solar
F02682,Mott Haven,bodega grande,682,20211121,grid
F03611,ridgewood,st. marks church,245,20221224,Grid
F01666,bushwick,St. Marks Church,"1,851",20200619,grid
F01261,flatbush ,the bakery,528,20240605,GRID
F02405,crown hts,Bodega Grande,,20230407,Grid
F02459,Bushwick,green grocer,486,20201008,Generator
F02604,Sunset Park,The Bakery,"1,058",20240620,SOLAR
F03177,harlem,Bodega Grande,"1,636",20240808,solar
F02023,jackson hts,mutual aid nyc,885,20211006,grid
F04097,Mott Haven,bodega grande,"1,258",20241113,SOLAR
F03039,bushwick,Mutual Aid NYC,"1,867",20180614,GRID
F01080,bushwick,Corner Deli,"1,485",20210811,GRID
F04011,harlem,Mutual Aid NYC,105,20210510,Grid
F01325,Bushwick,Green Grocer,"1,051",20190211,solar
F02437, Bushwick ,Green Grocer,"1,344",20220907,Grid
F00067,crown hts,community garden,777,20220403,generator
F03858,bushwick,the bakery,"1,778",20200616,Grid
F04287, Bushwick ,The Bakery,600,20220427,Solar
F03943,Bedford-Stuyvesant,Bodega Grande,"1,417",20240209,solar
F03539,crown hts,bodega grande,253,20230513,GRID
F04799,Bushwick,green grocer,300,20190311,Solar
F03220,Bed-Stuy,Green Grocer,"1,897",20180605,solar
F02080,Mott Haven,the bakery,"1,765",20210615,generator
F03849,Mott Haven,The Bakery,"1,306",20200811,GRID
F03008,flatbush ,the bakery,"1,089",20210406,Grid
F01063,Sunset Park,,"1,590",20190907,SOLAR
F01260,ridgewood,,623,20240515,Generator
F04565,harlem,green grocer,157,20210110,generator
F02786,harlem,st. marks church,"1,399",20190216,Grid
F04068,jackson hts,St. Marks Church,"1,172",20200921,solar
F03790,bed-stuy,Community Garden,"1,176",20191222,SOLAR
F00588, Bushwick ,,"1,387",20211008,GRID
F02401,mott haven,the bakery,,20200918,generator
F01875,Bushwick,Bodega Grande,644,20200313,GRID
F01898,flatbush ,Community Garden,388,20240622,SOLAR
F02951,Ridgewood,the bakery,813,20190713,Grid
F04483,sunset park,green grocer,212,17760609,Grid
F03445,jackson hts,Community Garden,871,20240609,grid
F00019,Crown Heights,Mutual Aid NYC,768,20221108,solar
F01535,bed-stuy,The Bakery,843,20191218,Grid
F01426,Mott Haven,Community Garden,606,20191020,Grid
F01022,Bedford-Stuyvesant,Bodega Grande,"1,599",20200321,Generator
F00376,harlem,the bakery,883,20200717,Grid
F00844,sunset park,green grocer,"1,516",20220619,Grid
F00833,Crown Heights,the bakery,"1,144",20231215,Generator
F04027,Harlem,corner deli,142,20240627,Generator
F02018,Ridgewood, CORNER DELI ,,20190227,GRID
F02212,harlem,st. marks church,791,20220604,SOLAR
F04237,Mott Haven, CORNER DELI ,196,20231213,grid
F04199,Mott Haven,Mutual Aid NYC,"1,309",20210706,solar
F01128,Jackson Heights,Bodega Grande,313,20210624,Solar
F02471,Flatbush,,999999,20180120,generator
F01635,Jackson Heights,Bodega Grande,510,20230115,GRID
F04275,Crown Heights,the bakery,"1,485",20190814,grid
F02537,ridgewood,St. Marks Church,666,20200509,GRID
F03559,Ridgewood,Community Garden,"1,718",20220516,Generator
F00076,Bedford-Stuyvesant,Mutual Aid NYC,992,20241016,solar
F00160,mott haven,bodega grande,"1,320",20180825,solar
F03757,harlem,corner deli,49,20221021,SOLAR
F00007,Sunset Park,the bakery,"1,951",20180919,SOLAR
F01586,crown hts,St. Marks Church,"1,911",20230406,grid
F00296,Jackson Heights,bodega grande,"1,705",20241125,Solar
F04597,bushwick,Mutual Aid NYC,714,17760913,Generator
F02896,bushwick,Mutual Aid NYC,"1,534",20200924,SOLAR
F03510,crown hts,Green Grocer,280,20241012,grid
F00141,ridgewood,Mutual Aid NYC,"1,551",20231219,solar
F04047,sunset park,Mutual Aid NYC,,20231222,grid
F04596,Bushwick,st. marks church,453,20240818,generator
F02642,crown hts,The Bakery,"1,496",20190601,GRID
F03085,harlem,mutual aid nyc,327,17760714,Solar
F01617,harlem,Community Garden,181,20230714,solar
F03276,crown hts,Green Grocer,667,20190327,solar
F01972,flatbush ,corner deli,"1,313",20200115,solar
F00878,bushwick,Corner Deli,241,20180624,Grid
F00493,Sunset Park,the bakery,942,20200918,Generator
F03048,sunset park,The Bakery,,20200426,GRID
F01647,harlem, CORNER DELI ,"1,737",20200517,Solar
F00187,Sunset Park, CORNER DELI ,"1,650",20230104,grid
F03203,ridgewood,St. Marks Church,999999,20240514,solar
F04798,sunset park,Corner Deli,166,20190702,generator
F02589,Mott Haven,,"1,449",20180116,Generator
F02857,flatbush ,Community Garden,61,20230726,Generator
F02947,mott haven,,,20191211,generator
F01046, Bushwick ,corner deli,"1,826",20240523,generator
F03070,bushwick,st. marks church,"1,456",20190621,SOLAR
F02360,ridgewood,Green Grocer,"1,540",20241106,Grid
F04351,crown hts,st. marks church,123,20221209,GRID
F00420,Crown Heights,Green Grocer,258,20241001,Grid
F02065,bed-stuy,green grocer,"1,049",20190501,solar
F04890,sunset park,bodega grande,246,20180207,generator
F04217,Bedford-Stuyvesant,mutual aid nyc,"1,623",20240603,solar
F04195,ridgewood,Green Grocer,"1,046",20211021,SOLAR
F04689,mott haven,Bodega Grande,69,20180601,Solar
F02982, Bushwick ,mutual aid nyc,"1,833",20220828,Solar
F00430,jackson hts,mutual aid nyc,"1,026",20220901,grid
F01485,jackson hts,The Bakery,"1,607",20190618,SOLAR
F00330,bed-stuy,Mutual Aid NYC,"1,496",20240727,generator
F04034,Bed-Stuy,Mutual Aid NYC,"1,413",20240315,Grid
F01147,Bushwick,the bakery,514,20200922,solar
F00101,Crown Heights,Green Grocer,858,20190424,grid
F01538,Jackson Heights,st. marks church,"1,917",20221012,generator
F01547,flatbush ,The Bakery,"1,879",20220620,Solar
F00674,Bedford-Stuyvesant,bodega grande,981,20200918,solar
F02544,Mott Haven,community garden,214,20241119,generator
F03908,sunset park,Community Garden,696,20220903,Grid
F02103,sunset park,,"1,494",20201025,Grid
F01275,bushwick,green grocer,159,20241216,generator
F00413,Mott Haven,Community Garden,682,20200806,grid
F00599,crown hts,St. Marks Church,652,20230916,SOLAR
F00433,jackson hts,corner deli,"1,963",20180808,SOLAR
F03316,Bushwick,St. Marks Church,793,20241007,solar
F03859,Bed-Stuy,mutual aid nyc,"1,901",20210905,SOLAR
F03523,Mott Haven, CORNER DELI ,57,20181014,Generator
F04703,Harlem,Community Garden,262,20191219,SOLAR
F04623,flatbush ,community garden,48,20230828,SOLAR
F00655,Sunset Park,st. marks church,"1,772",20220410,grid
F01290,Harlem,bodega grande,"1,040",20230411,generator
F04303, Bushwick ,St. Marks Church,931,20180427,solar
F01116,Harlem,Bodega Grande,"1,080",20180320,Grid
F04657, Bushwick ,bodega grande,"1,310",20181107,Solar
F03402,bushwick,St. Marks Church,"1,102",20180212,SOLAR
F02729,flatbush ,The Bakery,525,20210827,grid
F00161,Mott Haven,St. Marks Church,555,20240813,Solar
F02891,Flatbush,Bodega Grande,"1,529",20190618,generator
F03972,Crown Heights,mutual aid nyc,"1,137",20210312,generator
F02636,crown hts,Community Garden,"1,420",20200906,solar
F03737,jackson hts,Mutual Aid NYC,510,20200728,Generator
F01564,bed-stuy,bodega grande,"1,052",20210715,grid
F02536,Bedford-Stuyvesant,Green Grocer,85,20201007,generator
F01573,Crown Heights,Community Garden,"1,638",20181026,GRID
F01198,crown hts,bodega grande,750,20231218,Solar
F00962,Sunset Park,bodega grande,"1,773",20190224,Grid
F03907,harlem,mutual aid nyc,873,20230608,grid
F04866,ridgewood,Green Grocer,"1,851",20201117,Solar
F02580,harlem,Mutual Aid NYC,298,20220709,GRID
F00351, Bushwick ,Community Garden,"1,971",20241224,GRID
F02030,bushwick,green grocer,152,20180821,GRID
F04459,Flatbush,bodega grande,"1,260",20240125,SOLAR
F04349, Bushwick ,,"1,130",20230427,GRID
F00191,bushwick,Community Garden,735,20190311,GRID
F04415, Bushwick ,mutual aid nyc,"1,981",20230913,Generator
F03798,bed-stuy,Mutual Aid NYC,467,20211208,Grid
F03021,mott haven,Corner Deli,347,20201115,GRID
F03501,mott haven,Corner Deli,891,20180614,Grid
F04582,Mott Haven,bodega grande,"1,209",20210618,Generator
F02161,Sunset Park,St. Marks Church,"1,046",20210924,GRID
F02419,Flatbush,the bakery,"1,276",20211214,SOLAR
F00003,harlem, CORNER DELI ,166,20210928,generator
F00031,Crown Heights,green grocer,"1,132",20220518,Generator
F01486,Bedford-Stuyvesant,the bakery,321,20200215,GRID
F02158,mott haven,corner deli,657,20240811,grid
F03663,Harlem,corner deli,,20240220,Generator
F03579,Crown Heights,st. marks church,420,20180407,SOLAR
F03502,harlem,bodega grande,"1,709",20231117,grid
F01844,Crown Heights, CORNER DELI ,643,20230924,GRID
F00554,mott haven,bodega grande,"1,379",20191102,Solar
F04486,bushwick,Community Garden,771,20230509,Grid
F00435,Bedford-Stuyvesant,St. Marks Church,,20190119,solar
F00979,jackson hts,Bodega Grande,45,20220513,grid
F04318,sunset park,green grocer,843,20181212,solar
F00003,harlem, CORNER DELI ,166,20210928,generator
F03307,Crown Heights,mutual aid nyc,-30,20231002,grid
F03197,harlem,St. Marks Church,996,20210916,Grid
F00523,Sunset Park,bodega grande,"1,895",20181024,generator
F03387,bed-stuy,green grocer,"1,036",20190919,SOLAR
F02141,Jackson Heights,Mutual Aid NYC,137,20210503,Solar
F02551,bed-stuy,mutual aid nyc,"1,896",20220816,grid
F04171,Flatbush,the bakery,"1,893",20180615,Grid
F03745,Crown Heights,Corner Deli,844,20210607,grid
F04509,mott haven,bodega grande,937,20201009,generator
F04898,flatbush ,community garden,"1,649",20210128,SOLAR
F02204, Bushwick ,st. marks church,"1,115",20240102,Generator
F03492,jackson hts,mutual aid nyc,882,20231217,grid
F00403,Bushwick,corner deli,"1,301",20180701,Grid
F03142,Harlem,St. Marks Church,"1,269",20221021,grid
F02607,bed-stuy, CORNER DELI ,"1,809",20240205,generator
F03618,ridgewood,Bodega Grande,"1,535",20230411,Grid
F02339,Flatbush,green grocer,,20210701,Solar
F00850,Ridgewood,Bodega Grande,184,20201107,SOLAR
F04293,Bedford-Stuyvesant,the bakery,"1,885",20200804,generator
F02429,harlem,mutual aid nyc,"1,183",20180425,SOLAR
F00911,Mott Haven,mutual aid nyc,732,20201202,solar
F00904,jackson hts,bodega grande,"1,432",20211213,Grid
F03743,Flatbush,bodega grande,"1,519",20210106,Generator
F04523,Crown Heights,The Bakery,"1,185",20180408,grid
F04499,Bed-Stuy,mutual aid nyc,458,20241209,Generator
F03457,Bedford-Stuyvesant,Community Garden,845,20240925,Grid
F00029,Crown Heights,,"1,101",20210902,Solar
F00212,Mott Haven,corner deli,"1,926",20200315,GRID
F03514,Jackson Heights,green grocer,848,20240715,GRID
F00753,Crown Heights,green grocer,391,20180709,Solar
F03394,Ridgewood,Community Garden,974,17760603,Solar
F02038, Bushwick ,The Bakery,"1,858",20180517,Generator
F01728,bed-stuy, CORNER DELI ,"1,087",20200612,GRID
F01068,Bed-Stuy,green grocer,311,20200219,solar
F01251,harlem,corner deli,99,20190809,Solar
F00051,jackson hts,The Bakery,"1,673",20220903,Solar
F02876,crown hts,Community Garden,862,20240403,SOLAR
F04156,Crown Heights,Green Grocer,750,20220205,Solar
F04055,Flatbush,Mutual Aid NYC,898,20201017,Solar
F01064,flatbush ,bodega grande,"1,835",20240511,generator
F04312,Jackson Heights,st. marks church,73,20200801,solar
F03336,Sunset Park,Mutual Aid NYC,"1,620",20211009,generator
F04249,mott haven,community garden,,20211016,solar
F02937, Bushwick ,Community Garden,647,20210914,generator
F00815, Bushwick ,community garden,543,20211025,Grid
F04414,Bushwick,the bakery,64,20211223,GRID
F04864,Harlem,mutual aid nyc,"1,663",20220505,Solar
F00910,Flatbush,Community Garden,325,20191109,Generator
F00451,Harlem, CORNER DELI ,894,20240209,Grid
F04139,bed-stuy,bodega grande,"1,911",20220718,generator
F02123,Flatbush, CORNER DELI ,926,20220618,generator
F01235,jackson hts,mutual aid nyc,745,20230417,Generator
F00993,sunset park, CORNER DELI ,"1,498",20210302,grid
F02532,Sunset Park,,"1,781",20180515,Solar
F01498,flatbush ,mutual aid nyc,839,20200725,grid
F01858,bushwick,green grocer,"1,058",20230821,Grid
F04801,Bushwick,corner deli,753,20210418,SOLAR
F00955,harlem,Green Grocer,"1,530",20210425,Generator
F03086,flatbush ,Green Grocer,660,20211121,solar
F04776,mott haven, CORNER DELI ,"1,274",20180402,GRID
F01595,Harlem,bodega grande,267,20241210,Generator
F02833,Bedford-Stuyvesant,Community Garden,"1,696",20220524,GRID
F00995, Bushwick ,Community Garden,437,20230111,SOLAR
F00759, Bushwick ,The Bakery,483,20210808,Generator
F00254,Bed-Stuy,Green Grocer,653,20230621,generator
F02912,Mott Haven,St. Marks Church,"1,250",20180801,Grid
F03264,Mott Haven,community garden,"1,575",20200225,Generator
F01596,Mott Haven,Community Garden,"1,251",20190405,Grid
F00635,ridgewood,the bakery,878,20180419,SOLAR
F04231, Bushwick ,Community Garden,"1,702",20190303,generator
F01215,crown hts,Community Garden,"1,520",20230724,generator
F01670,Sunset Park,St. Marks Church,945,20180824,Grid
F03956, Bushwick ,corner deli,"1,211",20210508,SOLAR
F01640,Mott Haven,corner deli,"1,018",20230101,Solar
F01213,Bed-Stuy, CORNER DELI ,"1,279",20240226,Grid
F02684,Flatbush,Corner Deli,"1,327",20190510,generator
F03273,Ridgewood,Green Grocer,797,20191014,Grid
F04455,Crown Heights,bodega grande,"1,475",20220901,SOLAR
F02393,Harlem,Mutual Aid NYC,134,20181121,grid
F02451,Crown Heights,Community Garden,"1,666",20190518,Generator
F03673,Harlem,Community Garden,"1,722",20230125,generator
F03184,harlem,the bakery,"1,204",20240325,solar
F01980,Bushwick,Community Garden,725,20180904,Grid
F00822,Bed-Stuy,St. Marks Church,484,20180916,Generator
F00852,Crown Heights,st. marks church,"1,084",20190810,SOLAR
F03678,crown hts,green grocer,"1,172",20221207,generator
F02257,bushwick,the bakery,"1,780",20190603,grid
F03816, Bushwick ,mutual aid nyc,139,20190419,GRID
F00495,bed-stuy,The Bakery,"1,722",20230402,GRID
F02724,bushwick,Green Grocer,776,20211018,Generator
F00712,Bed-Stuy,st. marks church,"1,144",20240703,SOLAR
F02501,Mott Haven,Community Garden,"1,459",20220920,SOLAR
F00840,jackson hts,,"1,307",20201105,GRID
F02749,Sunset Park,Corner Deli,424,20200418,generator
F00303,harlem,community garden,"1,017",20240327,Grid
F01591,Bushwick,mutual aid nyc,"1,705",20230725,solar
F04130,flatbush ,Mutual Aid NYC,176,20201021,Generator
F02465,sunset park,Mutual Aid NYC,"1,978",20240807,SOLAR
F04057, Bushwick ,St. Marks Church,"1,657",20221214,solar
F00369,Bushwick, CORNER DELI ,"1,864",20220616,Solar
F02507,Mott Haven,st. marks church,"1,992",20200522,Grid
F03872,flatbush ,,"1,821",20241209,Generator
F03453,Ridgewood,Green Grocer,"1,059",20190918,SOLAR
F02593,Harlem,Corner Deli,789,20180819,Generator
F04382,bushwick,Community Garden,890,20221019,generator
F02791,flatbush ,St. Marks Church,657,20200305,Grid
F02138,Crown Heights,st. marks church,999999,20230421,GRID
F00918,bed-stuy,Community Garden,"1,286",20180618,generator
F01715, Bushwick ,mutual aid nyc,539,20210126,generator
F04296,Crown Heights,Green Grocer,"1,639",20210807,grid
F03279,Crown Heights,mutual aid nyc,"1,110",20200428,grid
F03117,bushwick, CORNER DELI ,"1,699",20180823,Generator
F02918,Crown Heights,green grocer,"1,820",20181109,Grid
F01716, Bushwick ,,630,20230318,Solar
F04078,Bedford-Stuyvesant,corner deli,293,20241122,GRID
F00188,Ridgewood,community garden,651,20210612,Grid
F04805,harlem,Mutual Aid NYC,"1,719",20230410,Grid
F01654,Bushwick,Mutual Aid NYC,"1,284",20210422,Solar
F04291,Bushwick,green grocer,277,20200320,generator
F02461,flatbush , CORNER DELI ,"1,151",20180403,SOLAR
F02387,Jackson Heights,,830,20230515,solar
F02181,mott haven,st. marks church,258,20211209,solar
F01317,Bed-Stuy,Corner Deli,"1,749",20240127,generator
F00226,Bed-Stuy, CORNER DELI ,228,20200517,Solar
F04062,flatbush ,St. Marks Church,"1,717",20220819,GRID
F02615, Bushwick ,bodega grande,"1,835",20211220,grid
F04599,ridgewood, CORNER DELI ,"1,538",20180807,Generator
F00697,ridgewood,bodega grande,267,20180805,Generator
F04402,Harlem,Community Garden,"1,518",20210214,generator
F02671,Sunset Park,Community Garden,"1,649",20181101,solar
F02585,bed-stuy,Community Garden,"1,816",20210619,generator
F04086,Flatbush,bodega grande,"1,969",20211107,Grid
F04482, Bushwick ,The Bakery,"1,668",20211003,Solar
F04438,flatbush ,the bakery,"1,523",20231012,GRID
F00397,Crown Heights,Bodega Grande,"1,213",20180915,grid
F03561,Bed-Stuy,Community Garden,,20231224,GRID
F04317,Bed-Stuy,Community Garden,"1,887",20181211,Grid
F02648,ridgewood,The Bakery,"1,277",20180122,Grid
F03369,bushwick,bodega grande,562,20230901,solar
F01455,Harlem,the bakery,"1,621",20200708,solar
F01517,jackson hts,st. marks church,917,20180507,Generator
F02162,harlem,Corner Deli,830,20210322,Grid
F02127,flatbush ,the bakery,-30,20240519,solar
F03433, Bushwick ,corner deli,"1,743",20210523,Solar
F02556,jackson hts,Community Garden,593,20190806,Grid
F02392,jackson hts,Bodega Grande,996,20220420,Generator
F01667,Bedford-Stuyvesant,bodega grande,"1,272",20181104,Solar
F03049,Crown Heights,st. marks church,708,20220723,SOLAR
F03777,crown hts,Bodega Grande,126,20200909,GRID
F00012,bed-stuy,Corner Deli,515,20180510,generator
F03617,harlem,Green Grocer,"1,201",20200419,grid
F03010,Mott Haven,corner deli,"1,663",20210516,Generator
F02074,harlem,green grocer,815,20180918,grid
F03076,Flatbush,the bakery,477,20240601,SOLAR
F03950,ridgewood,the bakery,784,20231008,Grid
F04126,Ridgewood,Bodega Grande,,20180124,Generator
F03026,ridgewood,bodega grande,"1,678",20180614,grid
F00809,bed-stuy,Bodega Grande,940,20240923,solar
F02493,crown hts,Community Garden,793,20200227,Grid
F02613,mott haven,Mutual Aid NYC,"1,191",20220311,solar
F03776,jackson hts,corner deli,"1,486",20200727,grid
F00094,Ridgewood,corner deli,679,20180214,GRID
F03263,Bed-Stuy,Green Grocer,143,20240127,Solar
F00915,bed-stuy,green grocer,"1,512",20230316,generator
F00009,Jackson Heights,Corner Deli,"1,223",20241112,SOLAR
F00154,bed-stuy,the bakery,552,20220812,solar
F00740,Sunset Park,mutual aid nyc,"1,765",20230404,grid
F01742,sunset park,corner deli,856,20200509,generator
F02167,crown hts,corner deli,487,20220106,GRID
F03354,Bedford-Stuyvesant,,554,20230101,Solar
F00653,Crown Heights,Mutual Aid NYC,"1,331",20201118,Generator
F02315,jackson hts,st. marks church,369,20201217,solar
F00273,ridgewood, CORNER DELI ,-30,20220223,Grid
F01249,Mott Haven,,"1,779",20220517,Solar
F03815,Bed-Stuy,st. marks church,"1,195",20200822,Grid
F02388,bushwick,Corner Deli,982,20190407,solar
F00567,Sunset Park,St. Marks Church,941,20240307,grid
F03000,Mott Haven,The Bakery,"1,689",20230401,solar
F00592,Ridgewood,Bodega Grande,"1,748",20180405,Solar
F01744,bed-stuy,corner deli,935,20221221,GRID
F02348,ridgewood,mutual aid nyc,"1,691",20200926,Generator
F02773,Flatbush,Green Grocer,878,20240124,Solar
F00853,Harlem, CORNER DELI ,562,20190728,generator
F03703,Bushwick,St. Marks Church,"1,427",20220714,solar
F01014,jackson hts,Bodega Grande,"1,276",20180611,GRID
F03431,Bedford-Stuyvesant,mutual aid nyc,"1,806",20180710,Generator
F02836,Jackson Heights,The Bakery,"1,637",20180807,solar
F02596,Bushwick, CORNER DELI ,"1,003",20190508,Generator
F01761,sunset park,Bodega Grande,142,20190220,generator
F00503,Flatbush,Community Garden,"1,477",20181222,generator
F01702,sunset park,bodega grande,895,20190909,GRID
F04324,Bushwick,green grocer,"1,697",20231017,Grid
F03265,mott haven,Mutual Aid NYC,"1,199",20191012,SOLAR
F02427,Flatbush,Corner Deli,"1,271",20220504,generator
F00964,Harlem,Corner Deli,933,20210504,solar
F04360,Bushwick,st. marks church,698,20240403,SOLAR
F02050,harlem, CORNER DELI ,"1,730",20200308,Solar
F04617,bed-stuy,,-30,20221116,Solar
F02262,sunset park,Corner Deli,"1,668",20220811,grid
F03099,Sunset Park,St. Marks Church,"1,947",20190404,Solar
F01052,Ridgewood,mutual aid nyc,"1,621",20211025,GRID
F01973,crown hts,Green Grocer,"1,088",20210802,GRID
F04209,flatbush ,St. Marks Church,"1,782",20220713,Solar
F02953,Ridgewood,Mutual Aid NYC,878,20240418,GRID
F02699,harlem, CORNER DELI ,"1,914",20191003,generator
F00736,Jackson Heights,st. marks church,"1,288",20180927,SOLAR
F04247, Bushwick ,Green Grocer,"1,273",20190922,grid
F00764,flatbush ,Mutual Aid NYC,307,20210121,solar
F04074,Bed-Stuy,mutual aid nyc,949,20210404,solar
F00334, Bushwick ,bodega grande,450,20230601,generator
F02033,crown hts,Green Grocer,84,20240222,generator
F03282,Jackson Heights,mutual aid nyc,558,20201121,generator
F01987,bushwick,corner deli,322,20180820,solar
F04668,Bedford-Stuyvesant,bodega grande,"1,180",20181210,Grid
F04186,Sunset Park,green grocer,"1,538",20210313,Grid
F02571,Flatbush,Mutual Aid NYC,"1,071",20200204,Solar
F04790,Bedford-Stuyvesant,community garden,224,20220419,GRID
F03323,Crown Heights,Green Grocer,898,20220805,Generator
F01189,bushwick,community garden,"1,581",20230607,GRID
F02800,Bedford-Stuyvesant,Green Grocer,854,20210809,solar
F00777,jackson hts,Mutual Aid NYC,136,20240808,Grid
F01672,Bedford-Stuyvesant,the bakery,"1,483",20220421,grid
F03095,ridgewood,Corner Deli,684,20221218,GRID
F02818,mott haven,,"1,020",17760822,Generator
F03256,harlem,green grocer,681,20220610,solar
F01533,Bed-Stuy,community garden,"1,076",20190503,SOLAR
F02555,jackson hts,Community Garden,"1,321",20190624,generator
F04379,Bedford-Stuyvesant,the bakery,,20240602,Grid
F03299,sunset park,Bodega Grande,"1,554",20180226,Grid
F03988,Harlem,The Bakery,712,20181128,solar
F01545,bed-stuy,green grocer,"1,672",20200909,SOLAR
F00834,jackson hts,,463,20220710,generator
F03892,ridgewood,green grocer,161,20191119,SOLAR
F00063,harlem,Community Garden,617,20230721,Generator
F00014,Ridgewood,mutual aid nyc,"1,831",20220216,grid
F02616,Bushwick,The Bakery,144,20230224,Solar
F03297,sunset park,Mutual Aid NYC,345,20220425,solar
F01671,crown hts,Corner Deli,519,20230402,grid
F04040,Bedford-Stuyvesant,green grocer,"1,715",20180607,SOLAR
F03063,bushwick,Corner Deli,"1,442",20240208,Solar
F04138,harlem,,"1,752",20180422,Grid
F00884,mott haven,the bakery,271,20191105,GRID
F03194,Bedford-Stuyvesant,Mutual Aid NYC,"1,279",20230110,generator
F01975,Flatbush,Bodega Grande,"1,817",20220428,grid
F01034,crown hts,,"1,247",20210425,GRID
F01328,Bushwick,The Bakery,595,20210825,grid
F01067,Mott Haven,mutual aid nyc,"1,062",20220827,SOLAR
F00442,Sunset Park,Community Garden,567,20181116,grid
F02084,Jackson Heights,Green Grocer,"1,012",20180509,solar
F00377, Bushwick ,Community Garden,124,20230609,Grid
F01550,harlem,Bodega Grande,498,20200127,SOLAR
F02219,Sunset Park,Community Garden,379,20230715,GRID
F04628,harlem,Community Garden,"1,817",20230201,GRID
F00236,sunset park,bodega grande,219,20200513,Grid
F00142,Jackson Heights,corner deli,"1,837",20230321,generator
F00917,jackson hts,bodega grande,328,20180308,grid
F04718,jackson hts,Corner Deli,"1,294",20221011,Grid
F01329,bushwick,community garden,"1,029",20230301,solar
F00240,Harlem, CORNER DELI ,466,20210822,Generator
F02812,harlem,corner deli,62,20200106,GRID
F04159,flatbush , CORNER DELI ,856,20220111,SOLAR
F03666,mott haven,Mutual Aid NYC,723,20211213,generator
F00782,Mott Haven,Corner Deli,411,20241205,Solar
F04125,harlem,the bakery,"1,087",20200218,grid
F02448,Crown Heights,,448,20211128,grid
F03479,harlem,green grocer,"1,115",20180225,Generator
F02129,Jackson Heights,St. Marks Church,646,20201017,Solar
F03353,Bedford-Stuyvesant,,438,20210414,Grid
F02122,Mott Haven,community garden,148,20231110,Solar
F03425,Ridgewood,st. marks church,,20990321,generator
F01703,harlem,community garden,321,20220822,solar
F04773,Jackson Heights,corner deli,,20191209,grid
F03968,flatbush ,Green Grocer,"1,320",20240905,SOLAR
F01771,Mott Haven,mutual aid nyc,729,20240318,Generator
F01884,Bed-Stuy,community garden,81,20180626,SOLAR
F03213,Bedford-Stuyvesant, CORNER DELI ,92,20180326,Solar
F02434,mott haven,Bodega Grande,"1,639",20181002,SOLAR
F02657,bed-stuy,green grocer,"1,491",20240523,SOLAR
F03739,mott haven,Green Grocer,"1,139",20220118,Grid
F00548,Bedford-Stuyvesant, CORNER DELI ,"1,778",20210321,SOLAR
F03947,bed-stuy,Green Grocer,921,20210124,solar
F02630,Jackson Heights, CORNER DELI ,740,20221224,Generator
F02457,jackson hts,mutual aid nyc,"1,321",20220728,grid
F03255,Mott Haven,Mutual Aid NYC,"1,233",20220108,Generator
F02675,flatbush ,St. Marks Church,"1,875",20200223,grid
F00379,bed-stuy, CORNER DELI ,"1,560",20210628,generator
F01081,bushwick,bodega grande,104,20230928,GRID
F02677,jackson hts,mutual aid nyc,"1,778",20200811,Solar
F00971,jackson hts,st. marks church,"1,691",20191009,Generator
F01026,Mott Haven,community garden,"1,073",20210804,grid
F01949,Jackson Heights,Mutual Aid NYC,999999,20210124,Solar
F00803, Bushwick ,Community Garden,785,20241028,solar
F03487,bushwick,corner deli,168,20180605,SOLAR
F04772,Mott Haven,Community Garden,541,20221105,solar
F00916, Bushwick ,The Bakery,"1,385",20221118,generator
F00401,crown hts,Community Garden,118,20190113,grid
F04420,crown hts,mutual aid nyc,"1,584",20241022,SOLAR
F01347,Bed-Stuy,Bodega Grande,206,20190518,Grid
F00335,flatbush ,Mutual Aid NYC,112,20240426,Generator
F00291,Bushwick,green grocer,"1,833",20230921,SOLAR
F00109,Harlem,the bakery,412,20230706,Grid
F04427,bed-stuy,The Bakery,585,20200910,generator
F04344,Harlem,corner deli,90,20180303,Grid
F03295,bed-stuy, CORNER DELI ,277,20240310,Solar
F04429,Mott Haven,Mutual Aid NYC,"1,321",20240305,Generator
F00534,bushwick,Community Garden,"1,138",20201111,generator
F02495,Harlem,The Bakery,"1,522",20180507,generator
F00264,Bedford-Stuyvesant,Green Grocer,,20210122,GRID
F01125,Crown Heights, CORNER DELI ,"1,029",20231102,GRID
F03987,Bed-Stuy,corner deli,"1,088",20181224,solar
F01479,Sunset Park,Bodega Grande,176,20240302,Solar
F00417, Bushwick ,St. Marks Church,"1,463",20180103,GRID
F02449,Ridgewood,bodega grande,"1,942",20220520,GRID
F00440,Mott Haven,mutual aid nyc,"1,692",20230416,SOLAR
F03179,flatbush ,the bakery,752,20200322,SOLAR
F02438,Jackson Heights,Corner Deli,"1,494",20240204,GRID
F03215,bushwick,st. marks church,158,20210116,generator
F04458,flatbush ,Corner Deli,"1,071",20240728,Solar
F02317,Sunset Park,corner deli,"1,307",20210910,solar
F00280,bushwick,Mutual Aid NYC,"1,291",20200319,solar
F01318,ridgewood,bodega grande,"1,013",20200422,Grid
F02823,jackson hts,community garden,"1,182",20991210,generator
F03165,sunset park,Community Garden,50,20180706,GRID
F01442,Harlem,community garden,796,20180809,SOLAR
F04298,Sunset Park,green grocer,642,20241201,Grid
F00140,harlem,,990,20210417,Generator
F00833,Crown Heights,the bakery,"1,144",20231215,Generator
F03313,crown hts,Community Garden,701,20190415,Grid
F03156, Bushwick ,The Bakery,"1,925",20220406,Grid
F03517,harlem,,"1,659",20231112,grid
F01207,harlem,Corner Deli,173,20180928,solar
F02864,Bushwick,The Bakery,"1,123",20210920,SOLAR
F01294,flatbush ,st. marks church,"1,040",20200719,Solar
F03730,Bed-Stuy,Corner Deli,999999,20180713,grid
F00524,bed-stuy,bodega grande,177,20231209,generator
F02275,Sunset Park,mutual aid nyc,"1,697",20220927,grid
F01305,ridgewood,mutual aid nyc,963,20180226,generator
F01689,Flatbush,,"1,903",20181216,SOLAR
F04753,Bushwick,,946,20210209,solar
F02026,Harlem,bodega grande,630,20240503,Solar
F00657,mott haven,The Bakery,"1,596",20200525,SOLAR
F03996,sunset park,green grocer,"1,483",20230603,generator
F03926,Ridgewood,community garden,"1,866",20210515,Grid
F02905,Bed-Stuy,community garden,723,20180426,Generator
F02162,harlem,Corner Deli,830,20210322,Grid
F03802,sunset park,community garden,"1,787",20191126,SOLAR
F03374,Sunset Park,The Bakery,"1,563",20230727,solar
F01883,Bed-Stuy,the bakery,"1,067",20190522,Solar
F02783,Bedford-Stuyvesant,Green Grocer,393,20230528,GRID
F02418,Harlem,Mutual Aid NYC,"1,973",20200701,grid
F00428,jackson hts,corner deli,"1,114",20220404,Solar
F04425,Bedford-Stuyvesant,St. Marks Church,592,20180917,Solar
F03349,Jackson Heights,the bakery,361,20200111,GRID
F01311,Bedford-Stuyvesant,Bodega Grande,481,20181113,GRID
F04887,flatbush ,the bakery,"1,633",20220314,SOLAR
F01982,Crown Heights, CORNER DELI ,"1,193",20200806,Solar
F01966,Bed-Stuy,bodega grande,722,20190414,solar
F02099,Bedford-Stuyvesant,Bodega Grande,"1,005",20230823,Generator
F03749, Bushwick ,st. marks church,871,20240728,solar
F01474,crown hts,Corner Deli,699,20200804,generator
F04831,sunset park,Mutual Aid NYC,160,20211204,Generator
F00717,harlem,Green Grocer,"1,579",20241211,GRID
F00021,Bed-Stuy,Community Garden,745,20230603,solar
F01866,Bushwick,st. marks church,"1,568",20241105,grid
F00863, Bushwick ,St. Marks Church,"1,270",20210217,GRID
F04590,bed-stuy,Corner Deli,849,20190414,Generator
F02389,Bedford-Stuyvesant,Mutual Aid NYC,"1,261",20240307,Generator
F01042,bed-stuy,mutual aid nyc,"1,192",20240714,grid
F02732,crown hts, CORNER DELI ,819,20190101,SOLAR
F02039,jackson hts,corner deli,"1,638",20191212,grid
F02390,flatbush ,St. Marks Church,"1,782",20191022,GRID
F04594,bushwick,corner deli,856,20190402,GRID
F04899,Bed-Stuy,bodega grande,514,20230217,solar
F04615,jackson hts,mutual aid nyc,"1,288",20190306,grid
F03112,Mott Haven, CORNER DELI ,"1,441",20220224,solar
F02480,harlem,Bodega Grande,"1,870",20240201,Generator
F04584,Jackson Heights,bodega grande,"1,721",20240110,SOLAR
F01874,Crown Heights,community garden,631,20220902,GRID
F03891,Harlem,st. marks church,460,20240826,Solar
F04407,ridgewood,bodega grande,,20240102,grid
F02656,ridgewood, CORNER DELI ,374,17761121,generator
F00380,Flatbush,Green Grocer,313,20230901,solar
F03092,Flatbush,the bakery,"1,045",20241008,Solar
F03657,Sunset Park,Green Grocer,"1,525",20230108,grid
F02548,Bed-Stuy,the bakery,"1,724",20211211,GRID
F02367,Crown Heights,corner deli,"1,933",20230623,GRID
F04242,ridgewood,the bakery,"1,190",20210905,Generator
F00015,Bed-Stuy,bodega grande,942,20201005,SOLAR
F01308,Bedford-Stuyvesant,Community Garden,"1,250",20180417,generator
F01130,Sunset Park,Corner Deli,544,20230525,GRID
F01256,Bed-Stuy,bodega grande,"1,344",20220621,solar
F00353,bushwick,corner deli,"1,645",20241011,solar
F03940,sunset park,mutual aid nyc,"1,811",20200704,Grid
F02684,Flatbush,Corner Deli,"1,327",20190510,generator
F04462,Jackson Heights,Bodega Grande,758,20191123,Generator
F04283,jackson hts,The Bakery,"1,506",20180810,SOLAR
F04049,jackson hts,Mutual Aid NYC,"1,185",20210612,Generator
F01016,harlem,bodega grande,716,20241002,Grid
F03368,Mott Haven,mutual aid nyc,581,20210502,generator
F04038,sunset park,Mutual Aid NYC,"1,591",20190720,generator
F04875,Bedford-Stuyvesant,St. Marks Church,"1,273",20201209,solar
F01760,Crown Heights, CORNER DELI ,86,20180825,SOLAR
F01860,Sunset Park,green grocer,192,20180712,Grid
F03186, Bushwick ,community garden,"1,587",20220725,GRID
F00267,Crown Heights,Corner Deli,794,20230921,solar
F04630,Bed-Stuy,St. Marks Church,341,20180822,solar
F02285,Bedford-Stuyvesant,green grocer,976,20190419,grid
F01428,Ridgewood,Community Garden,135,20200227,Generator
F02971,flatbush ,corner deli,212,20231224,Generator
F02165,Harlem,green grocer,"1,551",20200213,SOLAR
F01381,Sunset Park,The Bakery,"1,181",20190708,generator
F02984,Bed-Stuy,st. marks church,985,20220503,GRID
F01585,Sunset Park,community garden,883,20190916,solar
F00580,bed-stuy,community garden,750,20210323,Solar
F04393,Crown Heights,the bakery,145,20190819,SOLAR
F00139,Bed-Stuy,Community Garden,826,20190709,Grid
F04000,bed-stuy,the bakery,"1,996",20211003,GRID
F04494,flatbush ,green grocer,"1,282",20210215,GRID
F01301,Crown Heights,Mutual Aid NYC,370,20180323,solar
F02931,sunset park,The Bakery,562,20180716,grid
F04278,Sunset Park,mutual aid nyc,66,20240725,Solar
F00006,Bed-Stuy,corner deli,"1,216",20210520,generator
F01893,Crown Heights,,355,20230827,Generator
F01901,Ridgewood,,59,20180304,Generator
F01127,mott haven,the bakery,"1,883",20230818,Generator
F01613,crown hts,,"1,038",20200316,SOLAR
F03834,Bed-Stuy,,508,20210823,Grid
F02172,Ridgewood,The Bakery,"1,552",20210505,Solar
F03707,Sunset Park, CORNER DELI ,"1,688",20190209,SOLAR
F01812,Harlem,the bakery,"1,998",20210227,SOLAR
F04782,jackson hts,Bodega Grande,790,20210320,Solar
F00877,bed-stuy,mutual aid nyc,117,20240206,Grid
F00207,Sunset Park,Mutual Aid NYC,"1,631",20210727,generator
F04794, Bushwick ,Bodega Grande,"1,989",20210618,SOLAR
F03248,harlem,corner deli,494,20241203,Generator
F04723,mott haven,the bakery,595,20210526,Solar
F00313,flatbush ,Community Garden,349,20211101,Solar
F01466,sunset park,bodega grande,791,20240411,GRID
F03638,Harlem,mutual aid nyc,911,20241128,Solar
F03209,jackson hts,Community Garden,568,20230207,generator
F03684,crown hts,Mutual Aid NYC,"1,814",20211119,solar
F00786,harlem,Corner Deli,"1,434",20240528,Generator
F00681,crown hts,mutual aid nyc,625,20230427,Generator
F01965,ridgewood,bodega grande,394,20180427,Grid
F02492,jackson hts,Mutual Aid NYC,"1,553",20210712,solar
F00054,harlem,bodega grande,590,20180523,Generator
F00387,Bed-Stuy,Mutual Aid NYC,"1,073",20201203,generator
F01365,Crown Heights,mutual aid nyc,"1,103",20230905,generator
F02352,Bed-Stuy,Mutual Aid NYC,"1,572",20210308,Solar
F00229,Bedford-Stuyvesant,Community Garden,48,20211101,Generator
F03695,bushwick,community garden,291,20241018,solar
F00651,crown hts,Bodega Grande,59,20240610,solar
F01379,Sunset Park,green grocer,132,20180403,solar
F01639,jackson hts,st. marks church,"1,926",20210217,generator
F00234,flatbush ,st. marks church,"1,946",20190810,Solar
F01338,Flatbush, CORNER DELI ,"1,529",20200204,Generator
F02229,Harlem,st. marks church,997,20210514,solar
F01966,Bed-Stuy,bodega grande,722,20190414,solar
F01664,Ridgewood,Bodega Grande,763,20210405,GRID
F00482,Harlem,Mutual Aid NYC,"1,186",20190705,Solar
F04403,Harlem,mutual aid nyc,"1,525",20190915,GRID
F02320,mott haven,the bakery,"1,975",20230520,grid
F01117,bushwick,green grocer,957,20240213,grid
F01630,Harlem,,"1,727",20230817,GRID
F04021,Bed-Stuy,the bakery,"1,601",20230322,grid
F00977,Mott Haven,the bakery,933,20180407,generator
F02107,flatbush ,Green Grocer,995,20200221,Grid
F03427,sunset park, CORNER DELI ,"1,477",20180210,grid
F02140,Mott Haven,mutual aid nyc,203,20200104,SOLAR
F01461,Ridgewood,bodega grande,859,20240713,GRID
F00783,mott haven,Corner Deli,"1,720",20230317,solar
F00150,bed-stuy,bodega grande,"1,404",20240525,Generator
F00873,Sunset Park,Community Garden,,20210708,grid
F03562,jackson hts,the bakery,404,20181028,solar
F00276,Flatbush,Green Grocer,,20190801,Generator
F00754,bed-stuy, CORNER DELI ,892,20210906,Solar
F04869,crown hts,corner deli,"1,845",20240321,GRID
F03467,harlem,St. Marks Church,"1,905",20240123,Grid
F01072, Bushwick ,bodega grande,365,20200713,GRID
F01435,harlem,Green Grocer,153,20200126,solar
F03509,Flatbush,Mutual Aid NYC,,20220102,Grid
F01175,bed-stuy,corner deli,57,20200714,grid
F01174,Bushwick,Bodega Grande,,20210913,Grid
F04286,flatbush ,Bodega Grande,"1,489",20240207,Generator
F03642,mott haven,mutual aid nyc,"1,332",20231008,GRID
F01669,Harlem,The Bakery,602,20180814,GRID
F02856, Bushwick ,,"1,321",20230910,Solar
F01524,Bushwick,corner deli,"1,224",20200909,grid
F03889,harlem,community garden,"1,431",20190408,Generator
F00546,harlem,Green Grocer,164,20210922,solar
F03114,Mott Haven,bodega grande,"1,692",20210211,grid
F01026,Mott Haven,community garden,"1,073",20210804,grid
F03379,mott haven,Community Garden,"1,687",20230201,SOLAR
F00564,Flatbush,the bakery,267,20201026,solar
F00233,flatbush ,Corner Deli,829,20190115,solar
F00198,Mott Haven,The Bakery,"1,411",20240103,generator
F02003,ridgewood,corner deli,"1,535",20230217,SOLAR
F00092,flatbush ,mutual aid nyc,"1,813",20220104,SOLAR
F00228,Bushwick,st. marks church,"1,275",20220123,grid
F02321,Bushwick,Mutual Aid NYC,"1,207",20220508,solar
F00192,Flatbush,community garden,336,20190301,Solar
F01402,ridgewood,green grocer,"1,993",20240702,grid
F01388,Mott Haven,the bakery,"1,230",20180419,Generator
F04658, Bushwick ,Mutual Aid NYC,"1,766",20180103,Grid
F00557,sunset park,bodega grande,416,20211212,GRID
F03416,Ridgewood,St. Marks Church,"1,868",20220713,generator
F02225,jackson hts,Community Garden,694,20190912,solar
F00817,bed-stuy,Community Garden,"1,625",20200501,Grid
F00689,Harlem,Green Grocer,"1,786",20210114,GRID
F02721,mott haven,St. Marks Church,259,20210726,SOLAR
F03130,Ridgewood,Green Grocer,"1,334",20181228,GRID
F01358,Bedford-Stuyvesant,Green Grocer,"1,163",20240204,Generator
F01370,sunset park,mutual aid nyc,"1,833",20190221,solar
F04009,Crown Heights,Corner Deli,"1,040",20220421,generator
F00735,Mott Haven,,"1,948",20240624,grid
F01998,flatbush ,Mutual Aid NYC,805,20190216,GRID
F04028,sunset park,bodega grande,271,20240527,SOLAR
F01443,Ridgewood,the bakery,"1,143",20231213,grid
F02614,harlem, CORNER DELI ,"1,740",20181208,generator
F03586, Bushwick ,Bodega Grande,"1,327",20221011,Grid
F04530,Bedford-Stuyvesant,the bakery,634,20230421,Solar
F03937,jackson hts,bodega grande,73,20190721,Generator
F01350,Sunset Park,st. marks church,158,20240508,grid
F04454,flatbush ,green grocer,642,20240902,grid
F00462, Bushwick ,mutual aid nyc,"1,972",20190110,SOLAR
F02574,Bushwick,,"1,809",20190323,grid
F04625,bushwick,,"1,326",20190606,solar
F01832, Bushwick ,st. marks church,"1,828",20230304,Grid
F01596,Mott Haven,Community Garden,"1,251",20190405,Grid
F03439, Bushwick ,Community Garden,"1,264",20220520,Generator
F00005,crown hts,community garden,"1,056",20210812,GRID
F03193,flatbush ,St. Marks Church,"1,233",20220212,Generator
F00614,bed-stuy,green grocer,264,20191122,solar
F02380,harlem,Corner Deli,"1,980",20240628,generator
F02413,Jackson Heights,,,20200626,generator
F00732,sunset park,Community Garden,"1,797",20210307,SOLAR
F00355,crown hts,Community Garden,343,20230307,SOLAR
F01306,Ridgewood,Corner Deli,648,20221208,Generator
F04005,ridgewood,green grocer,638,20230416,grid
F00148,Mott Haven,st. marks church,"1,327",20200524,solar
F02055,bed-stuy,Community Garden,"1,169",20230427,Grid
F00242,Bedford-Stuyvesant,The Bakery,98,20221203,solar
F04802,Flatbush,The Bakery,"1,424",20211209,SOLAR
F04143,Harlem,st. marks church,863,20180108,Generator
F01789,Ridgewood,St. Marks Church,"1,486",20241222,solar
F03041,Sunset Park,Green Grocer,"1,667",20180416,SOLAR
F04561,bushwick,green grocer,596,20201103,GRID
F01611,ridgewood,green grocer,481,20190128,SOLAR
F04187,Harlem,,"1,531",20240328,Grid
F02171,Crown Heights,green grocer,,20180811,Grid
F01280,ridgewood,Bodega Grande,"1,076",20180205,solar
F02753,Bedford-Stuyvesant,corner deli,75,20190208,GRID
F00843,Bedford-Stuyvesant,bodega grande,"1,767",20211022,GRID
F01447,mott haven,Mutual Aid NYC,"1,000",20240922,Solar
F02801, Bushwick ,mutual aid nyc,"1,677",20180104,Solar
F02586, Bushwick ,the bakery,310,20190404,grid
F01017,crown hts,corner deli,719,20190323,generator
F00104,ridgewood,St. Marks Church,"1,717",20190205,SOLAR
F03828,harlem,Community Garden,"1,287",20220304,Solar
F00727,crown hts,The Bakery,525,20180221,Grid
F01460,bushwick,Mutual Aid NYC,304,20230724,SOLAR
F01031,crown hts,Mutual Aid NYC,972,20240224,solar
F04825,ridgewood,the bakery,"1,640",20220622,Grid
F00395,Ridgewood,the bakery,555,20190914,GRID
F04119,flatbush ,The Bakery,"1,121",20181102,GRID
F00533,crown hts,The Bakery,"1,411",20200801,generator
F03242,crown hts,,817,20190206,Grid
F00666,Sunset Park,corner deli,280,20211025,GRID
F00474,Jackson Heights,Community Garden,"1,671",20201202,generator
F02395,ridgewood,Green Grocer,"1,123",20190128,Grid
F00927,harlem,Bodega Grande,,20210317,Grid
F04476,flatbush ,,"1,863",20230208,generator
F02750,Bedford-Stuyvesant,mutual aid nyc,944,20220308,Solar
F01885,mott haven,bodega grande,673,20240407,Solar
F01276,bed-stuy,green grocer,926,20230907,solar
F04325,Jackson Heights,mutual aid nyc,"1,112",20240323,solar
F02470,sunset park,corner deli,733,20180916,solar
F03736,jackson hts,green grocer,507,20210316,Generator
F03984,Bushwick,mutual aid nyc,"1,175",20180401,Grid
F01070,ridgewood,Green Grocer,109,20210702,Solar
F00077,ridgewood, CORNER DELI ,155,20190120,grid
F04294,crown hts,green grocer,"1,456",20180423,Solar
F04363,bed-stuy,Green Grocer,181,20190121,grid
F02757,Ridgewood,corner deli,646,20210206,solar
F02085,Ridgewood,Bodega Grande,"1,750",20200414,grid
F02756,Bushwick,Bodega Grande,"1,261",20200109,GRID
F03901,Harlem,corner deli,"1,257",20200921,solar
F01400,Flatbush,bodega grande,959,20190804,GRID
F01890,Ridgewood,st. marks church,336,20210318,grid
F04792,Flatbush,the bakery,"1,610",20211203,GRID
F04203, Bushwick ,Mutual Aid NYC,878,20180811,generator
F03555,Bed-Stuy,Green Grocer,344,20230314,Generator
F02499,sunset park,The Bakery,"1,614",20220920,GRID
F02411,mott haven,corner deli,558,20180206,GRID
F03985,Sunset Park,The Bakery,504,20210511,Solar
F04725,bed-stuy,Green Grocer,"1,969",20231122,SOLAR
F01937,crown hts,bodega grande,97,20191021,grid
F03558,jackson hts,st. marks church,"1,524",20210301,generator
F04824,mott haven,Green Grocer,46,20240610,Solar
F02090,ridgewood,st. marks church,"1,924",20240804,SOLAR
F03148,Jackson Heights, CORNER DELI ,166,20180318,Generator
F01810,Bed-Stuy,The Bakery,251,20220721,Grid
F04149,bushwick,Mutual Aid NYC,"1,834",20231107,SOLAR
F01395,bed-stuy,,288,20190814,generator
F03015,Jackson Heights,the bakery,"1,422",20220519,Grid
F03993,Bed-Stuy,Green Grocer,541,20201017,GRID
F03134,flatbush , CORNER DELI ,360,20201216,Generator
F00504,Crown Heights,green grocer,"1,022",20220409,grid
F01288,sunset park,,"1,011",20210605,SOLAR
F03333,Flatbush,mutual aid nyc,802,20190819,Grid
F01085,harlem,corner deli,621,20230403,SOLAR
F04867,mott haven,green grocer,377,20230306,grid
F04168,sunset park,green grocer,"1,766",20180805,generator
F01811,sunset park,Mutual Aid NYC,"1,499",20230512,generator
F00284,harlem,corner deli,"1,339",20240322,SOLAR
F00350,mott haven,Green Grocer,,20220424,solar
F02433,crown hts,bodega grande,"1,849",20180219,SOLAR
F04515,Crown Heights,Bodega Grande,593,20220704,SOLAR
F01912,mott haven,corner deli,"1,632",20190917,SOLAR
F01830,bed-stuy,mutual aid nyc,821,20190506,Solar
F00279,Bedford-Stuyvesant,Bodega Grande,112,20220727,Generator
F04153,Jackson Heights,St. Marks Church,999999,20190726,Grid
F04230,Harlem,mutual aid nyc,546,20190724,SOLAR
F02964,flatbush ,Bodega Grande,"1,203",20210207,solar
F01372,ridgewood,st. marks church,328,20221122,solar
F00528,ridgewood,st. marks church,535,20200819,SOLAR
F03674,ridgewood,The Bakery,"1,878",20220915,grid
F04431,sunset park,St. Marks Church,454,20230320,Generator
F04136,flatbush ,st. marks church,"1,864",20191028,GRID
F02398,Bedford-Stuyvesant,the bakery,48,20200924,Generator
F03942,Sunset Park, CORNER DELI ,"1,284",20220512,Solar
F03697,Bushwick,St. Marks Church,"1,940",20210915,grid
F02842,Flatbush,Green Grocer,"1,830",20201004,grid
F01195,Mott Haven,Bodega Grande,"1,665",20201216,generator
F00522,Bedford-Stuyvesant,Green Grocer,"1,204",20221018,grid
F01696,bushwick,Community Garden,833,20191210,SOLAR
F00660,bushwick,Green Grocer,552,20210925,SOLAR
F01852,Jackson Heights,st. marks church,319,20210419,SOLAR
F01065,Crown Heights,mutual aid nyc,"1,197",20241114,generator
F04491,Sunset Park,Mutual Aid NYC,"1,851",20220819,GRID
F03796,jackson hts,st. marks church,727,20200806,generator
F02243, Bushwick ,Corner Deli,965,20231114,generator
F02931,sunset park,The Bakery,562,20180716,grid
F00066,Sunset Park,community garden,81,20210413,grid
F02218,Bushwick,green grocer,"1,342",20200410,solar
F00807,Crown Heights,Green Grocer,"1,328",20220616,Solar
F01906,bed-stuy,Bodega Grande,546,20210418,SOLAR
F01131,Bed-Stuy,bodega grande,"1,464",20180806,GRID
F04268,Bedford-Stuyvesant,green grocer,"1,122",20210623,GRID
F00692,bushwick,St. Marks Church,,20220526,Grid
F02381,mott haven,Green Grocer,"1,232",20210109,Grid
F00450,Sunset Park,Bodega Grande,524,20180405,Grid
F03699,crown hts,community garden,805,20190104,grid
F00714,Flatbush,the bakery,"1,121",20231210,GRID
F04552,Jackson Heights,The Bakery,"1,921",20220212,Generator
F02249,flatbush ,bodega grande,"1,793",20230801,grid
F04510,Crown Heights,mutual aid nyc,745,20181223,solar
F01272,Sunset Park,bodega grande,"1,821",20241220,Generator
F01241,Harlem,Green Grocer,,20220803,Solar
F02302,Crown Heights,community garden,"1,261",20211018,generator
F03337,Bedford-Stuyvesant,Green Grocer,467,20210918,SOLAR
F03589,harlem,Mutual Aid NYC,"1,386",20220617,generator
F00665,jackson hts,Bodega Grande,724,20210601,solar
F03941,bed-stuy,St. Marks Church,661,20190812,Solar
F03658,ridgewood,,948,20220105,grid
F00129,ridgewood,Corner Deli,697,20221024,grid
F03298,Bed-Stuy,mutual aid nyc,760,20190319,Solar
F03281,Jackson Heights,The Bakery,643,20200816,Generator
F02479,Jackson Heights,Green Grocer,362,20240417,GRID
F03240,Mott Haven,community garden,"1,222",20220705,Grid
F01899,sunset park,corner deli,767,20210806,Generator
F04788,Harlem, CORNER DELI ,847,20190905,Grid
F01057,Flatbush,Bodega Grande,"1,890",20190413,SOLAR
F02278,Sunset Park,the bakery,511,20230827,Solar
F02963,Jackson Heights,Community Garden,"1,562",20180617,Solar
F02897,Flatbush,,"1,956",20190504,grid
F01681,jackson hts,bodega grande,"1,844",20220903,generator
F01624,Bed-Stuy,bodega grande,"1,538",20210926,grid
F01542, Bushwick ,Bodega Grande,"1,509",20180315,Grid
F04562,Crown Heights,st. marks church,358,20220110,solar
F03462,mott haven,bodega grande,"1,037",20180812,GRID
F02132,flatbush ,Community Garden,"1,341",20201214,generator
F04696,Harlem,community garden,145,20241204,Grid
F00421,bushwick,corner deli,"1,390",20200316,generator
F00570,mott haven,The Bakery,"1,934",20210313,Generator
F04113,crown hts,The Bakery,"1,778",20240809,solar
F00046,Flatbush,st. marks church,"1,383",20220205,grid
F03612,Bed-Stuy,green grocer,999999,20221016,GRID
F04769,Jackson Heights,Community Garden,638,20180428,SOLAR
F01718,Jackson Heights,Green Grocer,"1,495",20211204,Solar
F02935,Bushwick,Community Garden,"1,995",20201225,generator
F00965,Bed-Stuy,bodega grande,386,20200214,SOLAR
F02768,Bedford-Stuyvesant,Mutual Aid NYC,394,20230219,GRID
F04634,Bushwick,corner deli,"1,245",20240617,Generator
F01062,jackson hts,Corner Deli,-30,20210327,SOLAR
F01997,harlem,Corner Deli,"1,759",20230207,grid
F02568,Bushwick, CORNER DELI ,"1,747",20220321,grid
F03124,Bedford-Stuyvesant,corner deli,,20180816,Solar
F00933,harlem,bodega grande,"1,922",20230111,SOLAR
F04658, Bushwick ,Mutual Aid NYC,"1,766",20180103,Grid
F01239,mott haven,corner deli,"1,410",20190524,generator
F04400,Bed-Stuy,The Bakery,"1,729",20190619,GRID
F01814,sunset park,the bakery,416,20200226,grid
F04072,Sunset Park,bodega grande,395,20231025,grid
F04288,mott haven,,47,20230205,SOLAR
F00107,sunset park,Green Grocer,629,20240403,Solar
F00975,mott haven,mutual aid nyc,268,20230516,generator
F01962,bushwick, CORNER DELI ,968,20210522,Grid
F00085,Sunset Park,St. Marks Church,"1,683",20201008,Generator
F04223,Harlem,community garden,299,20230225,generator
F03432,bushwick,green grocer,"1,833",20190805,grid
F03061,mott haven,the bakery,706,20211022,grid
F04765,flatbush ,mutual aid nyc,525,20180624,generator
F03830,jackson hts,Mutual Aid NYC,148,20200419,solar
F04537,Bed-Stuy,the bakery,"1,674",20220322,GRID
F00819,jackson hts,bodega grande,"1,301",20200322,Solar
F01895,bushwick,the bakery,643,20241025,generator
F01963,Crown Heights,Bodega Grande,116,20191223,Grid
F02397, Bushwick ,mutual aid nyc,69,20200721,generator
F03236,Bedford-Stuyvesant,the bakery,"1,145",20220507,GRID
F01481,Bed-Stuy,St. Marks Church,213,20220619,Grid
F03326,harlem,Corner Deli,,20180408,Generator
F04395,Bushwick,bodega grande,"1,731",20240108,GRID
F01915,Flatbush,St. Marks Church,"1,738",20200805,GRID
F02159, Bushwick ,,"1,685",20240424,solar
F02599,harlem,The Bakery,"1,645",20241103,Solar
F02782,Sunset Park,mutual aid nyc,"1,191",20190306,generator
F04638,jackson hts,The Bakery,"1,472",20230323,Grid
F01295,Bed-Stuy,community garden,668,20210506,Generator
F02802,Bed-Stuy,Corner Deli,740,20210824,GRID
F03228,Mott Haven,st. marks church,975,20180917,solar
F03463,bed-stuy,Mutual Aid NYC,"1,978",20201111,generator
F01797,Mott Haven,bodega grande,"1,209",20240523,generator
F00173,Jackson Heights,the bakery,"1,672",20230813,Solar
F01314,Jackson Heights,St. Marks Church,"1,247",20231014,solar
F02081,sunset park,green grocer,"1,805",20191117,generator
F04779,Ridgewood,,"1,136",20210412,Generator
F04350,Bushwick,,706,20220602,Solar
F01059,Jackson Heights,green grocer,281,20210519,SOLAR
F03994,Sunset Park,Mutual Aid NYC,"1,323",20990124,GRID
F00027,Mott Haven,Green Grocer,"1,555",20210914,GRID
F02977,Sunset Park,mutual aid nyc,"1,177",20190807,Generator
F04832,flatbush ,The Bakery,173,20220308,Grid
F02807,Ridgewood,corner deli,,20201007,Solar
F03593,Bed-Stuy,Green Grocer,"1,132",20230213,Solar
F01233,Bed-Stuy,St. Marks Church,450,20210923,Grid
F01925,harlem,Community Garden,45,20200523,generator
F01456,Crown Heights,st. marks church,634,20211111,generator
F02906,bed-stuy,The Bakery,"1,277",20210516,GRID
F00447,Crown Heights,Mutual Aid NYC,"1,328",20240423,SOLAR
F02322,Crown Heights,,"1,679",20210508,Solar
F02522,bushwick,St. Marks Church,193,20240623,GRID
F02533,Mott Haven,The Bakery,369,20191203,grid
F01035,Ridgewood,Green Grocer,364,20230420,Grid
F00398,Flatbush,Bodega Grande,823,20180415,Generator
F01368,Sunset Park,St. Marks Church,"1,695",20220105,generator
F00959,Bed-Stuy,Green Grocer,"1,413",20180303,Grid
F00409,bushwick,green grocer,"1,507",20230726,GRID
F00781,Jackson Heights,st. marks church,"1,229",20180622,generator
F03482,crown hts,bodega grande,886,20230208,Grid
F00623,Flatbush,mutual aid nyc,"1,910",20240818,GRID
F02488,Bed-Stuy,Mutual Aid NYC,689,20210420,Solar
F03122,Crown Heights,Bodega Grande,"1,705",20200408,Grid
F01179,jackson hts,green grocer,691,20180821,Generator
F01818,Mott Haven,the bakery,370,20220406,generator
F02330,Bushwick,green grocer,999999,20210326,GRID
F04789,bed-stuy,,"1,115",20241205,generator
F00425,Bed-Stuy,corner deli,"1,399",20200816,Generator
F02954,Bedford-Stuyvesant,Bodega Grande,820,20220727,GRID
F01458, Bushwick ,,999999,20211210,Generator
F01058, Bushwick ,green grocer,,20200506,generator
F01746,bushwick,St. Marks Church,"1,479",20180922,solar
F02329,Crown Heights,Mutual Aid NYC,134,20240316,Grid
F00322,Flatbush,Corner Deli,"1,315",20200907,Solar
F04715,bushwick,Corner Deli,546,20200703,GRID
F02746,Harlem,bodega grande,681,20200406,Solar
F00118, Bushwick ,community garden,"1,285",20230317,Solar
F03672,sunset park,,,20180512,Generator
F04733,Harlem,Bodega Grande,"1,199",20230914,SOLAR
F02370,Harlem,st. marks church,"1,228",20201121,Grid
F03058,Mott Haven,bodega grande,416,20221113,Grid
F00575,bed-stuy,the bakery,"1,763",20210509,GRID
F01248, Bushwick ,Green Grocer,"1,474",20190125,Grid
F00587,Crown Heights,The Bakery,"1,766",20241221,GRID
F01880,bushwick,Bodega Grande,999999,20240805,Generator
F01986,bed-stuy,community garden,"1,920",20190528,grid
F01773,Harlem,mutual aid nyc,"1,631",20220204,generator
F02950,harlem,Corner Deli,"1,228",20241025,solar
F03275,Sunset Park,Community Garden,859,20221002,SOLAR
F00281,jackson hts,Mutual Aid NYC,997,20210111,SOLAR
F01054,Bed-Stuy,St. Marks Church,563,20181201,Grid
F00688,Bedford-Stuyvesant,St. Marks Church,"1,899",20220424,generator
F01212,Sunset Park,Community Garden,677,20220618,solar
F01507,ridgewood,corner deli,679,20180115,solar
F00200,flatbush ,Mutual Aid NYC,548,20241212,grid
F02133,ridgewood,Green Grocer,597,20241001,solar
F04671,Ridgewood,Bodega Grande,"1,802",20211018,Generator
F02919,bushwick,the bakery,798,20220612,SOLAR
F04814,Jackson Heights,Green Grocer,249,20240208,Generator
F00041,ridgewood,mutual aid nyc,"1,075",20190804,Generator
F03735, Bushwick ,Bodega Grande,"1,951",20210121,Grid
F04472,bed-stuy,green grocer,"1,417",20220925,generator
F02691,Jackson Heights, CORNER DELI ,786,20190125,GRID
F00684,Jackson Heights,Community Garden,902,20220219,SOLAR
F02921,jackson hts,,"1,595",20190126,generator
F01908,harlem,st. marks church,632,20230701,Generator
F03709,Crown Heights,Community Garden,"1,998",20230417,Generator
F04505,flatbush ,bodega grande,"1,918",20210616,SOLAR
F04877,crown hts,Community Garden,638,20191026,Grid
F04654,mott haven,st. marks church,"1,741",20201007,solar
F00835,Bushwick,the bakery,"1,836",20231216,solar
F00902,sunset park,Corner Deli,67,20240711,generator
F01419, Bushwick ,Mutual Aid NYC,"1,940",20230206,generator
F01979,Sunset Park, CORNER DELI ,"1,171",20210627,Generator
F02829,crown hts,Mutual Aid NYC,,20240625,SOLAR
F04809,Bedford-Stuyvesant,The Bakery,979,20190606,generator
F01440,harlem,Bodega Grande,827,20211225,Grid
F04218,harlem,st. marks church,829,20191208,solar
F01577,Flatbush,Green Grocer,"1,770",20240728,Grid
F02456,Crown Heights,Bodega Grande,"1,909",20180828,Grid
F00216,bushwick,mutual aid nyc,645,20180615,generator
F03865,Harlem,Mutual Aid NYC,164,20210608,Generator
F03163,Ridgewood, CORNER DELI ,"1,920",20190311,Generator
F01625,mott haven,Corner Deli,"1,152",20190716,Grid
F02531,crown hts,The Bakery,134,20240604,solar
F00629,crown hts,community garden,"1,577",20240326,grid
F01353,ridgewood,Bodega Grande,"1,902",20200915,grid
F02047,crown hts,bodega grande,467,20241007,grid
F04251,harlem,Green Grocer,"1,967",20240325,Grid
F03633,Bushwick,community garden,439,20221128,generator
F00866,flatbush ,Green Grocer,"1,404",20210413,GRID
F02688, Bushwick ,green grocer,574,20200710,Grid
F04885,bushwick,Community Garden,548,20190925,solar
F02077,harlem, CORNER DELI ,575,20190121,Solar
F00899,jackson hts,Community Garden,771,20221012,SOLAR
F01464,Bushwick,Bodega Grande,"1,766",20190917,SOLAR
F04501,Harlem,corner deli,"1,113",20240112,solar
F03680,mott haven,the bakery,"1,978",20210627,solar
F00839,Mott Haven,Green Grocer,"1,562",20180825,grid
F03762,harlem,Community Garden,"1,803",20210413,Solar
F04451,Flatbush,,"1,607",20221025,Solar
F00157,Bushwick,Mutual Aid NYC,"1,031",20190318,GRID
F04103,sunset park,mutual aid nyc,"1,592",20180707,generator
F03567,Harlem,bodega grande,430,20241023,generator
F04177,flatbush ,corner deli,66,20210321,Solar
F02051,jackson hts,green grocer,448,20210804,solar
F04390,Bed-Stuy,Corner Deli,"1,322",20221117,Generator
F02940,bushwick,St. Marks Church,,20211214,GRID
F01006,crown hts,The Bakery,"1,082",20220227,solar
F01605,crown hts,,45,20220513,solar
F02600,crown hts,St. Marks Church,499,20240816,Solar
F02412,Crown Heights,the bakery,99,20220117,grid
F01302,Bed-Stuy,The Bakery,"1,803",20190224,GRID
F00854,ridgewood,community garden,"1,987",20200124,Grid
F04202,Flatbush,Community Garden,"1,404",20180306,Solar
F00404,Jackson Heights,community garden,"1,257",20220920,generator
F01399,mott haven,st. marks church,799,20211207,GRID
F01075,crown hts,Bodega Grande,"1,027",20240512,Solar
F02060,Bedford-Stuyvesant,Corner Deli,619,20180416,Solar
F03364,Flatbush,bodega grande,722,20180115,Solar
F00591,Ridgewood,The Bakery,824,20190821,generator
F02202,bed-stuy,community garden,"1,920",20230501,grid
F03644, Bushwick ,corner deli,"1,299",20191115,Generator
F00509,Jackson Heights,community garden,"1,065",20211125,SOLAR
F00023,Ridgewood,The Bakery,"1,576",20190226,Generator
F00709,Bushwick,mutual aid nyc,"1,442",20190911,Generator
F01711,Sunset Park,Green Grocer,-30,20190913,Generator
F01678,Bedford-Stuyvesant,the bakery,"1,059",20220810,Generator
F00998,Bushwick,,173,20190815,solar
F04017,Flatbush,Corner Deli,173,20231203,grid
F04518,harlem,The Bakery,646,20230828,SOLAR
F02776,Harlem,Mutual Aid NYC,999999,20210602,GRID
F03982,flatbush ,corner deli,247,20990209,GRID
F03246,Harlem,The Bakery,"1,499",20210227,GRID
F04033,jackson hts,community garden,"1,941",20240927,grid
F01717,harlem,mutual aid nyc,"1,941",20181013,grid
F03667,Sunset Park,St. Marks Church,,20220526,Solar
F01700,mott haven,green grocer,682,20190414,Grid
F04684,Sunset Park,The Bakery,391,20200306,solar
F04281,Sunset Park,,"1,452",20210222,solar
F02265,Bedford-Stuyvesant,mutual aid nyc,"1,252",20240711,Generator
F01833,flatbush ,corner deli,266,20190523,generator
F02702,Mott Haven,Corner Deli,554,20211101,generator
F03929,flatbush ,Mutual Aid NYC,483,20180213,SOLAR
F03348,crown hts,mutual aid nyc,"1,154",20221015,GRID
F03187,mott haven,bodega grande,"1,809",20210611,solar
F01114,Crown Heights,green grocer,720,20210126,generator
F04748,Sunset Park,Community Garden,380,20210908,grid
F01887,flatbush ,community garden,621,20200526,SOLAR
F03069,bed-stuy,Community Garden,857,20240408,generator
F00185,Bedford-Stuyvesant,st. marks church,224,20221117,Generator
F03970,Ridgewood,Community Garden,168,20210328,Solar
F01817,jackson hts,Bodega Grande,"1,051",20200816,Solar
F00943,crown hts,the bakery,"1,185",20220716,Solar
F04265, Bushwick ,Corner Deli,"1,515",20200918,grid
F02200,bed-stuy,bodega grande,"1,996",20200920,solar
F04643,Flatbush,community garden,"1,920",20210721,generator
F00670,bed-stuy,community garden,"1,708",20180902,Generator
F03329,ridgewood,st. marks church,799,20190718,grid
F00055, Bushwick ,Bodega Grande,"1,870",20200110,Generator
F01587, Bushwick ,bodega grande,902,20240210,SOLAR
F03383,harlem,Mutual Aid NYC,"1,812",20240506,Grid
F03761,Sunset Park,the bakery,714,20240908,Solar
F03645,Sunset Park,corner deli,871,20230114,Generator
F04745,Mott Haven,bodega grande,469,20201217,Solar
F00028,jackson hts, CORNER DELI ,78,20990306,Grid
F04541,ridgewood,Community Garden,117,20230425,Solar
F04488,harlem,mutual aid nyc,174,20991217,generator
F03181,bed-stuy,green grocer,-30,20180903,grid
F01134, Bushwick ,The Bakery,"1,691",20190622,Grid
F04037,Crown Heights,bodega grande,767,20220924,solar
F04471,bed-stuy,green grocer,358,20181203,Generator
F01621,bushwick,Green Grocer,"1,910",20240517,grid
F01740,Crown Heights,mutual aid nyc,"1,383",20180228,Solar
F04245,Jackson Heights,green grocer,"1,192",20180726,SOLAR
F03932,ridgewood,Green Grocer,265,20241121,generator
F04006,Jackson Heights, CORNER DELI ,-30,20190111,Generator
F00814,Sunset Park, CORNER DELI ,918,20200320,solar
F04320,Crown Heights,,969,20200126,Solar
F02444,Mott Haven,corner deli,499,20200308,GRID
F00110,mott haven,community garden,"1,797",20241204,generator
F04206,jackson hts,bodega grande,751,20210201,solar
F03647,Jackson Heights,bodega grande,"1,236",20230328,Solar
F00091,Flatbush,Mutual Aid NYC,958,20180107,solar
F04548,ridgewood,Mutual Aid NYC,"1,089",20220125,GRID
F03903,Sunset Park,St. Marks Church,541,20190901,generator
F04618,Harlem,St. Marks Church,-30,20221020,SOLAR
F04477,Bushwick,bodega grande,"1,925",20190613,grid
F02331,Harlem,the bakery,"1,014",20231014,generator
F01757,Sunset Park,The Bakery,"1,486",20210911,solar
F01787,crown hts, CORNER DELI ,"1,855",20210307,SOLAR
F00549,bed-stuy,Community Garden,"1,786",20180714,SOLAR
F02487,bed-stuy,St. Marks Church,523,20180508,GRID
F04828,flatbush ,Bodega Grande,574,20230921,generator
F00867,Harlem,community garden,"1,636",20190918,solar
F00419,Crown Heights,St. Marks Church,"1,452",20230811,grid
F03422,jackson hts,Green Grocer,"1,325",20220723,generator
F01637,bushwick,bodega grande,,20240403,Solar
F04067,ridgewood,,"1,625",20240716,Generator
F02364,Bushwick,bodega grande,"1,195",20221105,Solar
F03962,Bedford-Stuyvesant, CORNER DELI ,758,20201009,solar
F04641,Harlem,green grocer,"1,666",20190609,Generator
F03534,Ridgewood,Community Garden,103,20200104,generator
F01266,Bed-Stuy,community garden,675,20200413,grid
F00654,bed-stuy,The Bakery,"1,860",20210522,Generator
F04716,Harlem,St. Marks Church,"1,543",20220220,grid
F02431,Jackson Heights,Corner Deli,"1,512",20180223,solar
F02581,Flatbush,Corner Deli,305,20221206,solar
F02692,Jackson Heights,St. Marks Church,608,20220303,Generator
F01612,Mott Haven,corner deli,349,20190515,Generator
F04200,bushwick,mutual aid nyc,234,20210413,Generator
F02264,flatbush ,bodega grande,413,20231013,GRID
F02203,Bedford-Stuyvesant,bodega grande,844,20190701,solar
F01996,Bed-Stuy,Mutual Aid NYC,"1,624",20240805,SOLAR
F00237,Ridgewood,Community Garden,727,20180618,solar
F00932,sunset park,Green Grocer,"1,759",20241226,SOLAR
F02490,Jackson Heights,corner deli,"1,006",20200807,Generator
F04836,harlem,Mutual Aid NYC,"1,258",20200412,solar
F02694,Harlem,the bakery,"1,149",20220709,GRID
F02826,Bed-Stuy,bodega grande,"1,429",20190816,Solar
F03155,sunset park,Green Grocer,"1,970",20240512,solar
F02888,harlem,st. marks church,890,20240602,solar
F02804,Bushwick,Corner Deli,"1,790",20180810,grid
F04023,sunset park,corner deli,"1,515",20241108,grid
F00808,sunset park,st. marks church,147,20200312,Grid
F03604, Bushwick , CORNER DELI ,520,20990109,Grid
F02698,Bedford-Stuyvesant,bodega grande,"1,762",20230914,GRID
F01421,Jackson Heights,St. Marks Church,"1,523",20180118,Generator
F00818,bed-stuy,Green Grocer,"1,998",20240701,solar
F01642,jackson hts,,709,20190102,GRID
F00659,sunset park,corner deli,672,20220412,SOLAR
F03225,Sunset Park,,"1,058",20190724,GRID
F03689,Sunset Park,Bodega Grande,"1,939",20220504,generator
F03418,Mott Haven, CORNER DELI ,197,20230420,grid
F03980,Sunset Park,Bodega Grande,"1,915",20190201,SOLAR
F03576,Bed-Stuy,Mutual Aid NYC,700,20191210,SOLAR
F04219,flatbush ,st. marks church,"1,237",20191001,Grid
F00396, Bushwick ,Corner Deli,314,20180701,Generator
F00663, Bushwick ,Corner Deli,"1,323",20221211,Solar
F02267, Bushwick ,The Bakery,51,20240922,solar
F03412,ridgewood,Bodega Grande,"1,735",20201005,Solar
F01560,mott haven,Green Grocer,"1,187",20201123,solar
F02239,Bedford-Stuyvesant,community garden,292,20201103,Generator
F04721,Jackson Heights,The Bakery,"1,252",20190128,GRID
F02760,flatbush ,corner deli,423,20201119,generator
F03592,Harlem,green grocer,135,20221023,generator
F03449,harlem,the bakery,999999,20240424,GRID
F03178,Bed-Stuy,the bakery,958,20210317,solar
F03897,Bushwick, CORNER DELI ,760,20220107,grid
F00345,Sunset Park,Community Garden,"1,974",20200816,SOLAR
F03059,Mott Haven,corner deli,,20180723,SOLAR
F02115,Bushwick,st. marks church,230,20990404,solar
F03459,flatbush ,corner deli,"1,155",20190409,grid
F00990,Bed-Stuy,Bodega Grande,262,20211215,Grid
F00465,crown hts,Bodega Grande,978,20181213,GRID
F00236,sunset park,bodega grande,219,20200513,Grid
F01776,mott haven,bodega grande,637,20230118,Solar
F04602,mott haven,corner deli,377,20190503,GRID
F04872,Mott Haven,community garden,,20210309,generator
F00713,Bushwick,St. Marks Church,"1,923",20240408,generator
F04682,bushwick,bodega grande,"1,725",20181204,grid
F01380,Harlem,st. marks church,"1,812",20201108,Grid
F02400,Flatbush,Green Grocer,"1,260",20220520,Grid
F00130,harlem,Green Grocer,750,20180219,GRID
F03260,ridgewood,st. marks church,999999,20190605,solar
F01897,Bushwick,The Bakery,860,20180128,Solar
F00347, Bushwick ,St. Marks Church,"1,091",20211027,SOLAR
F04701,mott haven, CORNER DELI ,647,20240601,Grid
F03032,jackson hts, CORNER DELI ,"1,799",20200922,Solar
F03860,Flatbush,st. marks church,688,20180811,grid
F00966,bed-stuy,mutual aid nyc,333,20220503,grid
F04853,harlem,Green Grocer,281,20180401,GRID
F02916,sunset park,the bakery,568,20230904,Generator
F04504,harlem,bodega grande,813,20220419,Grid
F00857,bed-stuy,green grocer,"1,012",20220309,SOLAR
F01398,Jackson Heights,corner deli,223,20210910,Grid
F02914,mott haven,st. marks church,"1,704",20180818,generator
F02993,Harlem,community garden,"1,850",20180128,solar
F01958,Ridgewood,st. marks church,154,20191017,Generator
F00606,Bedford-Stuyvesant,bodega grande,"1,652",20200328,GRID
F02509, Bushwick ,community garden,"1,360",20210116,grid
F03866,harlem,,315,20230207,grid
F02252,Crown Heights,green grocer,"1,028",20191205,solar
F04714,bed-stuy,,961,20190914,Generator
F01645,Flatbush,bodega grande,"1,864",20231021,grid
F01137,Mott Haven,mutual aid nyc,"1,998",20240301,Grid
F04706,bed-stuy, CORNER DELI ,593,20231028,GRID
F03546,Bed-Stuy,Green Grocer,"1,523",20240918,solar
F02895,bed-stuy,green grocer,"1,891",20191201,solar
F01187,mott haven,st. marks church,140,20190526,generator
F02772,crown hts,bodega grande,180,20200119,grid
F02135,ridgewood,green grocer,464,20190210,generator
F02260,mott haven,the bakery,"1,222",20230818,grid
F03862,Jackson Heights,st. marks church,"1,961",17760107,SOLAR
F03077,Bushwick,corner deli,"1,199",20210103,SOLAR
F01739,mott haven,Bodega Grande,"1,107",20240107,Generator
F00892,Ridgewood,corner deli,"1,118",20180705,Solar
F00594,Ridgewood,corner deli,"1,657",20220226,Solar
F00016,Bed-Stuy,Bodega Grande,465,20191012,Grid
F00520,Bed-Stuy,mutual aid nyc,"1,241",20180917,solar
F01181,Sunset Park,Green Grocer,"1,174",20230216,generator
F04573,Flatbush,community garden,"1,541",20210407,grid
F04583,jackson hts,Mutual Aid NYC,"1,759",20220803,GRID
F02166,jackson hts,Bodega Grande,"1,026",20220727,solar
F02353,crown hts,Community Garden,841,20220315,SOLAR
F02160,Flatbush,bodega grande,"1,602",20180824,Grid
F04388,Ridgewood,community garden,"1,021",20180322,GRID
F01774,Ridgewood,Bodega Grande,375,20181221,grid
F04331,ridgewood,the bakery,,20230525,Grid
F01438,ridgewood,green grocer,"1,296",20240113,generator
F02898,flatbush ,Mutual Aid NYC,"1,734",20221103,SOLAR
F04763,Bed-Stuy,The Bakery,,20180216,Grid
F02889,Bedford-Stuyvesant, CORNER DELI ,"1,882",20190414,Grid
F04205,crown hts,Corner Deli,"1,669",20180926,GRID
F04158,bushwick,st. marks church,"1,165",20200906,GRID
F03455,bed-stuy,Bodega Grande,"1,903",20190828,solar
F03652,Bedford-Stuyvesant,Green Grocer,749,20181118,solar
F00278,Mott Haven,Bodega Grande,"1,452",20200605,Generator
F02678,harlem,Green Grocer,,20230124,grid
F03583,Bushwick,The Bakery,592,20220515,GRID
F04090,Bushwick,Bodega Grande,"1,003",20190425,Grid
F02764,Flatbush, CORNER DELI ,505,20221018,Solar
F04052,crown hts,Green Grocer,"1,750",20180701,SOLAR
F02716,jackson hts,Green Grocer,458,20220112,solar
F04443,Jackson Heights,Green Grocer,375,20221117,grid
F02178,Sunset Park,The Bakery,706,20190105,solar
F02538,Mott Haven,corner deli,597,20180409,Generator
F03094,Bedford-Stuyvesant,mutual aid nyc,"1,374",20230427,SOLAR
F03751,Bed-Stuy,St. Marks Church,"1,223",20210514,solar
F00152,harlem,green grocer,"1,022",20220605,generator
F03876,ridgewood,the bakery,852,20200715,Solar
F02739,Jackson Heights,Community Garden,,20221004,Solar
F03513,Bed-Stuy,community garden,"1,610",20240303,grid
F01173,Bushwick,corner deli,309,20210318,Grid
F01234,flatbush ,Bodega Grande,759,20220117,SOLAR
F03419,Bed-Stuy,bodega grande,"1,642",20210828,grid
F01944,sunset park,the bakery,"1,421",20180714,Generator
F03831, Bushwick , CORNER DELI ,"1,316",20180515,grid
F02733,crown hts,Bodega Grande,"1,901",20211205,GRID
F03442,harlem,Bodega Grande,"1,526",20221004,SOLAR
F02730,Jackson Heights,the bakery,"1,177",20180902,GRID
F03817, Bushwick ,community garden,927,20241208,Solar
F04101,Bedford-Stuyvesant,Green Grocer,219,20230511,solar
F01544,Bedford-Stuyvesant,Bodega Grande,"1,934",20180127,Solar
F00443,ridgewood,Community Garden,"1,598",20230626,Grid
F01376,Jackson Heights,the bakery,"1,352",20210720,generator
F03503,ridgewood,St. Marks Church,507,20230609,Grid
F02354,Sunset Park,st. marks church,999999,20220601,Solar
F03918,Bed-Stuy,corner deli,"1,180",20210817,grid
F01363,sunset park, CORNER DELI ,"1,026",20190808,grid
F04261,ridgewood,green grocer,724,20220601,GRID
F03744,Bed-Stuy,Bodega Grande,464,20181117,grid
F02293,Harlem,Community Garden,770,20230724,SOLAR
F02157,Harlem,Corner Deli,"1,536",20220216,Solar
F00898,mott haven,st. marks church,"1,871",20240609,GRID
F04883,mott haven,St. Marks Church,"1,394",20190309,GRID
F02177,Jackson Heights,st. marks church,"1,662",20240507,solar
F01405,mott haven,bodega grande,103,20190128,generator
F03371,flatbush ,bodega grande,"1,124",20230406,GRID
F00711,mott haven,Bodega Grande,221,20201103,Generator
F01142,bed-stuy,bodega grande,494,20230428,grid
F03602,bed-stuy,The Bakery,"1,788",20200406,Generator
F02575,Jackson Heights,Mutual Aid NYC,966,20191218,Grid
F04525,crown hts,Community Garden,"1,862",20230120,solar
F01268,Sunset Park, CORNER DELI ,"1,262",20190522,grid
F04736,Bed-Stuy, CORNER DELI ,895,20220306,Generator
F02469,Jackson Heights,Corner Deli,812,20220127,generator
F04271,Bushwick,Corner Deli,"1,437",20211004,solar
F03595,ridgewood,The Bakery,"1,121",20220326,Solar
F04612,Bedford-Stuyvesant,Green Grocer,597,20190910,SOLAR
F04639,crown hts,Community Garden,680,20190521,Grid
F03814,sunset park,Corner Deli,508,20190904,GRID
F04570,sunset park,green grocer,"1,529",20210110,solar
F02376,Flatbush,Green Grocer,686,20230905,solar
F02735,crown hts,green grocer,60,20240522,Grid
F00574,Bed-Stuy,mutual aid nyc,"1,519",20220512,Generator
F00065,sunset park,Community Garden,325,20190211,Solar
F03783,Crown Heights,Community Garden,212,20181110,Solar
F00298,Harlem, CORNER DELI ,97,20180925,SOLAR
F04170,Crown Heights,St. Marks Church,351,20190809,solar
F04092,crown hts,The Bakery,"1,616",20221208,SOLAR
F02482,Bushwick,st. marks church,62,20181211,generator
F03863,sunset park,St. Marks Church,407,20181003,Grid
F03147,crown hts,community garden,163,20240420,solar
F00153,Bushwick,mutual aid nyc,"1,895",20191001,solar
F02840,Bed-Stuy,St. Marks Church,"1,412",20230525,SOLAR
F03661,jackson hts,the bakery,"1,114",20220824,Generator
F04495,Bedford-Stuyvesant,mutual aid nyc,660,20230904,SOLAR
F01558,Mott Haven,The Bakery,"1,346",20230519,solar
F02885,jackson hts, CORNER DELI ,969,20201222,generator
F01245,Bushwick,,303,20190221,grid
F04642,Mott Haven,green grocer,780,20190205,grid
F01231,mott haven,bodega grande,49,20240307,generator
F00460,jackson hts,St. Marks Church,832,20180415,generator
F03465,flatbush ,bodega grande,101,20210611,grid
F04120,sunset park,Community Garden,"1,261",20181102,Generator
F03598,Bushwick,St. Marks Church,"1,369",20190811,solar
F00865,Bed-Stuy,Mutual Aid NYC,135,20201202,generator
F03812,bed-stuy,St. Marks Church,"1,416",20240522,grid
F04213,crown hts,Green Grocer,,20240423,Solar
F03238,Sunset Park,corner deli,"1,904",20220122,generator
F00600,flatbush ,Mutual Aid NYC,"1,071",20200909,solar
F03366,Sunset Park,green grocer,"1,713",20221125,Grid
F04539,Bushwick,Corner Deli,"1,155",20211107,SOLAR
F00595,crown hts,bodega grande,"1,700",20190105,Grid
F02345,flatbush ,Bodega Grande,"1,964",20220720,Solar
F01941,bed-stuy,The Bakery,"1,090",20220904,grid
F00337,Crown Heights,community garden,"1,189",20191124,GRID
F03569,ridgewood,community garden,"1,885",20241213,SOLAR
F01079,Bushwick, CORNER DELI ,498,17760513,Grid
F03003,sunset park,bodega grande,435,20240506,Grid
F03413,Flatbush,St. Marks Church,790,20190321,Generator
F02577,Sunset Park,st. marks church,"1,503",20200818,SOLAR
F00055, Bushwick ,Bodega Grande,"1,870",20200110,Generator
F02059,Bushwick,the bakery,530,20241221,generator
F01682,mott haven,mutual aid nyc,125,20191120,Grid
F04343,Bedford-Stuyvesant,Corner Deli,363,20190102,solar
F04384,sunset park,St. Marks Church,"1,666",20240726,Grid
F00929,bushwick,green grocer,"1,006",20180305,Grid
F00607,crown hts,bodega grande,"1,125",20200323,SOLAR
F00789,Bushwick,,"1,262",20220817,GRID
F03809,mott haven,the bakery,133,20200621,GRID
F01726,Mott Haven,St. Marks Church,"1,610",20180915,grid
F01494,jackson hts,The Bakery,"1,188",20210711,Generator
F01813,Ridgewood,Bodega Grande,"1,091",20231210,generator
F00166,Bushwick,St. Marks Church,"1,650",20230702,generator
F04192,crown hts,Bodega Grande,176,20220202,GRID
F01246,mott haven,The Bakery,"1,336",20210301,generator
F02017, Bushwick ,mutual aid nyc,"1,432",20230711,solar
F00724,Jackson Heights, CORNER DELI ,"1,717",20241002,SOLAR
F02576,bed-stuy,bodega grande,202,20240601,GRID
F03979,jackson hts,Mutual Aid NYC,"1,344",20220723,SOLAR
F02452,bushwick,green grocer,"2,000",20181008,SOLAR
F00978,bushwick,green grocer,"1,016",20240613,Generator
F02426,Harlem,st. marks church,636,20200402,Grid
F00277,Ridgewood,mutual aid nyc,266,20200528,GRID
F01506,sunset park,Corner Deli,773,20220909,Generator
F00806,Crown Heights,The Bakery,362,20240312,Generator
F01143,Mott Haven,st. marks church,409,20190516,SOLAR
F04894,Harlem,community garden,"1,764",20220203,GRID
F04336, Bushwick ,Green Grocer,"1,412",20200113,Solar
F04834,bushwick,bodega grande,248,20200416,Solar
F01935,Ridgewood,Bodega Grande,813,20210603,Solar
F04897,bushwick,Green Grocer,175,20211013,SOLAR
F00992,Bedford-Stuyvesant,Mutual Aid NYC,478,20240314,Solar
F01567,Bedford-Stuyvesant,,"1,445",20200807,grid
F01352,harlem,green grocer,"1,413",20240226,solar
F01374,bushwick,green grocer,619,20190603,Solar
F01921,Bedford-Stuyvesant,Mutual Aid NYC,958,20240206,Grid
F03867,Flatbush,the bakery,435,20200516,grid
F02092,jackson hts,bodega grande,191,20231203,Generator
F00675,Crown Heights,Bodega Grande,513,20180216,generator
F03885,bed-stuy,st. marks church,820,20191006,SOLAR
F03781,mott haven,The Bakery,"1,563",20230609,grid
F02423,sunset park,bodega grande,672,20221001,Generator
F03252,Flatbush,bodega grande,"1,090",20230908,solar
F00923,crown hts, CORNER DELI ,"1,838",20181105,Generator
F01707,Mott Haven,corner deli,"1,153",20220609,grid
F00079,sunset park,corner deli,815,20200209,generator
F02683,bushwick,Mutual Aid NYC,,20200123,GRID
F03060,mott haven,green grocer,"1,630",20201110,GRID
F01765,flatbush ,corner deli,744,20230215,solar
F00402,Bed-Stuy,green grocer,"1,922",20180225,GRID
F04827,Crown Heights,corner deli,837,20241118,grid
F02970,Harlem,the bakery,"1,890",20210425,generator
F03079,Bedford-Stuyvesant,St. Marks Church,272,20210910,generator
F02496,Ridgewood,St. Marks Church,"1,321",20220228,grid
F01240,flatbush ,community garden,493,20200611,Grid
F01009,Bushwick, CORNER DELI ,794,20240726,Generator
F04366, Bushwick ,Bodega Grande,562,20210228,grid
F03577,ridgewood,the bakery,"1,476",20180510,solar
F01389,Bedford-Stuyvesant,st. marks church,,20210917,generator
F00181, Bushwick ,the bakery,544,20211115,GRID
F04786,flatbush ,The Bakery,526,20241228,generator
F02303,bushwick,,"1,672",20180506,Grid
F02310,sunset park,Mutual Aid NYC,"1,483",20220909,generator
F01983,bed-stuy,green grocer,"1,583",20191212,generator
F03896,Harlem,the bakery,552,20230820,Solar
F01679,harlem,St. Marks Church,"1,092",20231212,Solar
F04553,Flatbush,corner deli,"1,699",20200705,Generator
F02550,sunset park,mutual aid nyc,868,20200221,SOLAR
F04380,Harlem,st. marks church,"1,397",20180607,solar
F04840,Mott Haven,The Bakery,"1,277",20180823,solar
F03797, Bushwick ,Mutual Aid NYC,"1,143",20190719,grid
F04754,jackson hts,Corner Deli,"1,531",20181018,solar
F00702,ridgewood, CORNER DELI ,351,20200204,Solar
F01452,Ridgewood,St. Marks Church,621,20200718,Generator
F04519,flatbush ,green grocer,"1,405",20240614,solar
F02793,Ridgewood,Bodega Grande,529,20230419,generator
F04821,sunset park,The Bakery,,20220526,GRID
F01515,sunset park,Green Grocer,667,20190619,Solar
F03827,ridgewood,green grocer,596,20220609,solar
F03682,crown hts,green grocer,,20180119,Grid
F03821,ridgewood,bodega grande,714,20190409,Generator
F04685,sunset park,st. marks church,"1,390",20220608,Generator
F01903,flatbush ,the bakery,"1,863",20241225,solar
F00847,flatbush ,Bodega Grande,,20220308,SOLAR
F02137,jackson hts,Corner Deli,449,20221212,SOLAR
F03111,flatbush ,Green Grocer,69,20190317,Generator
F02258,sunset park,Corner Deli,858,20220903,grid
F01149,mott haven,The Bakery,"1,369",20240305,Solar
F02371,Sunset Park,The Bakery,"1,687",20201024,Generator
F02312,Bushwick,Bodega Grande,409,20190505,Grid
F00676,mott haven,St. Marks Church,462,20230302,solar
F03229,Ridgewood,Corner Deli,393,20231121,generator
F01823,flatbush ,Bodega Grande,"1,611",20210620,grid
F03472,Mott Haven,The Bakery,211,20241116,solar
F02841,Ridgewood,St. Marks Church,"1,320",20221227,Grid
F01457,Bushwick,The Bakery,"1,106",20190802,solar
F01845,Jackson Heights,corner deli,811,20180923,Solar
F00559,bed-stuy,St. Marks Church,"1,996",20240921,SOLAR
F03687,Flatbush,the bakery,241,20180502,SOLAR
F04791, Bushwick ,Corner Deli,819,20200420,Solar
F03910,Mott Haven, CORNER DELI ,322,20220627,Solar
F02541,ridgewood,Mutual Aid NYC,484,20201115,generator
F03927,bed-stuy,Bodega Grande,463,20180209,SOLAR
F00324,bushwick,St. Marks Church,"1,662",20240813,Solar
F01192,bed-stuy,Mutual Aid NYC,"1,487",20230918,solar
F04196,flatbush ,st. marks church,230,20190921,generator
F03627,crown hts,green grocer,470,20180202,SOLAR
F01955,Ridgewood,Green Grocer,"1,910",20230427,SOLAR
F04080, Bushwick ,Mutual Aid NYC,502,20191114,solar
F03554, Bushwick ,Corner Deli,439,20231014,generator
F01747,crown hts,Green Grocer,"1,594",20181110,Grid
F02762,Flatbush,st. marks church,938,20231211,SOLAR
F00731,flatbush ,Community Garden,"1,166",20220612,solar
F01168,harlem,The Bakery,164,20200421,Grid
F00561,Ridgewood,Corner Deli,392,20211202,solar
F01229,Ridgewood,Bodega Grande,"1,631",20201026,solar
F02104,Bed-Stuy,mutual aid nyc,"1,687",20210424,generator
F00248,harlem,Green Grocer,561,20230104,grid
F04670,sunset park,community garden,455,20230426,GRID
F04448,mott haven,Corner Deli,"1,445",20211102,solar
F00145,Bed-Stuy,St. Marks Church,257,20220417,Generator
F04861,flatbush ,Corner Deli,264,20210313,grid
F02633,Ridgewood,community garden,999999,20201206,Grid
F03794,sunset park,Corner Deli,"1,118",20220413,Solar
F01878,Sunset Park,Community Garden,215,20230206,GRID
F02634,Sunset Park,green grocer,160,20230504,SOLAR
F00499,ridgewood,st. marks church,773,20190711,Solar
F03031,Jackson Heights,St. Marks Church,"1,779",20230608,Generator
F04008,jackson hts,,653,20200813,SOLAR
F01581,harlem,Corner Deli,"1,100",20200818,Grid
F03473,bed-stuy,mutual aid nyc,"1,067",20200816,GRID
F01513,bed-stuy,St. Marks Church,752,20231102,Generator
F02680,jackson hts,St. Marks Church,"1,125",20210804,SOLAR
F03823,sunset park, CORNER DELI ,548,20200313,generator
F00967,Bed-Stuy,The Bakery,,20200718,Generator
F02105,sunset park,Corner Deli,"1,968",20221118,generator
F01570,ridgewood,Community Garden,"1,996",20190624,grid
F00900, Bushwick ,Corner Deli,"1,317",20180822,GRID
F01539, Bushwick ,the bakery,999999,20230812,Generator
F01650,Crown Heights,mutual aid nyc,,20190518,SOLAR
F03152,jackson hts,The Bakery,173,20220804,Generator
F01822,bed-stuy,community garden,370,20240323,grid
F01736,mott haven,,720,20230302,solar
F03116,Crown Heights,St. Marks Church,"1,367",20201102,grid
F04834,bushwick,bodega grande,248,20200416,Solar
F02617, Bushwick ,community garden,"1,380",20210501,GRID
F00816,sunset park,green grocer,"1,284",20220616,Grid
F00205,crown hts,Mutual Aid NYC,"1,065",20180318,solar
F00449,Bedford-Stuyvesant,Community Garden,183,20240106,Solar
F04441,bed-stuy,st. marks church,550,20200721,Generator
F02514,mott haven,Community Garden,"1,779",20220609,grid
F04467,ridgewood,,"1,517",20220101,grid
F01618,Mott Haven,St. Marks Church,364,20190215,grid
F04058,mott haven, CORNER DELI ,"1,726",20180414,Generator
F02981,Sunset Park,the bakery,"1,223",20241108,Grid
F01086,sunset park, CORNER DELI ,"1,447",20210412,Solar
F02634,Sunset Park,green grocer,160,20230504,SOLAR
F00373,Harlem, CORNER DELI ,"1,435",20180623,Solar
F03198,Crown Heights,Corner Deli,784,20191225,grid
F01697,ridgewood,st. marks church,504,20231215,GRID
F04083, Bushwick ,corner deli,592,20190501,grid
F00961,sunset park,community garden,,20200925,Grid
F00935,jackson hts,St. Marks Church,"1,202",20210716,Generator
F03752,Bedford-Stuyvesant,corner deli,721,20181118,grid
F00165,Bed-Stuy,the bakery,977,20190114,grid
F01873,bed-stuy,Community Garden,"1,613",20230928,solar
F00193,Crown Heights,mutual aid nyc,"1,045",20210902,Generator
F03098,Sunset Park,Green Grocer,"1,787",20190901,Solar
F01879,mott haven,Mutual Aid NYC,101,20241128,Solar
F01107,Crown Heights,green grocer,223,20200609,Solar
F04728,bushwick,The Bakery,"1,980",20190822,grid
F04759,Jackson Heights,Community Garden,248,20230502,solar
F02527,jackson hts, CORNER DELI ,"1,621",20230304,Solar
F03870,Sunset Park,Community Garden,754,20240103,Generator
F02502,crown hts,mutual aid nyc,369,20180127,generator
F00039,Bedford-Stuyvesant,Corner Deli,304,20230309,solar
F02591,Mott Haven, CORNER DELI ,787,20230910,generator
F04770,bed-stuy,st. marks church,751,20210117,GRID
F04679,jackson hts,Community Garden,"1,738",20190803,GRID
F01680,sunset park,St. Marks Church,"1,667",20210213,generator
F00483,crown hts,The Bakery,"1,327",20181206,Solar
F03169, Bushwick ,Mutual Aid NYC,685,20230607,Solar
F04837,flatbush ,bodega grande,840,20230715,SOLAR
F03771,Bushwick,Mutual Aid NYC,113,20200828,Grid
F01356,flatbush ,St. Marks Church,"1,671",20201028,generator
F04487,flatbush ,st. marks church,815,20220428,SOLAR
F00855,Mott Haven,Green Grocer,"1,185",20231211,Grid
F03693, Bushwick ,corner deli,"1,823",20210419,Generator
F01264, Bushwick ,Bodega Grande,"1,161",20200203,Grid
F00868,Flatbush,bodega grande,50,20230417,grid
F03129,Mott Haven,Mutual Aid NYC,"1,140",20180827,Solar
F03928,Ridgewood,Green Grocer,,20180815,Generator
F03486,Jackson Heights,,"1,347",20210120,grid
F02326, Bushwick ,community garden,376,20190118,Generator
F03460,Jackson Heights,the bakery,"1,193",20200626,SOLAR
F03839,Ridgewood,Mutual Aid NYC,662,20210722,Solar
F04162,sunset park,The Bakery,-30,20180527,solar
F04207,crown hts,Bodega Grande,335,20191106,Solar
F04054,jackson hts,the bakery,"1,261",20201226,Generator
F03544,crown hts, CORNER DELI ,"1,887",20181222,Solar
F04659,flatbush , CORNER DELI ,"1,967",20200814,SOLAR
F00931,Jackson Heights,Mutual Aid NYC,"1,702",20211214,Generator
F02082,Jackson Heights,bodega grande,"1,041",20190701,GRID
F01805,Ridgewood, CORNER DELI ,287,20180810,Solar
F03869, Bushwick ,bodega grande,"1,139",20240103,Generator
F02545,bushwick,Green Grocer,700,20190818,Generator
F00050,mott haven,mutual aid nyc,,20211101,solar
F04035,Ridgewood, CORNER DELI ,"1,919",20180108,SOLAR
F01407,Ridgewood,green grocer,281,20240607,solar
F03464,Bushwick,corner deli,"1,791",20190909,GRID
F01882,Flatbush,Green Grocer,"1,304",20210418,generator
F01337,Mott Haven,mutual aid nyc,,20180708,grid
F04811,Mott Haven,St. Marks Church,"1,575",20190518,SOLAR
F03632,Flatbush,corner deli,393,20210416,GRID
F02748,crown hts,st. marks church,886,20221105,grid
F00894,flatbush ,corner deli,,20181027,Generator
F01819,Jackson Heights,corner deli,317,20191126,Solar
F02207,Bed-Stuy,Bodega Grande,,20210706,GRID
F00820, Bushwick ,Green Grocer,917,20240502,solar
F00797,bed-stuy,Bodega Grande,"1,397",20241215,generator
F03027,Flatbush,st. marks church,799,20221103,generator
F04148,Flatbush,Community Garden,"1,884",20240708,GRID
F01754,Bedford-Stuyvesant,green grocer,427,20240505,GRID
F03770,Bedford-Stuyvesant,Green Grocer,"1,379",20181209,Solar
F02500,Jackson Heights,the bakery,345,20200926,Solar
F03528,harlem,bodega grande,"1,997",20200415,generator
F02460,Jackson Heights,corner deli,"1,249",20190219,grid
F04881,jackson hts,corner deli,156,20180612,solar
F02791,flatbush ,St. Marks Church,657,20200305,Grid
F00859,Flatbush,mutual aid nyc,903,20230206,Grid
F01483,Bed-Stuy,,"1,247",20230615,Grid
F04774,bed-stuy,,276,20230315,generator
F00639, Bushwick ,The Bakery,"1,759",20201124,generator
F02012,Harlem,community garden,"1,520",20190509,Generator
F00124,bushwick, CORNER DELI ,"1,851",20191006,grid
F03424,Mott Haven,Green Grocer,"1,263",20191215,SOLAR
F03587,flatbush ,st. marks church,928,20180513,Generator
F00540,mott haven,St. Marks Church,"1,415",20190519,Generator
F01928,Mott Haven,community garden,640,20181207,GRID
F01522, Bushwick ,Mutual Aid NYC,"1,373",20220920,Generator
F04632,Ridgewood,,"1,042",20230415,Generator
F00223,Mott Haven,Green Grocer,"1,058",20220717,generator
F00004,Bed-Stuy,St. Marks Church,671,20231107,Grid
F01367,bed-stuy,mutual aid nyc,407,20180512,GRID
F00507,Jackson Heights,st. marks church,"1,246",20181028,Solar
F01824,jackson hts,Green Grocer,"1,420",20210708,GRID
F00045,Sunset Park,Corner Deli,"1,160",20180606,generator
F01848,harlem,St. Marks Church,652,20190122,Generator
F01171,Bedford-Stuyvesant,Bodega Grande,290,20181005,grid
F01836,Sunset Park,Mutual Aid NYC,325,20200527,solar
F02770,crown hts,Corner Deli,"1,211",20180205,Generator
F04892,Bed-Stuy,green grocer,339,20180417,grid
F03845,Flatbush,mutual aid nyc,"1,133",20231005,grid
F02627,Flatbush,The Bakery,"1,780",20201016,Grid
F03991,flatbush ,bodega grande,"1,625",20221002,grid
F02827,bed-stuy,green grocer,"1,032",20180612,SOLAR
F04635,bed-stuy,community garden,184,20220728,SOLAR
F03716,bed-stuy,Bodega Grande,947,20221118,generator
F01534,ridgewood,corner deli,"1,476",20211226,grid
F04032,Jackson Heights,green grocer,845,20180712,GRID
F01632,Crown Heights,Bodega Grande,"1,365",20210602,GRID
F00667,Ridgewood,community garden,"1,521",20200902,Generator
F00895,Mott Haven,Corner Deli,426,20230103,generator
F02043,Bushwick,St. Marks Church,"1,162",20230522,SOLAR
F01139,mott haven,,"1,363",20180101,generator
F01454,mott haven,the bakery,"1,012",20180714,GRID
F00766,Bed-Stuy,bodega grande,453,20190824,solar
F03171,Ridgewood,Mutual Aid NYC,"1,087",20211207,GRID
F00056,sunset park,community garden,"1,917",20191217,GRID
F02428,Jackson Heights,Mutual Aid NYC,79,20220413,Grid
F04547,harlem,Community Garden,619,20180510,GRID
F00571,harlem,,"1,738",20190908,generator
F03614,Jackson Heights, CORNER DELI ,"1,803",20180508,Grid
F02255,bushwick,Green Grocer,"1,281",20240822,SOLAR
F01653,ridgewood,Green Grocer,"1,792",20200609,solar
F02661,Mott Haven,bodega grande,"1,461",20241201,Solar
F04276,Jackson Heights,Corner Deli,699,20210627,generator
F03259,crown hts,Mutual Aid NYC,603,20230602,generator
F04804,flatbush ,Green Grocer,672,20180906,grid
F00526,Bed-Stuy,Mutual Aid NYC,"1,883",20220304,GRID
F04577,crown hts,the bakery,985,20240710,GRID
F04533,flatbush ,Corner Deli,814,20190721,Grid
F02337,jackson hts,Green Grocer,210,20200503,solar
F02795,Ridgewood,Mutual Aid NYC,"1,648",20180804,solar
F00779,Crown Heights,Mutual Aid NYC,232,20190106,generator
F02118, Bushwick ,Corner Deli,"1,198",20210919,Grid
F03268,Flatbush,corner deli,"1,670",20220412,grid
F03800,harlem,community garden,433,20200610,Generator
F04900,mott haven,community garden,445,20991123,Grid
F00249,sunset park,the bakery,"1,465",20190607,Grid
F01396,bed-stuy,green grocer,"1,668",20190526,generator
F01829,Sunset Park,bodega grande,"1,110",20200727,Solar
F03784,Jackson Heights,,"1,244",20211116,Generator
F02379,Ridgewood,community garden,740,20200213,solar
F01462,bed-stuy,mutual aid nyc,520,20990127,GRID
F03508,Ridgewood,The Bakery,66,20210315,generator
F00431,sunset park,Corner Deli,,20190624,GRID
F00695,flatbush ,community garden,"1,989",20220509,Grid
F01453,Ridgewood,the bakery,"1,772",20180717,grid
F00994,crown hts,green grocer,"1,185",20180209,Grid
F00514,Crown Heights,Bodega Grande,658,20241028,Grid
F02011,ridgewood, CORNER DELI ,"1,687",20240302,Grid
F04188,sunset park,The Bakery,"1,476",20230208,GRID
F01541,Harlem,the bakery,574,20230106,solar
F00167,Ridgewood,The Bakery,"1,911",20220719,Generator
F02198,jackson hts,Mutual Aid NYC,"1,597",20220914,SOLAR
F04607,Jackson Heights, CORNER DELI ,,20191027,GRID
F02347,Crown Heights,The Bakery,"1,630",20211013,Generator
F00617,bushwick,St. Marks Church,664,20210901,generator
F00011,Ridgewood,mutual aid nyc,"1,849",20210712,solar
F03786,bed-stuy,Bodega Grande,"1,697",20230912,Generator
F02908,Sunset Park,The Bakery,67,20190208,GRID
F04480,sunset park,,"1,693",20190514,grid
F03468,crown hts,,219,20230822,SOLAR
F02201,bushwick,Mutual Aid NYC,970,20221108,GRID
F01436,Mott Haven,Mutual Aid NYC,"1,411",20230503,solar
F00742,bed-stuy,mutual aid nyc,396,20200614,Generator
F04871,Bushwick,mutual aid nyc,670,20190125,GRID
F03420,Sunset Park,Corner Deli,"1,352",20200603,Generator
F01777,Mott Haven,Corner Deli,"1,359",20210105,generator
F01431,bed-stuy,St. Marks Church,984,20190507,grid
F00775,Bed-Stuy,bodega grande,"1,106",20230318,Generator
F04124,Sunset Park,The Bakery,356,20210115,Solar
F00751,Bed-Stuy,bodega grande,460,20210915,grid
F00792,Crown Heights,Corner Deli,"1,219",20240823,GRID
F01323,bed-stuy,bodega grande,"1,763",20210327,solar
F02530,crown hts,The Bakery,"1,977",20221010,GRID
F03999,crown hts,bodega grande,294,20221204,solar
F02034, Bushwick ,Community Garden,"1,145",20190927,solar
F00661,Bed-Stuy,Mutual Aid NYC,576,20210409,solar
F02781,crown hts,Mutual Aid NYC,829,20220906,Generator
F02276,Crown Heights,Community Garden,363,20200708,grid
F01915,Flatbush,St. Marks Church,"1,738",20200805,GRID
F00940,jackson hts,St. Marks Church,,20231107,Grid
F04847,Crown Heights,Corner Deli,"1,466",20240103,GRID
F04326,bed-stuy,Community Garden,"1,348",20200921,Grid
F00794,mott haven,The Bakery,"1,396",20190710,solar
F00668,sunset park,Green Grocer,656,20240207,generator
F04285,harlem,st. marks church,"1,108",20230707,Solar
F04014,crown hts,St. Marks Church,"1,006",20241104,Grid
F02994,bushwick,Bodega Grande,893,20201209,GRID
F02816,Sunset Park,Mutual Aid NYC,421,20240327,GRID
F02185,flatbush ,Community Garden,45,20191105,solar
F03056,Ridgewood,corner deli,562,20220704,grid
F01285,crown hts,Bodega Grande,739,20240405,GRID
F01727,sunset park, CORNER DELI ,"1,286",20221218,Solar
F03715,flatbush ,Bodega Grande,"1,925",20210220,SOLAR
F03499,Sunset Park,st. marks church,258,20200811,Generator
F02859,Mott Haven,community garden,"1,068",20210923,Grid
F02606,flatbush ,green grocer,"1,327",20201109,solar
F02143,bed-stuy,community garden,"1,444",17761017,grid
F01851, Bushwick , CORNER DELI ,887,20241119,solar
F02612,Crown Heights,green grocer,269,20200212,Generator
F00246,Ridgewood,Corner Deli,412,20201222,grid
F00439,ridgewood, CORNER DELI ,"1,718",20180328,Grid
F01510,Ridgewood,corner deli,581,20191103,GRID
F04329,bed-stuy,Community Garden,"1,340",20241207,Grid
F04468,bed-stuy, CORNER DELI ,409,20200206,Generator
F02142,Crown Heights,Corner Deli,"1,951",20200215,GRID
F01977,Harlem,Community Garden,"1,429",20220705,generator
F03976,bed-stuy,Mutual Aid NYC,453,20220928,grid
F00364,Sunset Park,community garden,287,20230313,GRID
F01283,Sunset Park,Community Garden,"1,696",20180823,Generator
F01161, Bushwick ,,491,20230628,grid
F04134,bushwick,Bodega Grande,480,20181018,Grid
F01341,Ridgewood,Corner Deli,654,20231201,Solar
F03882,Ridgewood,Mutual Aid NYC,434,20201214,Solar
F03806,mott haven,St. Marks Church,171,20190211,generator
F03811,Harlem,St. Marks Church,"1,713",20220417,generator
F04527,crown hts,Green Grocer,"1,664",20190705,Grid
F00078,Bedford-Stuyvesant,,960,20200311,Generator
F02643,Jackson Heights,Corner Deli,"1,856",20231116,GRID
F04197,harlem,corner deli,721,20210211,Solar
F03110,Sunset Park,Corner Deli,262,20220605,Grid
F04461,Harlem,Community Garden,"1,928",20190515,SOLAR
F03832,Mott Haven,Mutual Aid NYC,"1,881",20241021,solar
F04144,Bed-Stuy,The Bakery,"1,363",20180224,SOLAR
F04795,harlem,community garden,"1,483",20181128,Solar
F00339,Flatbush,Community Garden,156,20190525,SOLAR
F04398,Flatbush,Corner Deli,"1,208",20180618,solar
F02216,bushwick,mutual aid nyc,"1,838",20220906,solar
F04481,Bedford-Stuyvesant,Bodega Grande,606,20240507,grid
F03202,jackson hts,Mutual Aid NYC,421,20200523,solar
F00143,ridgewood,community garden,240,20191106,Generator
F01572,Crown Heights,Bodega Grande,373,20191021,GRID
F03998,Sunset Park,corner deli,"1,044",20221206,grid
F02820,bed-stuy,Mutual Aid NYC,244,20200307,GRID
F00802, Bushwick ,community garden,"1,470",20200212,Grid
F03880,sunset park,green grocer,"1,663",20190718,Solar
F00194,Ridgewood,corner deli,"1,585",20200408,Solar
F03113,ridgewood,bodega grande,474,20230919,GRID
F03109,flatbush ,St. Marks Church,"1,170",20230126,Solar
F00123,Bushwick,Corner Deli,"1,458",20240923,generator
F03619,Crown Heights,the bakery,"1,838",20191208,Grid
F01828,Harlem,Community Garden,224,20211012,Grid
F00098, Bushwick ,green grocer,799,20190906,Grid
F02676,Ridgewood,,"1,051",20210810,GRID
F02554,Jackson Heights,St. Marks Church,963,20190616,grid
F02477,jackson hts,Bodega Grande,"1,225",20240806,solar
F02775,Crown Heights,Corner Deli,929,20240113,Grid
F04273,Bed-Stuy, CORNER DELI ,"1,852",20210202,SOLAR
F01430,sunset park,Corner Deli,"1,422",20220813,grid
F03123,Jackson Heights,Community Garden,489,20230827,generator
F01985,harlem,corner deli,"1,860",20221105,generator
F04535,bushwick,,"1,803",20220914,Solar
F01041,bed-stuy,Mutual Aid NYC,"1,387",20240107,SOLAR
F02274,Bushwick,,"1,234",20211015,generator
F02930,Harlem,community garden,343,20220808,grid
F03376,jackson hts, CORNER DELI ,"1,820",20180419,generator
F00488,jackson hts,Community Garden,940,20220817,GRID
F04235,jackson hts,St. Marks Church,"1,121",20220921,Solar
F00017,jackson hts,community garden,994,20200624,GRID
F00871,flatbush ,the bakery,"1,742",20180316,generator
F01598,Jackson Heights,bodega grande,"1,966",20241026,generator
F01755,Ridgewood,Community Garden,974,20241013,Generator
F00773,flatbush ,the bakery,"1,100",20190701,Generator
F00527,ridgewood,Community Garden,236,20211202,GRID
F04267, Bushwick ,corner deli,748,20210812,generator
F01387,ridgewood,the bakery,"1,484",20190816,Solar
F00473,Bed-Stuy,corner deli,,20240608,Grid
F02681,sunset park,Corner Deli,"1,363",20241115,SOLAR
F03325,Harlem,Bodega Grande,409,20210226,Solar
F00429,sunset park,community garden,"1,647",20180207,Grid
F02778,Ridgewood,Bodega Grande,413,20200227,generator
F00641,jackson hts,bodega grande,"1,064",20210528,SOLAR
F01018,crown hts,The Bakery,278,20230611,GRID
F01020,Mott Haven,st. marks church,"1,332",20230127,solar
F00162,Flatbush, CORNER DELI ,456,20241210,Grid
F01324,Harlem,Corner Deli,"1,748",20190118,GRID
F02318,Bed-Stuy, CORNER DELI ,339,20220502,SOLAR
F04417,Crown Heights,st. marks church,"1,892",20230926,Grid
F04474,Bushwick,bodega grande,355,20201217,grid
F04771,Harlem,corner deli,"1,457",20180927,GRID
F03782,bushwick,st. marks church,86,20240405,GRID
F03128,mott haven,Bodega Grande,271,20231216,grid
F01369,bushwick,Corner Deli,153,20200524,Grid
F03874,sunset park,The Bakery,"1,023",20221024,grid
F03132,Harlem,bodega grande,"1,037",20180821,Grid
F04532,Sunset Park,mutual aid nyc,"1,047",20190528,generator
F03557,Harlem,Community Garden,"1,267",20180913,SOLAR
F03108,sunset park,community garden,,20210827,Grid
F02020, Bushwick ,st. marks church,851,20200226,generator
F03347,Bed-Stuy,Green Grocer,"1,525",20241208,Grid
F01101,flatbush ,Bodega Grande,"1,144",20221215,generator
F01122,bed-stuy,,"1,514",20230603,SOLAR
F04383,mott haven,Corner Deli,-30,20181227,GRID
F03448, Bushwick ,Corner Deli,"1,204",20220916,SOLAR
F04387,flatbush ,Green Grocer,"1,662",20190304,SOLAR
F00204,bushwick, CORNER DELI ,990,20230223,Solar
F00316,Sunset Park,Mutual Aid NYC,"1,562",20200909,Grid
F02284,Flatbush,Mutual Aid NYC,"1,253",20180622,Generator
F01831,Ridgewood,The Bakery,999999,20210826,GRID
F02098,Flatbush,corner deli,382,20180108,Generator
F03250,jackson hts,The Bakery,621,20231208,Generator
F03133,flatbush ,Mutual Aid NYC,"1,580",20200825,generator
F00647,bed-stuy,st. marks church,"1,131",20231203,Solar
F00138,Bed-Stuy,The Bakery,"1,521",20220409,GRID
F04439,harlem,green grocer,80,20230625,SOLAR
F00605,Bedford-Stuyvesant,bodega grande,"1,179",20240223,SOLAR
F00415,Bedford-Stuyvesant,Mutual Aid NYC,"1,502",20231015,Solar
F00848,Mott Haven,corner deli,590,20241127,Generator
F03211,Bushwick,Green Grocer,"1,553",20230524,solar
F02306,sunset park,Green Grocer,313,20240817,solar
F04447,Ridgewood,Corner Deli,"1,230",20191026,grid
F03393,Ridgewood,corner deli,889,20210511,Grid
F01648,ridgewood,st. marks church,"1,702",20221226,Solar
F04327,Bedford-Stuyvesant,Green Grocer,"1,366",20240904,Solar
F02193,flatbush ,St. Marks Church,70,20220121,solar
F01984,sunset park,Bodega Grande,283,20190320,GRID
F02110, Bushwick ,Community Garden,855,20200717,solar
F03668,sunset park,Mutual Aid NYC,"1,560",20241219,Solar
F00105,Mott Haven,the bakery,"1,084",20181211,Grid
F01304,bed-stuy,Corner Deli,397,20181221,solar
F00116,flatbush ,Bodega Grande,63,20241119,Generator
F01037,flatbush ,st. marks church,409,20191201,solar
F04595,Harlem,St. Marks Church,652,20231127,grid
F02316,Sunset Park,st. marks church,"1,433",20180213,Grid
F01027,Flatbush,Mutual Aid NYC,"1,328",20201224,generator
F01537,Mott Haven, CORNER DELI ,516,20210319,generator
F02938,Crown Heights,corner deli,,20220304,SOLAR
F01628,flatbush ,Corner Deli,801,20180712,Grid
F00972,mott haven,bodega grande,"1,867",20210424,grid
F01684,ridgewood,st. marks church,536,20181112,Grid
F03340,ridgewood, CORNER DELI ,546,20230913,generator
F04305,Crown Heights, CORNER DELI ,"1,552",20220222,grid
F01698,Harlem,Green Grocer,474,20181116,generator
F03681,harlem,Green Grocer,"1,541",20190417,SOLAR
F00633, Bushwick ,corner deli,617,20230315,SOLAR
F01129,Ridgewood,Community Garden,,20210716,generator
F03270,harlem,Bodega Grande,141,20221119,SOLAR
F02416,jackson hts,Green Grocer,"1,305",20200615,SOLAR
F01296, Bushwick ,Bodega Grande,"1,610",20200428,Grid
F02639,harlem,st. marks church,889,20240116,Generator
F02540,Bushwick,mutual aid nyc,"1,267",20180204,Grid
F03311,Crown Heights,Corner Deli,"1,698",20181002,Solar
F02959,Jackson Heights,St. Marks Church,"1,673",20180422,Grid
F00225,Flatbush,Mutual Aid NYC,"1,941",20190825,SOLAR
F00400,Flatbush,st. marks church,"1,059",20180401,solar
F02301,Ridgewood,,"1,382",20180603,Grid
F03733,flatbush ,Green Grocer,"1,976",20200925,GRID
F00926,jackson hts,community garden,987,20230720,Solar
F00722,crown hts,the bakery,240,20180815,GRID
F02831,Bedford-Stuyvesant, CORNER DELI ,-30,20201119,Generator
F03038,Jackson Heights, CORNER DELI ,"1,087",20220419,generator
F04046,mott haven,The Bakery,995,20210825,Grid
F01772,Crown Heights,Community Garden,"1,938",20241119,SOLAR
F01960, Bushwick ,community garden,627,20240414,grid
F03975,Flatbush,Bodega Grande,"1,282",20210627,Grid
F04228,bed-stuy,green grocer,229,20191212,solar
F00434,Jackson Heights,community garden,"1,047",20190807,Solar
F00581,Harlem,corner deli,247,20220407,Solar
F02173,Bedford-Stuyvesant,corner deli,"1,766",20180516,solar
F04750,crown hts,St. Marks Church,"1,532",20210224,SOLAR
F01686,mott haven,,430,20211126,SOLAR
F00072,harlem,bodega grande,"1,972",20210101,Generator
F03046,sunset park,Bodega Grande,843,20240118,solar
F01503,Sunset Park,community garden,"1,989",20210519,Solar
F01106,flatbush ,the bakery,"1,077",20241226,solar
F01870,Bedford-Stuyvesant,corner deli,69,20211221,Generator
F03997,mott haven,The Bakery,"1,241",20220804,Solar
F01799,Harlem,the bakery,"1,419",20230121,Grid
F03861,ridgewood,corner deli,299,20190113,Solar
F00112,bushwick,Corner Deli,675,20240624,solar
F04002,Jackson Heights,Green Grocer,"1,588",20230427,Solar
F03930,Harlem,community garden,498,20190818,solar
F03623,crown hts,bodega grande,"1,200",20231026,SOLAR
F00445, Bushwick ,st. marks church,495,20200720,Generator
F00269,Crown Heights,corner deli,409,20190521,Solar
F01004,crown hts,St. Marks Church,577,20200712,Generator
F02150,Harlem,corner deli,112,20221018,Generator
F03047, Bushwick ,bodega grande,935,20190517,Solar
F04065,Sunset Park,Bodega Grande,285,20181224,Solar
F04022,bushwick,st. marks church,488,20241201,solar
F02609,Crown Heights,green grocer,318,20240421,grid
F01835,jackson hts,community garden,201,20191225,GRID
F00908,Jackson Heights, CORNER DELI ,"1,217",20180801,solar
F00480,mott haven,Green Grocer,"1,046",20221013,GRID
F03597,flatbush ,green grocer,,20220504,Solar
F03936,ridgewood,The Bakery,,20180824,solar
F04463,bushwick,bodega grande,"1,054",20231226,generator
F03009,Ridgewood,Green Grocer,392,20220702,grid
F03054, Bushwick ,St. Marks Church,,20180813,solar
F01753,ridgewood,green grocer,87,20210615,Solar
F02744,sunset park,the bakery,515,20210924,Solar
F03532,Bed-Stuy,The Bakery,507,20240821,Solar
F00997,Ridgewood,The Bakery,714,20180517,Generator
F03421,jackson hts,The Bakery,"1,549",20241015,GRID
F01525,sunset park,St. Marks Church,436,20200511,Generator
F03669,bed-stuy,mutual aid nyc,"1,391",20241020,generator
F03933,sunset park,Mutual Aid NYC,976,20210817,SOLAR
F01178,Ridgewood,bodega grande,"1,758",20190714,Generator
F02518,Crown Heights,,"1,710",20210928,GRID
F04646,mott haven,the bakery,"1,240",20241222,Grid
F01263,bed-stuy, CORNER DELI ,"1,019",20191104,solar
F01015,Mott Haven,Green Grocer,997,20180805,Generator
F01397,Bed-Stuy,mutual aid nyc,"1,918",20191228,GRID
F04397,Harlem,St. Marks Church,556,20220223,grid
F02559,mott haven,mutual aid nyc,722,20220724,Grid
F01359,ridgewood,bodega grande,489,20180507,Solar
F03965,Ridgewood,bodega grande,455,20241011,Generator
F01214,Harlem,,"1,019",20240728,solar
F02978,Harlem,The Bakery,"1,951",20240218,SOLAR
F03951,bushwick,Mutual Aid NYC,771,20230704,grid
F00683,flatbush ,the bakery,909,20181016,GRID
F00315,Flatbush,St. Marks Church,"1,408",17760817,generator
F01601,sunset park,st. marks church,"1,211",20200414,Solar
F03883,mott haven,the bakery,"1,959",20231109,Grid
F01802,Bedford-Stuyvesant,green grocer,86,20180214,Grid
F02041,flatbush ,community garden,"1,372",20190714,generator
F04744,Flatbush,,"1,827",20200624,Grid
F03306,bushwick,Community Garden,"1,258",20210108,generator
F01713,Mott Haven,Bodega Grande,66,20240416,Solar
F01692,Jackson Heights,st. marks church,"1,751",20221024,Generator
F02645,Bushwick,the bakery,760,20180124,GRID
F00928, Bushwick ,The Bakery,932,20190824,generator
F02989,crown hts,st. marks church,"1,404",20240723,generator
F03639,Harlem,bodega grande,918,20221223,GRID
F00224,ridgewood,corner deli,"1,257",20210908,SOLAR
F03946,Bedford-Stuyvesant,st. marks church,754,20220226,SOLAR
F02234,Crown Heights,the bakery,353,20241126,Generator
F04307,jackson hts,st. marks church,344,20211024,SOLAR
F01886,Sunset Park,mutual aid nyc,-30,20240927,SOLAR
F00467,Sunset Park, CORNER DELI ,"1,090",20230611,solar
F03692,mott haven,Green Grocer,755,20220912,SOLAR
F04110,jackson hts,corner deli,969,20240606,Grid
F02788,Sunset Park,Mutual Aid NYC,"1,566",20240226,grid
F00513,bushwick,green grocer,376,20190509,solar
F03591,Bed-Stuy, CORNER DELI ,990,20230927,SOLAR
F00441,Harlem,The Bakery,434,20220328,solar
F00383,Flatbush,St. Marks Church,"1,278",20200504,Grid
F04449,Sunset Park,,749,20231212,Solar
F04784,Bed-Stuy,community garden,"1,354",20240620,Solar
F02446,harlem,,871,20220905,Grid
F04589,Jackson Heights,The Bakery,"1,270",20180215,Generator
F03271,Harlem,green grocer,260,20200623,generator
F00851,Bedford-Stuyvesant,Bodega Grande,"1,413",20220409,SOLAR
F04248,ridgewood,the bakery,"1,611",20201108,generator
F03714,harlem,Bodega Grande,567,20190823,solar
F02882,Flatbush,Mutual Aid NYC,"1,799",20221209,GRID
F04166,Crown Heights,community garden,550,20220102,GRID
F00314,Ridgewood,Corner Deli,533,20230123,SOLAR
F03535,mott haven,St. Marks Church,"1,093",20230408,Generator
F01553,Jackson Heights,The Bakery,671,20191116,generator
F00772,Jackson Heights,green grocer,565,20240907,GRID
F03537,flatbush ,Community Garden,331,20231220,Generator
F02227,Ridgewood,Corner Deli,852,20200824,grid
F01816,bushwick, CORNER DELI ,"1,298",20190906,Solar
F03406,Flatbush,mutual aid nyc,499,20190510,Solar
F04457,bushwick,mutual aid nyc,"1,459",20220628,generator
F01060,Crown Heights,The Bakery,"1,587",20200209,generator
F00253,Jackson Heights,bodega grande,319,20210401,GRID
F02091,Crown Heights,green grocer,244,20220605,SOLAR
F04878,harlem,green grocer,"1,556",20190113,Generator
F02205,bed-stuy,corner deli,311,20221108,Generator
F00907,Bed-Stuy, CORNER DELI ,"1,612",20240707,Generator
F03758,Ridgewood,St. Marks Church,"1,779",20240618,generator
F03239,harlem,community garden,582,20190224,Solar
F00938,Crown Heights,The Bakery,"1,512",20210905,Generator
F03477,sunset park,the bakery,61,20210604,SOLAR
F02899,Bushwick,Bodega Grande,"1,465",20180303,SOLAR
F02519,mott haven,the bakery,"1,506",20221017,Solar
F04549,crown hts,Mutual Aid NYC,"1,310",20190518,Grid
F04663,Bushwick,green grocer,"1,431",20210628,Solar
F02087,Flatbush,Mutual Aid NYC,"1,434",20991113,grid
F01289,mott haven,st. marks church,"1,815",20220118,solar
F00283,Bed-Stuy,green grocer,"1,205",20220118,solar
F02719,Bedford-Stuyvesant,The Bakery,"1,607",20230815,Solar
F00762,mott haven,mutual aid nyc,"1,019",20220801,Grid
F00329,Crown Heights,the bakery,492,20220228,Generator
F02112,bed-stuy,St. Marks Church,"1,764",20201027,GRID
F02309,Ridgewood,St. Marks Church,"1,116",20220206,Generator
F00222,Bushwick,,703,20220414,grid
F00155,harlem,the bakery,383,20231118,solar
F01588,ridgewood,green grocer,"1,628",20231215,Generator
F01729,Sunset Park,community garden,697,20190523,solar
F01373,sunset park,The Bakery,"1,050",20210925,Solar
F00382,Ridgewood,green grocer,"1,561",20231123,Solar
F02336,Sunset Park,The Bakery,502,20200320,Grid
F01732,Harlem,st. marks church,"1,925",20181106,Solar
F04516,Ridgewood,community garden,"1,750",20220211,grid
F02996,crown hts, CORNER DELI ,856,20240206,SOLAR
F03017,harlem,bodega grande,"1,796",20210227,solar
F00318,crown hts,St. Marks Church,174,20220327,GRID
F03016,flatbush ,green grocer,894,20190305,Solar
F00608,Bushwick,Bodega Grande,208,20210413,Generator
F03434,sunset park,Community Garden,"1,585",20200411,Generator
F01661,Crown Heights, CORNER DELI ,"1,756",20220619,Grid
F03144,Sunset Park,Mutual Aid NYC,"1,694",20220228,Solar
F02307,Ridgewood,corner deli,806,20241125,generator
F02369,crown hts,Bodega Grande,825,20211003,SOLAR
F01663,flatbush ,green grocer,"1,803",20240611,GRID
F03670,Sunset Park,Bodega Grande,"1,317",20230202,Grid
F00044,Bushwick,Bodega Grande,617,20230309,Solar
F04297,Bushwick,corner deli,"1,121",20200818,solar
F02674,harlem,Community Garden,322,20221212,Generator
F02179,ridgewood,green grocer,295,20180916,Grid
F00545,Harlem,The Bakery,216,20230721,SOLAR
F00541,bed-stuy,St. Marks Church,"1,981",20220824,SOLAR
F01480,Ridgewood,Mutual Aid NYC,449,20210504,solar
F03959,Mott Haven,,236,20180612,solar
F02821,sunset park,Mutual Aid NYC,682,20190626,generator
F04674,Harlem,community garden,940,20210513,GRID
F04075,bushwick,the bakery,71,20181019,grid
F02779,bushwick,Green Grocer,"1,617",20210412,generator
F02250,ridgewood,mutual aid nyc,343,20211127,GRID
F00244,bed-stuy,Green Grocer,"1,507",20201121,Solar
F03925,Crown Heights,Community Garden,933,20991020,Generator
F03677,Bushwick,community garden,626,20200721,solar
F01140,Jackson Heights,Bodega Grande,514,20241107,Solar
F01523,harlem,st. marks church,"1,208",20180812,grid
F00250,Sunset Park,green grocer,"1,571",20190715,Generator
F02976,Bed-Stuy,corner deli,823,20190320,Grid
F04234,Flatbush,Green Grocer,482,20200601,generator
F02780,Jackson Heights,corner deli,"1,516",20190201,Solar
F03671,Flatbush,St. Marks Church,"1,624",20190706,GRID
F03526,Flatbush,green grocer,"1,625",20240702,Grid
F01092,Mott Haven,community garden,970,20210505,Grid
F02213,Flatbush,bodega grande,"1,395",20190825,generator
F02230,Bedford-Stuyvesant,Green Grocer,"1,372",20230423,GRID
F03484,flatbush ,Bodega Grande,652,20200912,GRID
F02268,harlem,mutual aid nyc,"1,904",20240326,generator
F03475,Sunset Park,corner deli,"1,112",20241001,generator
F00556,Crown Heights,Bodega Grande,"1,677",20200210,grid
F03622,flatbush ,St. Marks Church,"2,000",20230108,Solar
F01011,jackson hts,Corner Deli,"1,327",20180825,SOLAR
F03404,Flatbush,green grocer,"1,887",20180426,Grid
F02235,Jackson Heights,community garden,120,20230420,GRID
F03044,Flatbush,corner deli,892,20180826,Grid
F00618,sunset park,Bodega Grande,64,20240823,Grid
F01362,bed-stuy,Mutual Aid NYC,"1,411",20230813,Solar
F03911,mott haven, CORNER DELI ,"1,790",20221220,SOLAR
F04808,jackson hts,green grocer,71,20200718,SOLAR
F04272,Crown Heights,st. marks church,53,20230716,Solar
F04066,jackson hts,green grocer,"1,423",20190708,grid
F03430,Ridgewood, CORNER DELI ,"1,314",20190627,GRID
F04691, Bushwick ,St. Marks Church,"1,156",20200923,GRID
F03963,sunset park,Green Grocer,"1,630",20180402,GRID
F04607,Jackson Heights, CORNER DELI ,,20191027,GRID
F01478,Harlem,Corner Deli,"1,098",20180520,generator
F01990,Crown Heights, CORNER DELI ,69,20210903,Grid
F03324,Jackson Heights,Community Garden,999999,20200217,Generator
F04280,Bed-Stuy,bodega grande,"1,873",20240917,GRID
F04340,Crown Heights,bodega grande,"1,109",20200502,SOLAR
F04367,crown hts,,557,20210516,SOLAR
F04311,harlem,green grocer,"1,921",20230520,Solar
F00799,mott haven,Green Grocer,"1,688",20190510,solar
F02297,bed-stuy,community garden,605,20210617,grid
F02789,sunset park,Mutual Aid NYC,169,20200605,SOLAR
F02195,mott haven,Community Garden,"1,694",20230110,GRID
F01904,Jackson Heights,Green Grocer,212,20210817,GRID
F03019,Bedford-Stuyvesant,The Bakery,445,20201203,generator
F03676,mott haven,The Bakery,785,20220520,SOLAR
F00418,Bed-Stuy,green grocer,"1,367",20230806,Solar
F02271,Harlem,The Bakery,995,20200307,grid
F02611,Bushwick,corner deli,"1,621",20231124,Generator
F02563,Flatbush,Bodega Grande,964,20200116,GRID
F00981,bushwick,green grocer,"1,202",20220313,grid
F00235,Ridgewood,,"1,985",20230414,Generator
F02883,crown hts,Corner Deli,814,20181208,Generator
F03497,harlem,bodega grande,590,20230809,Generator
F03391,crown hts,St. Marks Church,876,20181106,Generator
F03441,Mott Haven,Corner Deli,575,20200405,Solar
F03168,Bedford-Stuyvesant, CORNER DELI ,"1,247",20230808,Grid
F04526, Bushwick ,st. marks church,"1,421",20211223,grid
F04386,bushwick,mutual aid nyc,676,20181106,grid
F01794,Bedford-Stuyvesant,Bodega Grande,"1,243",20200622,solar
F00180,sunset park,Mutual Aid NYC,427,20180619,generator
F03301,bed-stuy,mutual aid nyc,676,20241223,solar
F04422,Crown Heights,Bodega Grande,637,20180418,grid
F02625,crown hts,st. marks church,"1,145",20200828,SOLAR
F03334,Sunset Park,Community Garden,778,20180726,Grid
F00621,Bushwick,green grocer,"1,593",20220522,Generator
F01720, Bushwick ,the bakery,754,20230414,Solar
F03071,Sunset Park,Bodega Grande,-30,20221028,Solar
F03655,Bushwick,Corner Deli,310,20240718,Generator
F03808,mott haven,st. marks church,"1,226",20190101,Solar
F01749,Harlem,st. marks church,"1,470",20200821,Solar
F03917,Ridgewood,the bakery,"1,509",20200306,GRID
F01568,Bed-Stuy,,"1,889",20220102,GRID
F02693, Bushwick ,mutual aid nyc,"1,575",20230502,solar
F01834,Flatbush,Green Grocer,809,20181203,generator
F02909,Bed-Stuy,community garden,231,20220626,solar
F03853,flatbush ,green grocer,999999,20220916,grid
F03235,Bed-Stuy,Green Grocer,"1,488",20230416,SOLAR
F04337,Crown Heights,the bakery,"1,458",20190913,SOLAR
F00536,jackson hts,green grocer,"1,934",20241027,GRID
F00788, Bushwick ,,445,20180425,generator
F03066, Bushwick ,St. Marks Church,"1,556",20180120,GRID
F00197,jackson hts,The Bakery,"1,617",20190220,Solar
F00074,bushwick,Bodega Grande,"1,421",20180608,SOLAR
F01123,crown hts,Community Garden,"1,912",20201008,generator
F04470,Bed-Stuy,Community Garden,"1,642",20180216,Grid
F02481,bushwick,Bodega Grande,105,20190901,Grid
F02861,bushwick,Mutual Aid NYC,"1,875",20241007,Generator
F04522,Ridgewood,green grocer,"1,244",20240103,GRID
F02517,sunset park,bodega grande,972,20210116,SOLAR
F02511,Mott Haven,the bakery,"1,380",20201104,solar
F03779,Ridgewood,Green Grocer,"1,217",20220227,GRID
F03764,bushwick,corner deli,563,20180618,Grid
F00646,jackson hts,Community Garden,463,20240207,Solar
F02014,Mott Haven,the bakery,617,20210127,Generator
F00438,Harlem, CORNER DELI ,"1,718",20210428,generator
F00427,Crown Heights,The Bakery,"1,000",20200416,generator
F01274,bushwick,Bodega Grande,"1,726",20190911,SOLAR
F03721, Bushwick , CORNER DELI ,"1,191",20220603,Grid
F01795,Harlem,bodega grande,"1,846",20231006,Solar
F00035,crown hts,green grocer,"1,480",20200204,Grid
F00611,Flatbush,The Bakery,356,20210403,SOLAR
F03960,Harlem,Bodega Grande,"1,188",20220209,solar
F04372,Sunset Park,st. marks church,872,20230908,Generator
F04555,Sunset Park,green grocer,"1,583",20221102,grid
F03588,Bedford-Stuyvesant,st. marks church,"1,039",20220722,GRID
F04236,Bedford-Stuyvesant,The Bakery,447,20180618,GRID
F03685,flatbush ,Corner Deli,745,20220713,generator
F00436,Harlem, CORNER DELI ,"1,284",20221213,solar
F03857,Bedford-Stuyvesant,St. Marks Church,"1,945",20210401,grid
F00738, Bushwick ,the bakery,,20180103,Generator
F01244,bed-stuy,Corner Deli,551,20220622,GRID
F01254,Flatbush,The Bakery,"1,575",20180925,generator
F03344,Flatbush,The Bakery,467,20220305,generator
F00912,Bed-Stuy,bodega grande,495,20220201,Solar
F00539,Harlem,mutual aid nyc,47,20221105,Grid
F02572,Flatbush,corner deli,"1,407",20210621,Solar
F04813,harlem,bodega grande,568,20181225,solar
F00960,Bushwick,Community Garden,"1,912",20181113,Grid
F00393,Sunset Park,corner deli,398,20210825,Grid
F03650,bushwick,bodega grande,623,20201125,grid
F00219,Harlem,st. marks church,880,20221005,Grid
F01827,crown hts,Green Grocer,"1,654",20220109,Grid
F01361, Bushwick ,community garden,227,20230510,Solar
F02929, Bushwick ,bodega grande,"1,339",20220828,Solar
F04783,Ridgewood,Corner Deli,457,20220604,grid
F02949,Bed-Stuy,green grocer,"1,216",20190503,solar
F00508,Harlem,community garden,794,20210221,SOLAR
F01892,bushwick,Bodega Grande,815,20200608,generator
F03414,Bedford-Stuyvesant,Community Garden,"1,078",20180617,Grid
F03290,Bedford-Stuyvesant,Community Garden,"1,383",20240603,generator
F00494,mott haven,St. Marks Church,"1,288",20240703,grid
F03289,Sunset Park,The Bakery,"1,213",20190925,GRID
F04063,jackson hts,community garden,"1,522",20220424,SOLAR
F03800,harlem,community garden,433,20200610,Generator
F00723,Harlem,Green Grocer,603,20201125,generator
F01557,Mott Haven,Green Grocer,"1,227",20230202,grid
F03774,flatbush ,Corner Deli,"1,594",20211004,Generator
F02813,jackson hts,green grocer,"1,887",20200719,solar
F04314,crown hts,green grocer,917,20201017,Solar
F02794,Bedford-Stuyvesant,green grocer,759,20210528,Grid
F02489,Jackson Heights,mutual aid nyc,999999,20210304,grid
F04313, Bushwick ,green grocer,"1,291",20220318,grid
F01475,mott haven,The Bakery,"1,065",20190105,solar
F02372,sunset park,Bodega Grande,244,20200814,GRID
F04727,Bed-Stuy,st. marks church,359,20180408,SOLAR
F00384,Mott Haven,community garden,187,20200315,grid
F01563,Flatbush,bodega grande,918,20200227,solar
F01902,Bed-Stuy, CORNER DELI ,,20200708,grid
F02028,Ridgewood, CORNER DELI ,393,20240617,Generator
F01351,jackson hts,Mutual Aid NYC,474,20240812,grid
F04704,Sunset Park,bodega grande,508,20210807,Grid
F02923,flatbush ,green grocer,"1,744",17760221,Grid
F03182,bed-stuy, CORNER DELI ,"1,944",20230428,Grid
F00765,jackson hts,st. marks church,332,20220512,Solar
F02299,Jackson Heights,Community Garden,421,20220620,grid
F02106,Harlem, CORNER DELI ,"1,318",20211117,GRID
F04141, Bushwick ,green grocer,"1,488",20200513,Grid
F01150,mott haven,Green Grocer,761,20230605,GRID
F03443,ridgewood,corner deli,"1,665",20200701,solar
F04858,harlem,Green Grocer,606,20180701,solar
F02147,Mott Haven,bodega grande,795,20210928,Solar
F00405,Crown Heights,The Bakery,467,20240404,generator
F04571,Sunset Park,bodega grande,"1,651",20220420,generator
F00864,harlem,Mutual Aid NYC,"1,677",20220421,Grid
F03799,Harlem,mutual aid nyc,881,20220828,SOLAR
F00737,Jackson Heights,Green Grocer,"1,919",20220106,SOLAR
F00099,bushwick,St. Marks Church,"1,662",20190116,generator
F01709,bed-stuy, CORNER DELI ,"1,915",20210622,generator
F02886,Harlem,the bakery,"1,735",20200717,grid
F03068,jackson hts,Green Grocer,46,20190910,grid
F04112,Bed-Stuy, CORNER DELI ,359,20210806,Grid
F00492,bed-stuy,corner deli,736,20190310,grid
F02654,flatbush ,mutual aid nyc,656,20191011,grid
F01721,ridgewood,green grocer,"1,276",20190519,solar
F00089,Flatbush,community garden,560,20190405,solar
F04147,Mott Haven,Green Grocer,547,20180323,Grid
F03390,Mott Haven,Mutual Aid NYC,"1,040",20210404,GRID
F01029,ridgewood,Community Garden,"1,135",20240628,generator
F01842,Bedford-Stuyvesant,the bakery,836,20191102,SOLAR
F01864,bed-stuy,the bakery,"1,625",20200724,grid
F00552,bushwick,corner deli,"1,791",20191011,SOLAR
F02221,Crown Heights,Corner Deli,216,20240926,GRID
F03974,harlem,Mutual Aid NYC,66,20190410,generator
F04675,Mott Haven,community garden,65,20190101,GRID
F02806,crown hts,green grocer,41,20241218,Generator
F01000,Jackson Heights,,346,20200515,Grid
F00883,flatbush , CORNER DELI ,"1,771",20180715,Generator
F00286,Jackson Heights,st. marks church,"1,697",20201115,generator
F01629,Sunset Park,Community Garden,762,20240826,Grid
F02917,sunset park,Green Grocer,376,20191119,grid
F02072,jackson hts, CORNER DELI ,"1,550",20230825,grid
F01083,Mott Haven,st. marks church,61,20190210,solar
F02197,sunset park,mutual aid nyc,913,20230609,Grid
F04493,harlem,community garden,"1,779",20190721,SOLAR
F04300,crown hts,Community Garden,"1,975",20210714,grid
F04369,Bed-Stuy,Mutual Aid NYC,346,20230418,Generator
F00030,flatbush ,bodega grande,966,20240620,solar
F03025,mott haven,Bodega Grande,,20200402,solar
F02083,mott haven,green grocer,"1,632",17760714,SOLAR
F03825,Bedford-Stuyvesant,Mutual Aid NYC,995,20200906,Solar
F01185,crown hts,,"1,497",20191107,generator
F04193,bushwick,st. marks church,974,20180713,Solar
F00312,ridgewood,st. marks church,"1,163",20211209,SOLAR
F01047,bushwick,Mutual Aid NYC,"1,522",20180415,Solar
F03006,Jackson Heights,Green Grocer,298,20180124,grid
F00952,Ridgewood,Green Grocer,"1,866",20230614,solar
F01710,Flatbush,mutual aid nyc,"1,100",20181116,grid
F03842,crown hts,community garden,"1,439",20210416,grid
F04851,bed-stuy,Green Grocer,"1,874",20230602,Solar
F00677,Mott Haven,mutual aid nyc,282,20211211,GRID
F04833,jackson hts,Community Garden,"1,747",20230423,grid
F04619,Jackson Heights, CORNER DELI ,"1,452",20180415,grid
F03033, Bushwick ,Green Grocer,716,20190404,solar
F01109,bushwick,the bakery,"1,530",20211126,Grid
F00956,harlem,community garden,"1,339",20240516,grid
F04546,Ridgewood,Bodega Grande,994,20240517,SOLAR
F02314,flatbush ,Green Grocer,300,20220101,grid
F03355,Bed-Stuy,Bodega Grande,"1,052",20230303,solar
F01495,crown hts,community garden,339,20240125,GRID
F00202, Bushwick ,Community Garden,"1,536",20220301,solar
F04131,bushwick,Corner Deli,"1,674",20240415,Grid
F00555,Bedford-Stuyvesant,Mutual Aid NYC,"1,021",20180420,Generator
F02681,sunset park,Corner Deli,"1,363",20241115,SOLAR
F00774,Sunset Park,Corner Deli,907,20190408,Grid
F01658,crown hts, CORNER DELI ,"1,321",20200917,Generator
F03847,mott haven,St. Marks Church,254,20180903,GRID
F01518,Harlem,St. Marks Church,737,20240724,grid
F01190,bushwick,Green Grocer,635,20190808,Generator
F03446,bushwick,bodega grande,"1,125",20221127,Solar
F04700,Jackson Heights,Community Garden,"1,015",20210927,solar
F02747,sunset park,The Bakery,,20211003,grid
F04418, Bushwick ,,"1,734",20220811,Generator
F00049,crown hts,,"1,204",20241222,Grid
F04399,Sunset Park,The Bakery,623,20230826,grid
F00472,bushwick,mutual aid nyc,694,20191118,Generator
F03456,Flatbush,st. marks church,60,20210504,generator
F04559,flatbush ,corner deli,711,20200726,Solar
F01699,Flatbush,St. Marks Church,767,20200228,solar
F02662,Bed-Stuy,The Bakery,"1,386",20230818,solar
F04004,Crown Heights,Corner Deli,,20200905,Grid
F02720,Bed-Stuy,mutual aid nyc,"1,725",20230620,grid
F03029,ridgewood,St. Marks Church,377,20180404,Generator
F00793,Bedford-Stuyvesant,The Bakery,"1,819",20210211,GRID
F01995,Mott Haven,The Bakery,993,20180815,generator
F04534,Bed-Stuy,green grocer,564,20221119,Grid
F00357,jackson hts, CORNER DELI ,"1,772",20210619,Generator
F04071,ridgewood,st. marks church,"1,741",20240614,Grid
F02668,Harlem,The Bakery,465,20240813,solar
F00018, Bushwick ,mutual aid nyc,"1,989",20190910,Solar
F03654,Crown Heights,green grocer,541,20220517,Solar
F00750,crown hts,Corner Deli,703,20220822,Grid
F00726,sunset park,,"1,431",20190120,SOLAR
F03493,Bedford-Stuyvesant,mutual aid nyc,840,20220528,Generator
F04629,Jackson Heights,Mutual Aid NYC,405,20180407,Grid
F00394,Bed-Stuy, CORNER DELI ,"1,850",20180827,Solar
F03938, Bushwick ,St. Marks Church,72,20190703,GRID
F00696,Bedford-Stuyvesant,Community Garden,213,20200609,Solar
F03097,crown hts,bodega grande,917,20190901,SOLAR
F02261,Mott Haven,corner deli,"1,489",20200914,SOLAR
F00870,Mott Haven,The Bakery,"1,045",20210618,SOLAR
F03913,Ridgewood,Community Garden,"1,404",20211128,Solar
F01001,Flatbush,corner deli,"1,965",17760604,Grid
F02513,bushwick,corner deli,262,20220913,grid
F02910,bed-stuy, CORNER DELI ,631,20240306,grid
F03512,Flatbush,Community Garden,469,20211018,Grid
F01366,Bedford-Stuyvesant,Mutual Aid NYC,351,20220203,generator
F04031,mott haven,St. Marks Church,112,20991017,generator
F00299,jackson hts,Bodega Grande,"1,823",20241208,solar
F02516,ridgewood,mutual aid nyc,"1,244",20230322,Generator
F01926,ridgewood,Mutual Aid NYC,290,20191006,grid
F02228,ridgewood,community garden,765,20230614,SOLAR
F02404,sunset park,Green Grocer,"1,572",20240503,GRID
F03321,Harlem,the bakery,"1,489",20200102,Solar
F01551,crown hts,mutual aid nyc,414,20210923,Grid
F00344,flatbush ,Mutual Aid NYC,"1,612",20240502,Grid
F02089,Bushwick,green grocer,"1,226",20220218,GRID
F01183,Ridgewood,The Bakery,"1,721",20220111,grid
F03541,Sunset Park,Community Garden,"1,740",20180103,solar
F04506,Harlem,green grocer,"1,653",20240915,Solar
F03922,Jackson Heights,community garden,676,20231120,solar
F04359,sunset park,bodega grande,"1,491",20231214,generator
F03126,Flatbush,bodega grande,736,20221102,grid
F02424, Bushwick ,St. Marks Church,"1,196",20200623,Solar
F02640,sunset park,Green Grocer,209,20201116,GRID
F02503,sunset park,Green Grocer,892,20230928,SOLAR
F00071,ridgewood,mutual aid nyc,"1,923",20230517,Grid
F04039,jackson hts,St. Marks Church,391,20220523,GRID
F04749,harlem,community garden,790,20190326,SOLAR
F03232,harlem,Bodega Grande,"1,727",20190921,grid
F00310,Harlem,,"2,000",20200424,GRID
F04060,Bushwick,green grocer,"1,824",20220811,grid
F03822,Sunset Park,Bodega Grande,,20230301,solar
F01583, Bushwick ,bodega grande,"1,032",20210811,Grid
F03363,Sunset Park, CORNER DELI ,627,20240219,solar
F01939,Flatbush,corner deli,858,20241011,Grid
F00652,Bushwick,Green Grocer,756,20210703,grid
F02811,crown hts, CORNER DELI ,934,20180719,solar
F02002,harlem,mutual aid nyc,725,20230905,Grid
F04579,Flatbush,bodega grande,"1,419",20191113,solar
F02870, Bushwick ,Corner Deli,340,20230612,solar
F04088,harlem,community garden,"1,763",20210523,grid
F04729,ridgewood,st. marks church,999999,20210802,generator
F04737,Harlem,bodega grande,697,20200904,solar
F02615, Bushwick ,bodega grande,"1,835",20211220,grid
F01186, Bushwick ,,357,20200602,Generator
F00749,Sunset Park,Community Garden,"1,150",20210522,GRID
F01549,sunset park,Bodega Grande,"1,662",20210905,Generator
F00059, Bushwick ,St. Marks Church,285,20190509,generator
F04274,mott haven,mutual aid nyc,461,20200203,Solar
F04578, Bushwick ,The Bakery,"1,223",20220317,Solar
F01791,jackson hts,Mutual Aid NYC,"1,914",20190302,generator
F00829,ridgewood,,,20210813,solar
F01803,Bed-Stuy,St. Marks Church,"1,447",20221026,GRID
F01102,Mott Haven,bodega grande,65,20201123,Generator
F03945,bushwick,,624,20240913,Solar
F01826,ridgewood,The Bakery,617,20200513,Solar
F02584,flatbush , CORNER DELI ,"1,947",20230305,Solar
F03170,flatbush ,community garden,550,20230204,Generator
F03992,Flatbush,Mutual Aid NYC,807,20240320,SOLAR
F03527,Sunset Park,corner deli,"1,451",20180918,grid
F00073,harlem,,"1,759",20210114,grid
F00986,Bedford-Stuyvesant,green grocer,"1,641",20200705,solar
F01133,Bed-Stuy,mutual aid nyc,211,20180609,solar
F03035,crown hts,the bakery,"1,197",20210522,solar
F04289,Bushwick,green grocer,57,20200713,Generator
F04531,Bushwick,Corner Deli,"1,319",20220403,Solar
F04257,bushwick,Green Grocer,130,20230317,GRID
F00836, Bushwick ,,"1,157",20190412,GRID
