f_id,log_dt,temp,items,clean,restk
F01961,2025-01-15,33,11,Dirty ,Yes
F04734,2020-05-24,37,5,needs cleaning,YES
F01340,2025-07-11,42,13,Clean,YES
F00118,2024-12-14,38,6,dirty,y
F01390,2020-02-03,37,41,Clean,No
F03241,2023-01-20,39,53,dirty,yes
F00123,2025-10-03,37,22,Clean,Yes
F00699,2024-11-22,44,22,dirty,yes
F02621,2025-06-14,-50,37,clean,No
F04095,2023-05-01,44,18,CLEAN,y
F01023,2024-05-26,33,48,dirty,Yes
F00172,2024-10-08,41,27,CLEAN,n
F03748,2022-04-13,39,41,clean,y
F01927,2020-01-20,44,57,,yes
F00204,2023-11-07,33,33,Dirty ,YES
F04057,2020-09-20,45,0,needs cleaning,n
F03492,2024-11-08,41,13,clean,No
F04733,2022-10-01,43,59,CLEAN,yes
F04122,2024-04-09,33,42, ok,YES
F04648,2024-11-26,45,17,OK,n
F02755,2021-09-12,35,42,needs cleaning,No
F04206,2025-08-06,35,13,Clean,No
F02066,2022-08-19,45,43,clean,y
F01971,2020-10-12,40,12,clean,y
F02898,2024-01-10,36,42,OK,y
F02599,2021-05-23,43,54,needs cleaning,y
F02515,2023-02-15,44,2,needs cleaning,YES
F01990,2021-01-22,37,39,needs cleaning,n
F02377,2023-01-04,33,28,clean,n
F00332,2020-05-18,36,99999,needs cleaning,NO
F04520,2020-09-08,36,12,CLEAN,No
F01935,2025-06-09,34,45, ok,Yes
F03366,2021-06-13,38,38,dirty,No
F04616,2023-10-15,37,37,needs cleaning,yes
F03209,2024-12-11,33,13,OK,n
F01709,2023-08-01,37,9,clean,no
F00551,2024-07-04,35,7,Dirty ,no
F00884,2024-05-18,45,40,clean,no
F00101,2024-11-04,-50,33,clean,No
F02922,2024-12-24,,17, ok,no
F09056,2021-06-10,33,12, ok,YES
F02216,2024-07-12,40,16,Dirty ,Yes
F03047,2023-02-18,43,60,Dirty ,NO
F03749,2025-03-14,45,14, ok,no
F02104,2022-09-07,43,50,OK,NO
F04674,2024-08-02,45,56,Clean,yes
F03146,2025-01-07,41,15,clean,yes
F04617,2020-11-17,35,8,clean,Yes
F00203,2025-04-10,34,42,dirty,Yes
F02319,2025-02-25,44,1, ok,n
F04158,2021-01-13,34,42,clean,no
F00697,2024-05-05,43,33,needs cleaning,y
F02983,2024-07-27,34,10,Clean,yes
F04720,2023-01-26,34,56,needs cleaning,YES
F01061,2025-12-13,37,9,needs cleaning,yes
F00737,2022-02-02,39,44,CLEAN,NO
F01867,2022-01-17,44,52,OK,n
F00339,2024-09-26,40,6,OK,YES
F00482,2020-08-16,33,11,clean,NO
F00202,2022-02-22,39,31,clean,YES
F03854,2021-05-17,34,31,Dirty ,no
F04362,2025-07-03,40,8,dirty,no
F03259,2021-07-26,40,18,,y
F02715,2024-04-18,42,2,dirty,n
F03891,2022-05-26,45,36,needs cleaning,Yes
F02765,2022-03-27,45,99999,CLEAN,NO
F03938,2022-03-21,39,37,OK,NO
F03638,2024-05-17,35,18,clean,yes
F00568,2022-09-05,33,26, ok,n
F03345,2025-10-20,37,55,OK,YES
F01351,2020-02-08,39,34,Clean,y
F01633,2023-12-21,36,40, ok,No
F01868,2024-02-17,,30,OK,no
F02615,2022-05-24,37,41,Clean,No
F04125,2021-04-05,45,7,needs cleaning,YES
F00597,2022-12-08,43,15,OK,y
F04075,2024-04-11,45,36,clean,no
F00368,2025-03-15,38,19,OK,y
F03566,2020-06-10,36,10,needs cleaning,no
F00755,2023-10-17,36,28,OK,no
F00094,2020-01-11,39,46,CLEAN,NO
F01066,2025-04-24,38,38,Clean,y
F04074,2020-02-06,39,55,Dirty ,no
F03957,2024-01-04,39,59,needs cleaning,No
F02381,2020-10-28,43,50,CLEAN,NO
F03984,2021-06-01,33,39,Clean,No
F02382,2025-04-27,38,59,CLEAN,no
F03624,2024-01-07,45,31,Clean,n
F02573,2023-09-25,45,42,OK,y
F02513,2021-06-02,36,51,clean,No
F01395,2022-04-15,34,54,clean,y
F01191,2021-12-21,34,26,OK,y
F01440,2025-12-19,33,58,,Yes
F01511,2023-04-08,42,53, ok,NO
F02598,2020-01-10,37,15,,YES
F03696,2022-11-17,44,38,dirty,YES
F01999,2025-11-24,45,44,Dirty ,NO
F00476,2020-06-12,45,44,CLEAN,y
F03707,2021-10-18,41,19,clean,No
F04405,2025-11-18,41,42,CLEAN,No
F02341,2023-11-24,42,20, ok,y
F01370,2024-07-02,42,26,clean,y
F03305,2024-01-16,40,8,Dirty ,YES
F02681,2025-06-12,37,14,,y
F00801,2021-12-24,44,29,CLEAN,no
F03286,2021-03-10,33,50,dirty,yes
F03158,2025-06-19,36,45, ok,YES
F02867,2020-05-10,36,37,dirty,n
F02611,2023-10-04,41,6,CLEAN,YES
F03574,2024-04-28,,16,OK,y
F04751,2025-01-02,39,15,,n
F00277,2025-11-10,44,36,CLEAN,n
F03902,2024-09-13,38,18,clean,yes
F03185,2024-07-15,39,52, ok,n
F03919,2025-08-04,41,,Dirty ,YES
F02429,2022-10-11,,28,CLEAN,no
F04790,2023-10-14,-50,30,needs cleaning,Yes
F02709,2020-03-09,37,57,needs cleaning,YES
F02465,2022-09-16,35,13, ok,yes
F01424,2025-12-16,38,47,clean,YES
F02791,2020-01-21,39,5,OK,y
F03641,2023-08-20,36,10,,NO
F04682,2025-11-19,45,24,Clean,no
F01141,2025-02-15,42,17,dirty,NO
F03982,2022-03-05,44,6,dirty,YES
F02564,2025-12-13,999,6, ok,No
F02422,2024-04-18,37,45,Clean,No
F03711,2020-11-09,35,1,clean,yes
F02327,2023-02-01,39,, ok,NO
F02900,2021-09-09,42,55,Clean,n
F04653,2021-12-17,41,12,Dirty ,Yes
F02518,2022-09-21,42,14,needs cleaning,n
F03787,2020-06-16,42,, ok,NO
F09303,2025-02-16,42,58,Clean,yes
F02164,2023-07-13,38,16,Dirty ,n
F03735,2022-05-20,37,28,CLEAN,NO
F02376,2021-08-19,40,34,Clean,no
F02208,2024-09-18,40,,dirty,n
F02678,2020-01-23,45,51,CLEAN,No
F03120,2022-08-16,37,33,Dirty ,YES
F01326,2021-09-05,35,35,Clean,NO
F00528,2023-04-05,40,58,,YES
F02904,2020-04-01,45,10,Clean,No
F00174,2020-05-04,999,39,needs cleaning,No
F01989,2025-09-07,36,34,clean,NO
F01939,2022-12-14,35,37,dirty,Yes
F00047,2023-01-03,38,,dirty,No
F00096,2021-06-23,45,,Dirty ,y
F03473,2025-12-26,42,-5,OK,NO
F00391,2023-04-28,36,23,Clean,Yes
F00754,2025-10-05,45,5,Clean,no
F03216,2020-06-04,40,34, ok,y
F03420,2023-05-14,34,0,clean,n
F04568,2025-07-27,38,28,clean,y
F00336,2023-01-25,38,21, ok,no
F03108,2022-09-07,,51,clean,NO
F02790,2023-07-21,37,27,dirty,no
F00206,2025-06-07,36,,Clean,Yes
F03131,2023-05-25,44,2,CLEAN,no
F00232,2023-02-11,45,53,Dirty ,y
F09953,2022-04-02,34,41,Dirty ,yes
F09538,2025-09-01,39,56,Clean,Yes
F01109,2023-09-12,43,0, ok,NO
F04058,2022-02-05,44,9,clean,NO
F00492,2020-07-06,40,59,dirty,YES
F04868,2020-06-28,40,13, ok,NO
F01565,2021-06-25,43,8, ok,n
F01922,2022-03-16,43,22,needs cleaning,No
F03142,2020-04-23,34,56,,No
F00871,2023-06-08,43,46,clean,Yes
F00965,2022-11-15,44,55,OK,n
F02620,2022-01-03,37,-5,needs cleaning,NO
F00709,2020-05-25,41,20, ok,y
F04782,2023-01-16,-50,29,Clean,YES
F04024,2025-08-26,35,17,needs cleaning,NO
F00026,2021-07-24,36,42,Dirty ,n
F00337,2020-09-21,40,49,dirty,No
F00082,2024-02-23,45,52,Clean,n
F00294,2020-12-04,42,37,Clean,y
F01559,2025-10-02,39,26,clean,Yes
F04022,2024-12-16,41,17,Clean,NO
F04359,2020-07-22,45,0,Clean,y
F03773,2022-03-13,34,14,OK,no
F01005,2024-11-23,43,49,OK,n
F09006,2020-09-11,,24,CLEAN,No
F01569,2020-03-11,40,36,needs cleaning,no
F01518,2025-09-11,34,50,Dirty ,yes
F01163,2020-09-14,44,0,needs cleaning,NO
F03636,2021-05-27,35,2,CLEAN,n
F09858,2025-04-04,36,,CLEAN,NO
F03940,2025-10-04,36,27,needs cleaning,YES
F03975,2022-07-11,38,22,OK,NO
F01555,2025-03-07,41,4,dirty,YES
F03068,2023-04-12,37,36,Dirty ,No
F01908,2024-10-16,38,46,OK,NO
F03784,2021-01-03,33,29,Dirty ,No
F02674,2025-10-17,43,33,CLEAN,NO
F01509,2025-06-21,33,24,,n
F02991,2022-03-12,44,3,needs cleaning,y
F00547,2024-09-15,38,15,OK,n
F04483,2020-02-15,35,25,Clean,Yes
F02394,2021-05-09,43,15,Dirty ,no
F02531,2021-11-10,36,15, ok,YES
F00085,2020-10-27,39,99999,,No
F01759,2023-08-13,33,45,needs cleaning,Yes
F00240,2023-04-12,40,12,Clean,Yes
F00334,2023-08-13,42,30,CLEAN,NO
F03448,2025-12-24,38,49,dirty,Yes
F01602,2021-07-09,34,45,dirty,Yes
F09385,2020-05-02,44,,CLEAN,yes
F03585,2023-10-28,35,22,dirty,YES
F01154,2021-03-04,35,43,Clean,YES
F03584,2023-03-11,37,29,dirty,n
F04232,2025-11-21,35,20,CLEAN,No
F04618,2020-03-19,40,0,clean,no
F03697,2020-02-09,41,2,OK,NO
F09122,2020-02-17,41,1,CLEAN,YES
F02060,2024-07-03,41,39, ok,y
F03925,2020-02-26,41,4,CLEAN,y
F01448,2024-08-25,34,35, ok,n
F01917,2023-02-02,37,59,Clean,no
F03423,2021-09-22,40,27,CLEAN,No
F04447,2023-01-13,41,42,needs cleaning,no
F02902,2025-11-11,45,24, ok,NO
F03887,2020-10-08,40,17,needs cleaning,No
F03565,2021-02-26,34,24,Clean,y
F02332,2020-07-28,-50,30, ok,YES
F00239,2021-11-09,44,6,Dirty ,YES
F00907,2023-07-20,39,26,Clean,yes
F01812,2024-04-06,35,6,needs cleaning,No
F00048,2021-09-01,-50,57,clean,yes
F02793,2022-05-08,37,11,Clean,NO
F01787,2024-02-19,38,0,Dirty ,n
F00461,2020-05-05,38,38,Clean,n
F01336,2023-08-01,33,-5,clean,No
F02966,2021-11-12,45,49,Dirty ,NO
F04537,2021-02-03,40,58,OK,No
F01517,2020-02-23,38,0,Clean,YES
F03451,2024-02-28,44,31,dirty,NO
F04635,2021-10-02,39,,clean,yes
F02439,2020-11-03,33,4, ok,no
F03833,2024-03-22,42,,Clean,YES
F00133,2020-12-16,39,15,needs cleaning,Yes
F03948,2025-02-27,39,43,needs cleaning,Yes
F01364,2022-04-24,42,52,needs cleaning,no
F03258,2021-10-25,37,12,OK,yes
F02230,2021-10-24,40,28,Dirty ,yes
F04097,2024-02-24,35,44,OK,y
F04055,2021-10-09,37,45,clean,y
F00338,2021-07-13,34,31,clean,NO
F00567,2024-04-05,38,21,,y
F03776,2023-03-03,38,16,Dirty ,y
F01301,2024-08-11,38,5,needs cleaning,Yes
F04898,2021-06-07,40,53,dirty,y
F04277,2023-10-21,41,45,,YES
F03794,2025-08-16,34,17,,Yes
F01139,2021-07-18,44,2,CLEAN,no
F01332,2024-12-28,35,0,Clean,YES
F00364,2022-04-02,38,54,clean,YES
F01453,2022-10-15,43,11,needs cleaning,yes
F02537,2024-04-06,44,3,dirty,Yes
F04396,2024-03-08,43,18,Clean,NO
F04877,2022-04-20,38,27,clean,NO
F03655,2024-03-13,41,60,,yes
F00003,2021-10-24,34,2,clean,YES
F04134,2021-08-24,40,10,dirty,YES
F00057,2020-01-04,41,59,OK,n
F04716,2023-07-16,44,,OK,yes
F04406,2020-02-28,33,36,Dirty ,n
F02923,2023-08-07,38,10,CLEAN,no
F02161,2024-10-24,43,21,clean,yes
F00352,2023-03-01,41,57,needs cleaning,NO
F03743,2021-08-10,33,18,clean,Yes
F04174,2023-08-12,41,,clean,YES
F03193,2020-03-18,43,60,Dirty ,YES
F01786,2024-02-06,34,2, ok,No
F01946,2023-08-06,37,20,needs cleaning,y
F03460,2025-11-05,36,37,Clean,No
F01456,2023-09-06,38,-5,Dirty ,NO
F01158,2024-10-26,44,11,OK,no
F04386,2023-09-04,45,27,OK,Yes
F03783,2025-10-26,44,-5,dirty,Yes
F04392,2023-09-03,40,13,OK,YES
F01696,2023-01-12,36,38, ok,NO
F04028,2020-06-05,41,29,Dirty ,YES
F04489,2023-12-16,39,39,OK,n
F03317,2023-08-26,36,2,clean,n
F04380,2021-03-08,36,8,Dirty ,n
F04495,2024-06-28,36,23,needs cleaning,YES
F00401,2024-05-12,33,26,needs cleaning,NO
F00729,2024-02-09,40,3,,Yes
F01459,2025-03-26,41,2,Clean,y
F04862,2025-01-20,37,12,clean,n
F01721,2021-08-22,38,11,needs cleaning,YES
F00134,2024-11-02,38,45,CLEAN,No
F02624,2021-04-11,39,51,Clean,No
F01337,2025-07-07,33,25,Clean,No
F00554,2025-03-15,37,15,Clean,y
F01437,2024-02-19,36,22,OK,n
F01406,2021-09-10,35,42,OK,Yes
F03397,2021-03-28,40,11,dirty,Yes
F00534,2021-04-07,43,30, ok,y
F03188,2022-12-20,34,23, ok,n
F00735,2024-08-07,42,52,clean,Yes
F00480,2023-03-13,43,0,dirty,n
F03561,2023-01-15,43,48,dirty,Yes
F02063,2024-04-28,33,56,CLEAN,No
F04699,2022-03-28,43,10,dirty,n
F02943,2021-07-28,36,59,CLEAN,Yes
F00475,2020-06-08,40,45,CLEAN,yes
F03481,2020-10-26,40,16, ok,y
F01123,2024-05-10,43,26,,yes
F02219,2024-10-09,40,41,dirty,no
F04544,2020-07-17,41,31,clean,yes
F01458,2022-10-05,33,5,dirty,YES
F01019,2023-04-17,42,33,dirty,Yes
F01092,2021-10-14,39,23,dirty,No
F01236,2023-09-08,38,27,Clean,YES
F02152,2025-03-10,36,18,CLEAN,Yes
F03033,2020-10-16,35,,clean,no
F03072,2020-10-04,38,50,dirty,yes
F01391,2020-10-04,40,, ok,NO
F00918,2025-01-23,36,44,Clean,yes
F09595,2020-05-06,43,9,clean,no
F02657,2021-04-24,42,0, ok,YES
F01207,2023-07-28,44,58,Dirty ,n
F00127,2023-04-23,33,15,Dirty ,y
F09599,2020-03-05,35,37,,yes
F03582,2022-01-20,45,57,CLEAN,no
F00341,2024-08-14,36,29,OK,No
F02120,2025-06-04,40,45,needs cleaning,no
F04775,2025-08-08,36,4,dirty,n
F00024,2024-02-17,34,38,CLEAN,NO
F01305,2022-03-12,45,21,CLEAN,no
F00561,2025-11-14,44,39,Dirty ,n
F01044,2021-09-27,36,9,clean,yes
F00449,2020-09-23,37,15,dirty,NO
F01627,2023-02-07,34,54,dirty,YES
F00502,2022-09-11,38,46,dirty,NO
F00594,2020-05-18,33,17,CLEAN,No
F02761,2023-10-11,43,25, ok,n
F00628,2024-06-22,40,26,CLEAN,n
F00119,2022-09-19,40,33,clean,Yes
F04294,2025-02-07,45,18,needs cleaning,Yes
F03058,2020-12-26,45,99999,dirty,YES
F00393,2022-01-10,43,25,Dirty ,No
F01979,2022-11-20,33,-5,needs cleaning,y
F04124,2020-07-01,36,40, ok,YES
F01197,2022-02-14,33,47, ok,Yes
F03874,2022-05-28,43,12,Dirty ,no
F04472,2023-06-06,42,27,Dirty ,no
F01600,2020-01-16,37,22,Dirty ,YES
F03049,2020-10-21,42,17,Dirty ,y
F01853,2023-04-03,44,40,needs cleaning,No
F04171,2020-04-12,43,6,clean,no
F03298,2020-10-23,36,20,needs cleaning,n
F02570,2022-09-02,42,25,dirty,n
F03886,2020-09-12,36,47,Dirty ,Yes
F00791,2022-12-04,44,3,OK,n
F03037,2021-05-19,37,54,Clean,No
F00186,2022-11-07,40,37,Dirty ,No
F02939,2023-10-01,40,14,Clean,Yes
F01015,2020-08-01,41,43,needs cleaning,no
F04067,2022-04-13,43,23,dirty,NO
F03710,2022-06-18,42,57,Dirty ,n
F00130,2020-12-17,35,33,OK,Yes
F01864,2024-05-16,35,,needs cleaning,NO
F01610,2021-08-06,34,21,Dirty ,Yes
F00796,2020-09-05,44,46,dirty,n
F03334,2025-01-05,43,32,CLEAN,No
F04065,2023-09-13,43,29,needs cleaning,No
F03183,2024-03-14,37,1,Dirty ,yes
F01396,2021-07-18,44,19,dirty,No
F04272,2023-11-14,34,44,Dirty ,y
F00392,2025-12-26,44,44,clean,YES
F04082,2021-08-20,33,43,Clean,NO
F01407,2023-08-24,45,55,Clean,no
F01360,2025-09-17,33,20,,yes
F02371,2020-09-10,43,29,OK,yes
F02202,2025-09-16,33,18,clean,Yes
F02356,2023-05-13,35,38, ok,no
F00873,2020-08-09,35,2, ok,Yes
F01220,2025-11-26,40,56, ok,Yes
F00650,2021-01-09,43,17,needs cleaning,y
F00625,2021-10-28,40,10,needs cleaning,no
F04799,2025-01-20,36,9,,n
F03121,2022-10-15,44,29,dirty,n
F03061,2025-09-20,39,49,CLEAN,no
F02903,2020-07-02,36,,,NO
F03893,2020-10-23,34,39,Clean,YES
F01241,2021-10-09,35,28,OK,n
F04415,2023-09-25,40,59,needs cleaning,no
F01910,2020-07-20,34,24,Clean,y
F04191,2020-05-28,39,38,Dirty ,NO
F03826,2025-04-10,33,58,OK,y
F03606,2022-01-21,39,30,OK,n
F03132,2024-07-09,43,14,dirty,NO
F02078,2021-03-12,37,,needs cleaning,Yes
F02043,2021-05-07,45,25,needs cleaning,n
F04248,2020-05-11,36,7,CLEAN,yes
F04214,2020-12-18,38,44,CLEAN,NO
F04499,2022-12-01,37,37,Dirty ,Yes
F01374,2025-10-20,34,40,CLEAN,No
F04599,2022-12-02,42,3,Dirty ,NO
F03772,2022-11-27,37,44, ok,NO
F01346,2023-09-20,33,11,dirty,NO
F01316,2025-12-08,36,43,Clean,yes
F01307,2022-02-14,45,2,CLEAN,y
F00058,2024-08-02,41,38,OK,no
F04390,2023-04-20,40,38,,n
F02738,2020-05-25,40,6,Clean,no
F02418,2025-11-01,37,57,Dirty ,n
F04251,2025-05-25,38,3,clean,No
F04083,2020-09-08,39,50, ok,no
F04766,2021-08-27,44,60, ok,No
F03675,2021-05-10,35,21,Clean,YES
F04176,2025-03-03,34,24,Dirty ,no
F01788,2022-06-27,37,24, ok,no
F00390,2020-09-20,33,52,dirty,n
F01179,2023-06-23,37,22,clean,y
F03850,2025-11-12,43,35,dirty,Yes
F00268,2020-03-06,44,26,needs cleaning,y
F00850,2022-02-28,45,1,OK,NO
F03287,2021-11-28,42,22,Clean,no
F00009,2024-10-10,37,51,Dirty ,y
F03371,2025-10-02,42,48,Dirty ,yes
F01130,2025-04-18,43,29,CLEAN,no
F03342,2024-10-14,42,54,Clean,No
F02391,2022-08-12,-50,0,Clean,n
F02971,2025-01-01,45,56,needs cleaning,No
F04531,2025-06-24,38,47,dirty,no
F00526,2024-06-04,40,34,OK,NO
F00151,2023-01-27,42,44,,No
F00849,2022-11-19,40,30,clean,YES
F04113,2024-01-18,45,11,needs cleaning,NO
F03508,2020-03-15,36,49,needs cleaning,n
F00388,2025-11-26,39,35,needs cleaning,yes
F03262,2025-12-06,40,42,needs cleaning,no
F02362,2023-06-24,33,2,OK,y
F04173,2020-07-03,36,42,Dirty ,n
F00612,2022-10-23,40,16,clean,No
F02411,2020-02-17,39,21,dirty,YES
F01604,2024-11-14,39,28,CLEAN,y
F03523,2021-09-04,40,11,Clean,Yes
F01581,2020-10-19,38,55,OK,no
F00074,2024-04-19,33,40,Clean,YES
F04183,2020-05-09,43,44,clean,NO
F01772,2025-08-14,37,27, ok,NO
F01898,2025-12-18,40,29,clean,n
F00137,2023-03-06,39,13,Clean,y
F04103,2022-12-12,37,22,Dirty ,no
F01717,2021-10-08,39,26,OK,n
F02253,2021-04-08,43,48, ok,n
F02351,2025-02-28,33,24,needs cleaning,y
F00734,2021-08-14,41,13,needs cleaning,NO
F00208,2020-08-12,33,34,clean,YES
F04460,2025-03-21,37,31,Dirty ,n
F04066,2023-08-09,39,49,dirty,No
F02250,2022-02-15,35,11,Clean,No
F00680,2024-05-27,40,45, ok,y
F03306,2023-08-12,41,41,Clean,Yes
F00432,2022-11-12,37,17,Clean,n
F01394,2025-04-24,42,6, ok,yes
F03680,2025-03-01,34,40,,no
F00533,2020-02-25,38,39,CLEAN,No
F01499,2020-12-05,45,16,,YES
F01631,2022-03-06,45,16, ok,yes
F01819,2025-01-03,39,35,dirty,no
F04700,2021-04-11,37,,CLEAN,Yes
F04839,2025-05-03,,59,needs cleaning,no
F03883,2020-11-20,43,3,needs cleaning,Yes
F04846,2024-11-05,39,28,,yes
F04870,2021-10-08,45,20,Dirty ,Yes
F04321,2020-04-03,34,58,dirty,y
F01328,2021-06-11,39,14,Dirty ,y
F03817,2022-11-02,33,38, ok,n
F02080,2025-01-11,39,39,Clean,No
F04689,2025-11-28,45,7,needs cleaning,Yes
F03892,2020-12-21,45,10,needs cleaning,YES
F04407,2020-11-14,43,7,Dirty ,n
F01090,2021-06-12,41,33,CLEAN,YES
F04598,2021-01-21,36,22,OK,yes
F04341,2021-12-13,,59,needs cleaning,y
F00949,2025-06-28,34,42, ok,y
F02091,2024-02-25,37,27,OK,no
F00156,2021-06-08,43,10,CLEAN,NO
F02780,2024-11-09,33,37,dirty,No
F03065,2023-07-05,45,18,Dirty ,n
F04080,2020-08-02,34,3,CLEAN,no
F04043,2020-07-19,42,4,needs cleaning,No
F02005,2020-01-24,39,49,CLEAN,yes
F03728,2024-01-08,42,30,dirty,Yes
F03457,2022-01-20,36,52,clean,n
F04394,2024-04-11,37,9,dirty,yes
F02227,2025-04-04,35,16,Dirty ,y
F01822,2020-11-01,36,52,,no
F04784,2023-08-07,35,58,OK,NO
F02155,2025-09-04,38,42,needs cleaning,yes
F00847,2025-08-27,45,25,needs cleaning,No
F00876,2025-07-11,38,57,Dirty ,no
F01801,2024-09-15,,21, ok,NO
F00712,2023-06-04,41,17,Dirty ,Yes
F01710,2022-06-04,38,14,CLEAN,YES
F00759,2020-01-06,39,36, ok,YES
F02416,2021-08-21,41,55,Clean,Yes
F04088,2025-10-13,39,44,CLEAN,YES
F02511,2023-11-07,38,30,clean,No
F01663,2022-10-15,33,19, ok,NO
F03963,2021-07-14,45,46,clean,yes
F02884,2021-11-15,38,44,CLEAN,yes
F00376,2024-03-16,33,51,OK,no
F00056,2022-03-10,39,42,CLEAN,no
F03079,2022-12-13,41,2,CLEAN,Yes
F02686,2023-01-16,35,48,OK,YES
F02977,2020-02-16,41,19, ok,No
F00468,2024-11-21,36,40,OK,y
F02190,2023-08-13,42,25,needs cleaning,YES
F00823,2023-09-14,44,49,Dirty ,YES
F02486,2023-01-22,35,18,needs cleaning,y
F02231,2021-06-15,43,57, ok,no
F00493,2024-08-08,43,39, ok,n
F01737,2021-07-25,35,38, ok,No
F00883,2020-01-06,38,30,,y
F01310,2024-12-10,37,26, ok,NO
F03038,2020-11-05,37,26, ok,y
F00976,2023-07-22,39,18,OK,n
F01209,2024-08-18,37,45,clean,n
F02456,2020-10-18,39,31,dirty,n
F00957,2024-05-19,37,42,CLEAN,YES
F01116,2022-03-15,38,22,Dirty ,y
F02622,2023-09-14,36,11,needs cleaning,no
F01450,2021-05-23,39,17, ok,y
F00398,2022-01-04,34,18,clean,n
F04792,2024-04-06,35,52,Clean,No
F00890,2020-03-16,33,51, ok,YES
F00726,2023-08-20,40,24,Clean,yes
F00216,2021-03-07,41,12,needs cleaning,n
F02444,2022-05-24,37,29,Dirty ,Yes
F00266,2022-07-03,39,38,Dirty ,No
F00314,2024-11-06,34,-5, ok,y
F04739,2022-04-24,37,55,dirty,no
F02584,2024-09-06,37,99999, ok,NO
F01044,2021-09-27,36,9,clean,yes
F02839,2025-05-08,41,60,Clean,Yes
F04322,2025-04-08,42,46,OK,YES
F01754,2025-02-02,44,28,CLEAN,y
F01825,2022-12-22,38,60,Dirty ,yes
F03759,2024-07-18,43,25,Clean,y
F01215,2024-04-13,44,58,CLEAN,yes
F00457,2025-12-16,41,55,Dirty ,No
F02097,2022-12-27,39,99999,clean,y
F02688,2023-06-28,35,23,Dirty ,n
F01404,2020-09-12,43,22,OK,YES
F01168,2020-05-02,38,8,clean,No
F00995,2022-02-03,45,35,needs cleaning,n
F01585,2022-12-16,39,21,CLEAN,Yes
F00522,2025-04-12,35,4,OK,YES
F04090,2025-01-27,43,,clean,yes
F02554,2023-04-16,,47,clean,No
F02697,2023-04-17,39,57,Clean,yes
F00866,2024-07-05,43,35,CLEAN,YES
F00842,2020-09-12,41,22, ok,y
F01650,2022-11-14,34,27,CLEAN,no
F01500,2023-01-28,37,19,OK,yes
F02106,2020-06-19,42,18,OK,n
F00160,2024-10-25,41,35,CLEAN,no
F01632,2022-06-22,,16,needs cleaning,Yes
F01875,2020-11-18,37,42,dirty,yes
F00499,2025-08-04,34,45,clean,y
F00843,2020-10-07,43,11,needs cleaning,NO
F03642,2020-07-04,41,31,dirty,y
F00416,2023-07-03,35,7,Clean,No
F04485,2022-01-03,42,46,Clean,y
F04202,2022-11-12,,8,CLEAN,Yes
F00308,2025-03-22,,21,clean,No
F04735,2022-05-16,43,18,clean,No
F02881,2021-07-11,35,,dirty,yes
F09279,2025-06-24,33,5,Dirty ,y
F04448,2025-01-03,43,48,Dirty ,no
F01671,2024-12-10,43,6,Clean,yes
F03955,2022-07-12,45,42, ok,no
F04092,2025-02-07,36,9,needs cleaning,yes
F03247,2020-07-21,44,,OK,YES
F02303,2022-07-01,,16,clean,y
F04716,2023-07-16,44,,OK,yes
F02437,2025-01-26,35,18,needs cleaning,yes
F01641,2023-12-15,43,26,OK,no
F00086,2021-03-12,44,2,dirty,No
F04053,2020-11-21,42,1,dirty,NO
F01017,2022-08-01,38,34,Clean,No
F02004,2020-06-22,35,18,CLEAN,No
F02516,2020-04-16,42,54, ok,y
F01308,2023-08-13,36,6,dirty,YES
F00720,2023-07-16,37,46,CLEAN,Yes
F04220,2025-03-21,40,17,Clean,No
F01294,2024-03-11,35,32,clean,n
F04132,2025-10-06,37,45,dirty,yes
F04763,2023-09-16,34,99999,clean,No
F04882,2020-05-11,,28,dirty,y
F09055,2022-01-22,39,21, ok,y
F03321,2022-05-08,34,39, ok,Yes
F02352,2020-01-04,37,57,OK,No
F02045,2025-01-21,39,3,OK,n
F04475,2022-09-05,33,29,Clean,NO
F01166,2021-06-21,45,5,Dirty ,No
F01494,2025-08-27,37,31,OK,YES
F00753,2021-09-08,42,14,OK,y
F03235,2021-11-22,43,53,clean,yes
F09857,2023-11-19,36,5, ok,No
F02495,2022-09-07,38,7,needs cleaning,No
F00037,2021-04-08,40,50,needs cleaning,no
F01097,2023-05-05,36,39,Clean,n
F03396,2023-11-11,44,,Dirty ,yes
F00217,2023-06-10,,20,Dirty ,YES
F04072,2025-06-07,43,24,CLEAN,yes
F02734,2025-09-24,37,6,Dirty ,no
F01114,2020-11-16,35,51,Dirty ,No
F02988,2021-02-06,43,40,,NO
F04166,2020-02-08,36,52,,NO
F03616,2022-10-20,41,28,Clean,YES
F03042,2020-08-02,33,55,OK,No
F00126,2025-10-08,34,24,Dirty ,Yes
F03549,2022-08-23,37,16,needs cleaning,no
F01970,2023-10-24,34,26,OK,no
F03512,2022-02-02,41,59,clean,n
F00414,2020-09-27,37,50,,n
F01280,2023-05-19,38,40,CLEAN,Yes
F03381,2023-01-28,40,8, ok,n
F03536,2025-02-06,33,24,Clean,n
F04779,2024-12-11,41,4,dirty,No
F02102,2025-01-06,39,8,clean,Yes
F03993,2023-01-01,41,20,OK,NO
F01664,2024-03-02,37,11,clean,y
F03489,2024-04-16,39,56,Dirty ,n
F04670,2023-04-06,35,34,clean,yes
F00319,2024-09-11,45,9,OK,n
F03360,2021-01-02,35,57,clean,No
F04651,2024-02-01,43,57,CLEAN,YES
F04041,2023-12-26,42,1,Dirty ,Yes
F02968,2024-02-07,44,,CLEAN,n
F02018,2020-06-26,40,6,CLEAN,n
F00636,2022-07-02,41,25,Dirty ,n
F01896,2023-12-27,36,10,OK,y
F02293,2021-07-07,45,58,OK,NO
F01481,2021-05-11,36,14,clean,no
F02491,2023-08-24,33,31,clean,YES
F03181,2025-06-13,41,51,OK,y
F04326,2025-05-22,-50,60, ok,YES
F01300,2021-02-11,33,54,dirty,n
F00483,2020-11-03,35,10, ok,y
F04559,2022-05-12,33,46, ok,yes
F04336,2021-03-06,38,21, ok,Yes
F00773,2022-05-08,38,13,OK,NO
F01028,2021-08-02,42,54,CLEAN,yes
F00802,2020-09-07,39,38,clean,YES
F03961,2021-12-14,34,23,clean,No
F09900,2025-04-28,40,19,Clean,Yes
F01685,2025-02-05,41,4,dirty,y
F03375,2020-04-12,40,32,CLEAN,YES
F01640,2025-10-19,43,24, ok,No
F03646,2025-03-08,40,7,clean,n
F00950,2025-01-21,34,57,OK,Yes
F01138,2024-05-02,38,50,clean,y
F02195,2025-09-22,33,58,needs cleaning,no
F03962,2022-03-17,45,12,OK,Yes
F04100,2024-06-21,35,3,,NO
F00298,2022-12-22,43,57,Clean,y
F03587,2021-12-21,33,18,Dirty ,n
F01045,2020-10-06,43,57,dirty,Yes
F00740,2023-03-11,33,37,dirty,yes
F03832,2025-11-24,39,20, ok,YES
F03203,2022-01-20,42,13,OK,n
F04813,2024-03-14,40,41,clean,yes
F04010,2023-04-10,36,23,dirty,No
F09450,2025-09-06,33,53,Clean,y
F00960,2025-12-03,40,27,clean,No
F04138,2020-08-21,36,22,dirty,YES
F00933,2021-08-16,34,1,dirty,Yes
F02514,2025-11-03,39,21,Clean,y
F00093,2021-05-09,39,46,OK,No
F00178,2025-02-10,45,53,,yes
F04649,2023-09-26,37,38,clean,yes
F00893,2020-12-19,35,6,needs cleaning,n
F02366,2023-04-11,38,11, ok,yes
F04184,2025-11-23,42,24,Dirty ,y
F04375,2024-04-01,43,-5,,Yes
F02365,2022-08-26,45,51,Clean,no
F03628,2021-03-18,36,30,dirty,YES
F02500,2022-07-22,36,36,OK,n
F03818,2020-12-25,44,21,CLEAN,No
F02370,2024-11-04,44,55, ok,YES
F04354,2021-02-01,37,44,dirty,No
F04836,2021-08-04,43,12, ok,Yes
F03917,2025-10-12,34,28,Clean,Yes
F03604,2022-04-05,40,2,CLEAN,n
F00350,2020-03-09,34,43, ok,NO
F01293,2025-10-07,37,19,dirty,NO
F04758,2020-07-13,42,25,clean,n
F01058,2023-07-15,42,3,,yes
F00429,2024-01-03,42,41, ok,Yes
F03937,2023-03-18,41,57,Clean,yes
F04381,2025-10-01,37,47,CLEAN,n
F03303,2025-05-21,43,51,CLEAN,YES
F01497,2021-04-04,43,16,OK,yes
F00996,2022-07-09,44,40,OK,yes
F02484,2023-10-08,45,58,dirty,No
F01892,2024-09-06,,60,Dirty ,yes
F03485,2020-01-25,45,32,Clean,yes
F03922,2020-01-09,,55,clean,yes
F01219,2024-01-03,34,18,CLEAN,Yes
F00718,2025-07-25,39,11,Clean,yes
F04646,2025-12-05,43,20,OK,No
F01645,2022-11-07,33,43,clean,Yes
F02146,2022-01-09,44,9,Clean,n
F02692,2020-08-02,38,21,dirty,Yes
F00653,2021-10-21,40,30,Clean,YES
F03374,2022-10-23,41,15,,NO
F03509,2020-10-15,37,14,needs cleaning,n
F00891,2023-12-27,34,17,Clean,Yes
F01926,2021-11-11,44,4,needs cleaning,YES
F09785,2025-03-12,38,-5,Dirty ,n
F00246,2024-04-24,45,31, ok,Yes
F02600,2023-10-07,45,,OK,No
F02315,2020-02-06,38,14,clean,No
F01993,2020-12-17,42,-5,needs cleaning,Yes
F01617,2022-02-11,44,42,needs cleaning,y
F00616,2025-02-03,42,45,dirty,yes
F03052,2020-01-04,35,44,clean,n
F00083,2024-01-18,37,59,needs cleaning,y
F02346,2025-03-04,39,30,dirty,Yes
F03889,2021-07-01,45,4,dirty,Yes
F04594,2025-04-12,44,35, ok,Yes
F01289,2024-11-19,34,35, ok,n
F02007,2021-06-11,34,35,Clean,No
F03928,2020-09-03,35,60,dirty,n
F04477,2022-11-17,35,12, ok,no
F00372,2021-12-25,34,11,,No
F01874,2020-08-27,999,51,needs cleaning,Yes
F02064,2024-02-02,45,58,clean,y
F01957,2021-09-05,33,22,OK,n
F03053,2022-05-04,45,5,Dirty ,n
F00685,2023-05-04,44,16, ok,Yes
F02561,2023-05-04,,43,,NO
F00455,2025-08-23,33,14,needs cleaning,Yes
F02242,2020-05-20,42,27,OK,n
F02508,2022-11-11,36,4,Dirty ,no
F00858,2025-02-15,34,23,Clean,no
F00278,2020-04-05,45,57,,No
F01766,2022-09-05,42,12,CLEAN,y
F02258,2023-01-04,35,23,needs cleaning,Yes
F01452,2021-11-27,42,43,dirty,NO
F03601,2021-04-03,42,99999,CLEAN,YES
F04881,2024-12-19,,30,dirty,YES
F01561,2024-01-24,42,3,OK,YES
F00839,2023-09-26,34,33,clean,n
F00347,2025-08-03,45,24,needs cleaning,No
F01153,2021-12-13,42,17,dirty,NO
F02244,2025-11-15,34,54,clean,NO
F04714,2020-07-04,44,43,CLEAN,no
F02849,2025-08-07,41,12, ok,Yes
F04678,2021-08-03,44,23,Dirty ,YES
F00166,2024-10-18,36,20,dirty,NO
F01006,2025-04-12,43,25, ok,y
F01035,2025-06-10,33,4,OK,n
F04412,2024-08-13,38,1,Dirty ,Yes
F02785,2022-09-22,39,51,Clean,YES
F04355,2023-03-03,38,7,CLEAN,YES
F04464,2021-12-03,40,47,,yes
F01730,2023-03-04,36,,clean,n
F02292,2023-11-04,-50,43,Clean,yes
F03904,2021-07-25,43,28, ok,Yes
F03679,2021-11-24,37,12,CLEAN,yes
F04687,2022-12-07,37,55,dirty,yes
F04212,2021-09-13,44,11,OK,NO
F00309,2020-05-26,41,34,dirty,Yes
F00931,2020-08-20,39,7,clean,y
F04006,2021-09-25,39,0,dirty,no
F00213,2022-06-02,44,12,dirty,y
F04428,2023-03-22,38,13,clean,NO
F00598,2024-01-09,39,-5,Clean,NO
F01462,2022-06-09,43,51,OK,yes
F04163,2020-05-13,36,31, ok,y
F02157,2024-07-19,36,0, ok,Yes
F03811,2025-01-02,37,51,dirty,yes
F01599,2020-09-10,40,43, ok,No
F01309,2021-01-18,33,45,dirty,NO
F01159,2020-05-20,-50,28,needs cleaning,NO
F01591,2024-02-03,41,,CLEAN,n
F03573,2022-11-14,36,11, ok,No
F01100,2023-10-13,36,37,CLEAN,yes
F02717,2024-06-14,33,12, ok,no
F03534,2023-09-23,43,37,Clean,NO
F04349,2023-07-14,40,26,clean,YES
F02970,2021-03-22,-50,45,dirty,n
F02336,2024-03-23,43,33,CLEAN,n
F00379,2022-03-24,35,51, ok,No
F09927,2023-08-19,40,26,Clean,No
F04615,2020-01-06,34,34,Dirty ,No
F02203,2025-09-03,33,9, ok,No
F03931,2021-06-19,36,17,clean,n
F04195,2022-03-10,36,60,Clean,Yes
F01030,2024-01-20,33,,dirty,NO
F01716,2024-03-04,36,37,CLEAN,No
F02696,2023-01-25,33,22,needs cleaning,NO
F03279,2025-10-10,41,-5,clean,yes
F04771,2025-08-01,41,20,clean,NO
F01900,2025-06-20,42,32,CLEAN,No
F01858,2020-05-13,42,54,needs cleaning,YES
F00562,2021-01-06,35,12,dirty,NO
F03951,2021-01-23,45,44,Dirty ,y
F00564,2021-12-09,41,39,CLEAN,No
F03089,2022-05-28,45,58,CLEAN,NO
F04365,2024-05-02,36,58,clean,yes
F01549,2021-07-17,33,26, ok,n
F04233,2021-09-01,45,30,CLEAN,Yes
F00280,2020-04-22,40,13, ok,no
F01312,2021-02-22,43,2,needs cleaning,NO
F04684,2021-02-17,41,36,needs cleaning,yes
F00693,2024-06-23,,9,Clean,No
F02640,2022-04-27,44,18,Clean,YES
F00241,2024-11-26,38,1,clean,Yes
F02915,2021-10-01,33,42,needs cleaning,n
F03075,2022-02-08,37,42,OK,yes
F00541,2020-11-27,37,42,OK,n
F01146,2025-10-01,43,49,CLEAN,yes
F01916,2025-11-28,35,51,CLEAN,Yes
F03594,2023-02-19,38,28, ok,NO
F03236,2025-11-16,41,12,OK,n
F00746,2023-08-20,33,34, ok,Yes
F02978,2020-02-09,35,55,Clean,n
F01442,2021-04-27,37,32,Dirty ,NO
F03151,2023-02-04,38,39,dirty,YES
F02402,2021-04-17,37,50,dirty,yes
F03931,2021-06-19,36,17,clean,n
F04266,2020-10-23,34,9,clean,no
F02625,2022-02-07,45,17,Dirty ,y
F04847,2021-04-15,37,35,dirty,No
F00524,2023-11-06,40,27,OK,no
F03617,2023-05-18,33,28,dirty,Yes
F02609,2023-01-03,45,33,needs cleaning,no
F01859,2025-10-06,34,17,needs cleaning,No
F02837,2021-07-14,43,50,needs cleaning,no
F02563,2020-02-17,45,20, ok,n
F03145,2022-03-10,,,OK,Yes
F00474,2021-11-21,40,45,Dirty ,n
F03377,2025-07-09,,2,OK,n
F00207,2025-11-24,42,60,Clean,yes
F01438,2022-04-01,-50,53,needs cleaning,no
F01348,2025-01-04,39,53,Clean,YES
F03724,2025-04-05,36,13,dirty,Yes
F03548,2025-03-03,39,16,Clean,YES
F00900,2021-01-14,35,23,Dirty ,No
F03085,2025-03-05,,4,OK,Yes
F00159,2021-03-22,36,47,needs cleaning,y
F00692,2024-12-15,42,1,needs cleaning,Yes
F00371,2022-03-26,36,25,dirty,no
F00631,2020-04-05,40,23,OK,yes
F03175,2020-12-05,38,6, ok,yes
F04666,2023-11-28,37,16,Clean,Yes
F02581,2020-12-04,34,15,clean,n
F02137,2025-03-21,41,5,Clean,no
F04469,2025-10-02,42,27,OK,No
F02134,2025-11-26,,38,OK,no
F04020,2020-01-07,37,9,Dirty ,y
F04210,2021-04-24,37,11,dirty,yes
F03921,2023-06-03,34,53,CLEAN,NO
F04750,2023-02-22,34,37,dirty,Yes
F03740,2021-02-28,999,55,dirty,n
F04462,2020-06-09,45,9,CLEAN,yes
F03577,2021-10-22,39,46,clean,n
F02683,2020-09-11,-50,0,Dirty ,No
F03737,2024-03-27,33,30,needs cleaning,No
F00579,2020-09-18,,37,needs cleaning,NO
F02936,2023-02-10,42,10,OK,no
F04318,2023-09-14,41,47,CLEAN,Yes
F03974,2022-04-05,44,1,clean,n
F00066,2020-05-04,35,44,dirty,YES
F03026,2024-11-18,42,30,clean,YES
F04160,2022-11-16,42,8,dirty,NO
F04742,2023-10-26,40,1, ok,no
F01905,2025-06-13,45,19,dirty,yes
F01382,2022-02-14,45,33,clean,yes
F01052,2020-08-01,38,49,CLEAN,NO
F03983,2025-01-28,35,38, ok,Yes
F04828,2022-08-20,40,2,CLEAN,no
F04388,2022-11-20,37,22,dirty,Yes
F03246,2024-02-26,40,57, ok,y
F02889,2023-11-09,34,58,clean,n
F02519,2022-02-11,40,37,Dirty ,Yes
F02021,2025-07-12,41,34,Dirty ,y
F00044,2023-11-06,44,45,OK,Yes
F01319,2025-07-20,42,14,OK,yes
F01270,2023-03-07,33,31,needs cleaning,y
F00983,2024-06-04,35,2,dirty,yes
F03822,2020-02-14,34,,clean,Yes
F09075,2025-06-24,33,26, ok,NO
F04761,2022-08-16,45,47,Clean,n
F03028,2024-12-28,39,28, ok,YES
F02459,2024-01-21,34,18,dirty,y
F00383,2022-03-28,45,60,dirty,no
F04894,2021-10-21,43,26,Clean,YES
F03598,2024-04-14,,34,Dirty ,NO
F04746,2025-10-08,44,,dirty,y
F02295,2022-05-11,34,28,dirty,n
F04890,2023-06-09,35,50,CLEAN,n
F02396,2022-06-09,33,56, ok,YES
F01002,2023-08-20,45,44, ok,n
F03405,2020-03-10,44,22,,no
F00608,2022-04-03,-50,8, ok,YES
F00179,2021-06-27,34,33,dirty,n
F01735,2020-11-04,45,51,OK,Yes
F02294,2025-09-10,41,30,needs cleaning,no
F09734,2020-09-28,38,15,dirty,yes
F03099,2021-05-21,44,56, ok,no
F03486,2020-01-21,40,57,Clean,no
F01392,2022-04-26,42,31,Clean,No
F03567,2023-10-06,38,49,needs cleaning,no
F02229,2024-11-17,34,34,OK,no
F03856,2025-10-02,43,20,Clean,no
F04025,2021-02-20,37,,Dirty ,YES
F02629,2020-03-10,42,20,,yes
F03362,2024-02-01,40,59,OK,n
F00459,2021-08-04,45,13, ok,n
F00725,2025-02-17,34,37,OK,y
F00164,2021-09-20,37,18,Dirty ,Yes
F00382,2024-10-27,42,36,,no
F04481,2020-06-21,36,18,CLEAN,NO
F00671,2022-05-09,42,39,OK,Yes
F01439,2024-07-07,,34,Dirty ,No
F03560,2023-06-08,33,,CLEAN,n
F02674,2025-10-17,43,33,CLEAN,NO
F01384,2021-07-07,38,7,needs cleaning,y
F01703,2024-08-11,37,45,clean,no
F00075,2022-11-24,38,19,Clean,n
F02998,2025-03-22,33,2,Clean,yes
F00705,2024-08-04,38,42,,YES
F00422,2021-03-09,,16,CLEAN,n
F02740,2021-11-12,35,59,OK,no
F04558,2022-04-15,33,54,OK,no
F00140,2022-11-25,33,23, ok,y
F04773,2023-11-22,-50,25,Dirty ,yes
F00951,2023-01-12,45,,Clean,Yes
F02463,2025-05-01,34,54,Dirty ,NO
F04683,2020-11-02,,46,dirty,no
F00458,2024-11-27,42,2,CLEAN,no
F02361,2020-08-23,35,14, ok,n
F02636,2021-03-27,34,13,Clean,No
F03529,2020-09-11,44,19,dirty,y
F02002,2021-06-21,35,20, ok,y
F02313,2020-04-10,41,30,OK,No
F03123,2025-03-14,35,38,clean,yes
F02003,2022-08-12,44,5,CLEAN,Yes
F02550,2024-02-01,38,54,clean,YES
F01580,2022-08-10,37,, ok,YES
F09080,2025-12-01,40,17,Dirty ,yes
F00530,2023-11-26,44,35, ok,No
F00688,2021-08-13,41,18,clean,n
F09394,2022-06-20,38,14,OK,Yes
F03976,2021-12-21,41,6, ok,no
F01847,2020-03-03,33,27,Clean,y
F03467,2022-04-24,35,3,OK,Yes
F02214,2023-06-18,41,50,clean,Yes
F02017,2021-06-25,41,25, ok,yes
F00222,2024-12-16,45,59,Clean,No
F03290,2023-09-15,37,53,Dirty ,YES
F02788,2022-03-16,41,24,Clean,Yes
F00997,2020-08-25,41,44,Dirty ,y
F03591,2021-06-16,33,22,Dirty ,No
F00054,2025-01-03,,45,CLEAN,no
F04691,2024-07-01,44,58,CLEAN,n
F02955,2020-08-23,43,60,Dirty ,y
F00104,2021-01-07,33,43,CLEAN,y
F03112,2024-12-11,33,18,Dirty ,YES
F00605,2025-04-24,38,38, ok,n
F00417,2022-02-26,45,14,Dirty ,YES
F01885,2021-07-10,44,41,needs cleaning,YES
F01891,2025-10-16,39,48,Dirty ,Yes
F00952,2021-10-26,44,50,OK,YES
F04360,2021-05-28,,54, ok,y
F02756,2023-09-09,,15,Dirty ,no
F04045,2021-04-05,43,8,needs cleaning,No
F03163,2024-09-16,38,57,Clean,n
F02248,2023-11-08,33,41,CLEAN,yes
F03136,2020-11-18,34,9,Dirty ,yes
F00940,2022-04-08,41,21,Dirty ,no
F02990,2023-05-13,43,37,Clean,yes
F02046,2021-04-05,35,60,clean,y
F01978,2022-12-17,38,22,,No
F02016,2022-02-16,38,58,dirty,No
F03878,2022-07-19,41,4,OK,y
F04606,2023-09-19,44,37,CLEAN,Yes
F03747,2021-12-05,39,52,dirty,Yes
F04422,2024-09-17,36,36,Dirty ,NO
F00881,2020-09-20,41,14,OK,NO
F01417,2022-10-24,41,0,dirty,no
F01291,2024-07-15,,32,,y
F01949,2024-11-22,43,6, ok,yes
F03757,2020-12-20,43,40,clean,yes
F01516,2024-08-28,44,53,clean,YES
F02462,2021-10-13,44,54,Clean,NO
F00944,2021-06-05,37,13,Dirty ,n
F03277,2025-10-25,36,9, ok,y
F02654,2025-05-28,40,24,dirty,NO
F00836,2021-08-08,40,1,OK,n
F02188,2021-12-02,37,53,needs cleaning,y
F00701,2025-04-10,41,55,clean,no
F00818,2025-02-05,37,24,clean,No
F04834,2024-02-08,34,4,needs cleaning,y
F04452,2025-09-10,999,57,clean,YES
F04579,2025-11-13,45,39,Dirty ,no
F04745,2025-02-25,38,22,clean,n
F00353,2021-08-17,41,42,Clean,n
F04887,2021-06-20,40,10,OK,Yes
F01217,2022-04-10,33,38,needs cleaning,Yes
F02210,2023-01-06,33,29,dirty,YES
F02200,2023-01-28,45,54,dirty,NO
F02569,2022-09-21,43,11,needs cleaning,no
F02467,2024-03-12,43,9,OK,yes
F01250,2020-05-26,39,43,Clean,No
F01236,2023-09-08,38,27,Clean,YES
F00525,2024-11-09,,30, ok,NO
F09902,2024-04-19,33,53, ok,No
F00302,2022-05-11,34,40,needs cleaning,no
F04543,2024-03-27,42,11,dirty,YES
F03350,2025-05-28,41,48, ok,YES
F04337,2022-02-18,44,45,CLEAN,no
F02739,2023-06-19,42,,Clean,YES
F03045,2024-09-15,44,27, ok,NO
F03851,2022-11-05,33,46,clean,n
F03217,2020-05-25,44,44, ok,y
F01105,2023-01-05,41,60,Clean,yes
F00905,2024-10-26,33,99999,dirty,Yes
F00304,2023-01-15,44,3,,No
F00798,2025-07-14,43,57,OK,no
F04178,2022-03-19,42,16,Clean,n
F01431,2020-01-02,34,29,CLEAN,NO
F03610,2024-11-28,41,30,dirty,no
F00296,2025-04-01,39,25, ok,YES
F04458,2025-08-17,34,3,Clean,n
F04106,2023-04-03,43,56,clean,yes
F02610,2025-11-04,33,2,OK,NO
F03800,2020-11-25,40,,CLEAN,n
F01033,2025-10-24,42,24,OK,y
F04205,2022-04-21,33,26,needs cleaning,YES
F04215,2025-12-15,34,45,CLEAN,NO
F03533,2025-05-07,,14,Clean,y
F01091,2023-07-12,35,45,CLEAN,yes
F02534,2020-10-16,37,10,CLEAN,No
F01835,2020-01-04,42,2,OK,No
F01211,2024-07-14,35,58, ok,YES
F00642,2020-07-20,45,6,needs cleaning,n
F01690,2024-09-25,43,0, ok,yes
F00406,2022-01-14,40,22,CLEAN,Yes
F03738,2021-10-19,38,23,needs cleaning,no
F09613,2025-12-16,37,29,clean,no
F00775,2020-04-03,36,42,Clean,NO
F02679,2023-10-25,44,48,OK,Yes
F01536,2023-06-20,,48,clean,NO
F00634,2023-03-14,45,6,Clean,n
F00030,2020-02-03,42,55,OK,no
F01329,2021-07-20,45,23,Dirty ,n
F04224,2024-10-13,38,,Dirty ,yes
F03078,2024-06-14,35,0,OK,yes
F04824,2020-05-14,36,34,Dirty ,No
F02571,2024-04-26,41,30,needs cleaning,y
F01178,2022-09-19,40,8,CLEAN,YES
F02994,2023-02-22,38,, ok,No
F04162,2025-05-03,43,46,clean,n
F00838,2024-07-11,34,21,Clean,no
F01085,2024-10-03,40,18,Dirty ,n
F00321,2022-03-13,42,22,Dirty ,n
F00750,2023-11-16,43,46,Clean,yes
F03150,2020-01-18,39,1,CLEAN,No
F03100,2021-12-23,35,11,needs cleaning,YES
F01324,2021-07-04,35,56,Clean,yes
F00877,2022-09-14,34,35, ok,n
F04301,2020-11-10,36,31,clean,no
F04844,2023-11-01,38,18, ok,no
F04889,2021-12-17,36,38,Clean,yes
F00377,2025-09-17,37,52,OK,NO
F02808,2020-08-18,,22,OK,NO
F01460,2022-11-08,34,49,Dirty ,NO
F00485,2025-05-25,35,26,Clean,no
F00592,2023-08-01,38,14, ok,yes
F01021,2021-01-05,,15, ok,no
F03669,2022-05-22,999,40,Clean,YES
F01160,2022-12-07,37,34,OK,NO
F01104,2021-09-04,45,10,dirty,yes
F01743,2020-08-10,39,23,needs cleaning,NO
F03090,2022-02-06,40,44,clean,no
F04308,2022-03-21,33,7,Clean,yes
F01952,2021-03-28,35,48,CLEAN,Yes
F02873,2020-07-25,33,14,dirty,yes
F03795,2024-03-05,,4, ok,YES
F03615,2020-02-16,38,51,Clean,n
F00553,2025-03-16,39,57,needs cleaning,NO
F00723,2020-07-24,41,33,OK,no
F00756,2025-09-25,33,2,Dirty ,NO
F01889,2022-03-05,35,17,needs cleaning,n
F01729,2024-07-15,44,15, ok,yes
F03514,2020-01-27,44,17,dirty,YES
F04848,2025-01-05,37,20,Clean,NO
F02819,2025-03-27,34,52,Clean,y
F00805,2022-07-09,33,48,CLEAN,Yes
F01924,2024-05-04,37,26,CLEAN,NO
F00105,2021-03-26,44,34,OK,n
F04229,2024-12-27,34,14,OK,no
F09405,2021-05-04,36,47,OK,Yes
F01883,2025-02-28,34,2,clean,NO
F09544,2023-04-11,43,31,OK,yes
F02560,2025-09-07,37,49,Dirty ,Yes
F01173,2023-10-16,35,48,needs cleaning,Yes
F00681,2021-12-27,36,55,Clean,no
F02417,2025-01-17,-50,17,dirty,NO
F04270,2025-09-17,44,45,Clean,NO
F01969,2022-03-25,37,32,Clean,NO
F01934,2025-07-01,38,38,Dirty ,yes
F03990,2020-09-24,39,18,Clean,n
F02770,2022-12-04,44,18,Dirty ,NO
F00584,2020-08-28,34,42,needs cleaning,YES
F00552,2024-04-01,41,25,Dirty ,y
F03463,2021-09-27,39,55,OK,NO
F02857,2024-07-01,34,60,Clean,Yes
F00395,2022-06-08,33,34,clean,yes
F02644,2024-12-20,43,9,dirty,n
F02047,2023-11-09,41,35,dirty,YES
F02631,2025-03-16,999,53,Dirty ,Yes
F03369,2024-01-24,43,57,clean,NO
F03924,2024-11-04,34,37,CLEAN,YES
F03730,2021-10-24,39,42,CLEAN,n
F04190,2021-10-10,44,6, ok,no
F03933,2020-08-10,40,12,dirty,YES
F03023,2025-09-17,33,54,Dirty ,no
F02698,2023-10-06,39,60, ok,no
F00193,2023-12-28,33,27, ok,Yes
F02895,2021-09-21,39,49, ok,yes
F04089,2024-07-17,37,,Dirty ,NO
F01548,2024-07-06,35,26,needs cleaning,Yes
F04534,2022-05-27,41,5, ok,No
F03019,2025-03-04,37,26,Dirty ,No
F01945,2024-11-11,44,22,OK,y
F02655,2024-10-22,36,3,dirty,y
F00925,2020-08-24,,25,dirty,Yes
F02374,2025-01-26,44,6,CLEAN,NO
F02282,2020-05-06,43,99999,Dirty ,y
F01124,2025-10-24,44,59, ok,n
F00862,2025-05-28,35,,clean,NO
F00002,2024-07-22,43,33, ok,YES
F01353,2025-11-18,34,40,clean,NO
F04054,2023-02-16,45,-5,dirty,yes
F00816,2020-08-09,40,40, ok,NO
F02582,2023-03-14,34,55,,y
F03493,2022-12-18,44,4,Dirty ,n
F03676,2024-08-26,38,35,dirty,YES
F00469,2020-02-03,40,56,Clean,Yes
F04226,2023-11-21,37,26, ok,n
F02281,2022-02-11,40,21,dirty,no
F02100,2022-08-26,45,3,needs cleaning,Yes
F00505,2025-12-15,35,9,dirty,NO
F02838,2023-10-14,39,49,Dirty ,no
F01958,2025-02-22,39,35,dirty,no
F00072,2023-02-27,,1,OK,yes
F03871,2020-05-28,34,32,needs cleaning,NO
F02155,2025-09-04,38,42,needs cleaning,yes
F01239,2023-09-10,44,52,OK,yes
F00421,2024-04-19,40,22,,y
F00297,2024-10-12,,26,Dirty ,y
F00581,2021-12-06,34,11,CLEAN,n
F02139,2023-03-14,42,6,needs cleaning,Yes
F03841,2025-06-13,42,3,CLEAN,yes
F02910,2020-09-22,37,2,,y
F02254,2022-07-10,33,56,needs cleaning,y
F02995,2023-06-18,39,52,needs cleaning,NO
F04875,2024-08-18,42,14,CLEAN,n
F01780,2021-07-03,34,60,needs cleaning,n
F04186,2024-01-08,42,10,needs cleaning,no
F03491,2023-11-24,35,25,OK,NO
F01189,2021-03-11,35,27,needs cleaning,n
F01741,2025-08-24,39,53,clean,NO
F02349,2024-07-09,34,6,Clean,YES
F02750,2021-04-02,40,5,Clean,YES
F03515,2022-11-26,33,7,dirty,yes
F01222,2020-03-19,42,58,Dirty ,No
F09928,2020-07-20,33,58,OK,y
F02651,2023-09-21,35,18,,No
F03717,2023-08-14,43,14, ok,NO
F03475,2022-08-27,,14,needs cleaning,Yes
F04413,2021-01-22,41,,OK,YES
F03227,2021-09-19,36,55, ok,yes
F01498,2021-10-15,45,19,needs cleaning,Yes
F04253,2023-09-13,35,22,Dirty ,Yes
F04540,2020-03-07,40,3,needs cleaning,yes
F01795,2021-10-07,33,16,clean,n
F02699,2022-02-12,37,30,dirty,YES
F00177,2021-04-26,42,5, ok,Yes
F02708,2024-06-19,39,19,Dirty ,No
F00985,2023-09-21,45,12,CLEAN,YES
F02338,2020-11-08,34,48, ok,no
F01106,2022-08-14,33,2,needs cleaning,n
F01758,2024-10-04,44,55,Dirty ,no
F02481,2025-07-12,36,20,OK,yes
F04823,2021-01-14,36,0,,YES
F02073,2021-11-24,40,20, ok,yes
F00147,2025-12-10,35,45,CLEAN,No
F04860,2025-11-15,33,53,needs cleaning,no
F09692,2020-09-23,38,31,Clean,YES
F02942,2024-08-12,44,32,needs cleaning,n
F03653,2020-09-03,42,19,Clean,NO
F01876,2021-08-12,40,6,OK,YES
F03101,2020-05-24,34,13,Dirty ,yes
F03657,2023-06-12,35,,dirty,no
F04746,2025-10-08,44,,dirty,y
F00484,2025-07-17,39,35,dirty,y
F03447,2021-10-24,44,0,needs cleaning,Yes
F03421,2020-04-28,44,31,Clean,yes
F04620,2021-03-10,41,51,dirty,YES
F02663,2024-06-13,45,5,OK,NO
F03699,2020-01-08,45,9,clean,YES
F02870,2023-04-07,38,31,Clean,YES
F04796,2022-01-04,44,29,Clean,No
F03303,2025-05-21,43,51,CLEAN,YES
F02787,2020-02-15,39,33,OK,y
F04049,2025-11-11,44,27,clean,No
F03544,2020-08-21,33,57,dirty,NO
F00471,2020-03-02,,60,OK,n
F00752,2025-11-28,42,32,needs cleaning,n
F00518,2020-10-10,42,29, ok,NO
F01126,2022-02-25,45,30,OK,YES
F02271,2023-05-07,42,15,dirty,no
F03496,2020-02-15,44,5,dirty,no
F04366,2023-11-11,36,9, ok,y
F04398,2025-11-27,45,8,clean,yes
F00285,2024-09-06,34,19,clean,no
F00906,2024-03-11,34,40,Clean,no
F02553,2025-07-17,34,7,dirty,Yes
F04077,2024-07-20,36,47,OK,yes
F00897,2020-04-27,35,45,CLEAN,NO
F04525,2021-12-28,40,,clean,YES
F04320,2025-08-24,36,53,CLEAN,Yes
F03249,2020-09-10,39,47,CLEAN,n
F03171,2023-05-14,38,25,OK,YES
F02605,2025-04-02,36,47,dirty,y
F04076,2021-04-22,34,6,CLEAN,yes
F02380,2021-07-14,,14,OK,No
F03756,2024-09-06,41,30,Dirty ,YES
F04063,2025-05-04,33,,Clean,n
F03501,2021-11-06,44,41,Clean,n
F01833,2021-03-08,40,38,OK,No
F00149,2024-09-05,42,23,Clean,Yes
F03609,2021-11-28,,9,needs cleaning,yes
F04587,2020-03-27,33,19,dirty,YES
F01273,2021-04-26,34,50,OK,Yes
F01799,2024-07-09,34,28,dirty,NO
F01304,2024-08-27,43,23,needs cleaning,NO
F00776,2020-08-08,43,37,dirty,Yes
F02866,2025-11-01,34,53,clean,yes
F03771,2022-10-07,41,51,CLEAN,yes
F02283,2024-09-05,34,25,Clean,n
F00256,2022-03-22,40,34,CLEAN,NO
F04312,2022-05-15,999,,dirty,YES
F01732,2021-02-07,40,31, ok,NO
F00131,2020-07-12,45,15, ok,yes
F03231,2022-10-13,42,15,CLEAN,YES
F02880,2022-10-04,37,32,CLEAN,yes
F04181,2022-01-19,34,5,OK,Yes
F01018,2025-02-21,42,34,clean,yes
F01368,2020-05-20,37,0,OK,n
F03934,2021-05-05,36,40,needs cleaning,No
F00360,2021-03-08,39,26,CLEAN,No
F03328,2023-04-04,,39,needs cleaning,NO
F02455,2022-09-05,45,44,OK,Yes
F03650,2021-08-18,,26,clean,YES
F00648,2023-06-08,36,6,,yes
F00640,2020-08-13,37,22,,NO
F00380,2022-01-13,39,0,OK,no
F02337,2023-08-06,33,28, ok,YES
F03620,2024-01-23,39,9,clean,no
F00185,2024-11-22,43,34,Dirty ,no
F03455,2023-04-20,36,28, ok,n
F01596,2020-09-08,40,58,clean,n
F01449,2023-12-12,34,99999,Clean,No
F03478,2022-03-13,42,43,CLEAN,Yes
F04700,2021-04-11,37,,CLEAN,Yes
F04352,2021-10-15,44,58,clean,No
F09383,2025-07-22,37,32,Dirty ,yes
F01851,2022-06-21,35,35,dirty,No
F01057,2025-07-26,44,16,Dirty ,YES
F01893,2022-04-14,42,17,OK,No
F00539,2025-06-20,38,7, ok,no
F00411,2020-10-20,34,18,Dirty ,No
F03284,2021-05-04,36,57,dirty,YES
F04577,2024-03-27,36,34,OK,y
F04374,2024-09-25,41,56,Dirty ,no
F09842,2024-02-08,42,43,,NO
F02623,2025-08-25,38,45,OK,yes
F03438,2025-01-12,41,60,dirty,n
F04853,2024-08-08,33,19,clean,no
F03295,2022-05-28,37,25, ok,no
F01816,2023-04-05,44,15,dirty,n
F02856,2023-06-07,44,-5,Clean,n
F02530,2025-09-24,34,3,Dirty ,yes
F00620,2024-06-14,33,23,clean,No
F03506,2022-03-05,37,34,OK,y
F03511,2021-09-06,38,40, ok,no
F02030,2022-03-03,34,59,,Yes
F04137,2021-01-20,44,31,Dirty ,yes
F01804,2024-03-27,34,53,dirty,n
F00604,2024-09-16,39,55,CLEAN,yes
F00591,2020-12-11,43,29,needs cleaning,y
F01024,2023-12-13,38,-5,Dirty ,Yes
F02028,2020-06-08,44,28, ok,y
F00797,2020-10-23,37,26,OK,yes
F03923,2020-12-19,35,16,clean,yes
F00760,2025-01-21,40,26,Dirty ,n
F04581,2022-10-16,34,48,Clean,y
F00743,2024-03-09,-50,37,Dirty ,Yes
F00507,2022-11-10,38,45,dirty,YES
F00136,2025-10-22,35,0,CLEAN,YES
F01051,2021-06-01,44,60, ok,y
F01794,2022-07-05,45,47,dirty,yes
F02228,2021-01-01,41,1,CLEAN,No
F02997,2022-04-16,43,57,needs cleaning,NO
F04051,2022-08-23,40,30,OK,Yes
F02967,2024-02-16,,56,needs cleaning,y
F03325,2021-12-14,37,30,Dirty ,y
F04305,2025-06-07,45,14,OK,NO
F04348,2021-04-24,37,5,dirty,Yes
F01838,2025-12-01,43,-5, ok,n
F00550,2023-02-27,42,41,CLEAN,no
F02690,2021-03-13,39,55, ok,n
F00281,2024-03-03,33,35,OK,y
F02451,2025-04-13,43,25, ok,n
F02613,2022-03-13,41,22,clean,y
F02285,2025-08-14,34,45,CLEAN,Yes
F01042,2022-05-01,40,15,clean,NO
F03029,2024-09-23,33,21,OK,No
F01079,2020-05-23,39,30,needs cleaning,YES
F03719,2022-11-01,36,43, ok,n
F03545,2020-05-07,45,3, ok,No
F01540,2024-12-15,41,3, ok,Yes
F04221,2021-06-20,42,34,needs cleaning,y
F04521,2021-03-28,41,29,dirty,n
F00827,2022-03-03,42,,Dirty ,no
F04102,2024-08-25,43,5,,n
F03973,2025-12-15,,,OK,y
F04468,2021-08-19,33,5,clean,No
F02670,2021-10-23,33,44,Dirty ,YES
F03313,2022-03-12,44,0,needs cleaning,No
F03122,2020-07-22,45,43, ok,No
F03021,2024-01-18,34,28, ok,n
F09852,2024-01-28,,25,needs cleaning,NO
F00800,2020-07-15,39,9,clean,yes
F01796,2024-01-26,40,19,Clean,yes
F00936,2020-04-19,33,58,,NO
F04200,2022-08-26,45,,Clean,YES
F02824,2020-11-04,999,36,dirty,n
F00369,2021-06-21,38,57,Dirty ,YES
F02069,2023-06-23,36,16,needs cleaning,yes
F00582,2023-05-23,36,99999,dirty,NO
F01233,2021-11-14,37,8,Clean,YES
F04886,2023-04-17,35,45, ok,yes
F02392,2023-09-27,34,50,dirty,yes
F03872,2024-12-24,33,44, ok,YES
F01535,2020-02-05,36,28, ok,No
F02851,2023-03-20,40,59,Clean,NO
F01371,2021-08-12,43,5,clean,YES
F00462,2022-11-27,40,60,Dirty ,NO
F01693,2025-07-15,44,59,needs cleaning,No
F04584,2020-09-08,44,55, ok,yes
F03859,2025-02-28,33,3,OK,No
F04843,2023-02-21,35,20,CLEAN,no
F03846,2023-11-08,41,43,Dirty ,n
F01423,2022-10-01,43,22,dirty,Yes
F02992,2020-07-21,42,1,OK,n
F02222,2024-01-14,39,7, ok,no
F03445,2025-03-16,45,40,CLEAN,NO
F00710,2023-08-26,42,99999,needs cleaning,y
F02001,2025-07-02,44,10,Dirty ,yes
F03302,2025-10-07,43,45,dirty,no
F03124,2023-03-06,39,46, ok,no
F04042,2022-11-06,42,23,dirty,y
F04230,2025-03-16,44,43,Dirty ,Yes
F00012,2023-07-26,33,59,OK,Yes
F00310,2021-03-17,36,57,needs cleaning,no
F02483,2024-01-15,44,51,OK,NO
F00227,2023-12-15,36,5,Clean,NO
F03836,2020-08-14,33,12,Clean,yes
F01478,2025-05-17,40,59,CLEAN,n
F00115,2025-07-16,44,49,Dirty ,no
F04032,2024-04-04,43,49,OK,n
F00430,2020-10-08,40,17,clean,NO
F00236,2025-09-06,41,20,Dirty ,no
F04593,2025-10-18,38,6, ok,no
F02373,2023-03-09,38,11,CLEAN,y
F02909,2021-05-02,35,,clean,yes
F03119,2022-01-20,42,50,Clean,No
F04157,2025-04-05,43,59,CLEAN,no
F00603,2021-11-09,36,44,OK,y
F04368,2023-11-20,34,52,CLEAN,n
F03595,2020-03-06,35,12, ok,YES
F04783,2021-06-09,34,51,,Yes
F09659,2022-10-05,44,49,clean,No
F00698,2025-01-20,33,3,clean,NO
F03001,2020-01-12,34,59,clean,y
F00683,2023-05-19,36,27,Clean,NO
F00354,2023-11-07,41,2,clean,No
F01041,2020-05-07,33,34, ok,no
F00397,2022-04-18,43,11,dirty,YES
F01469,2025-12-10,42,19,Dirty ,Yes
F01545,2025-08-10,39,31,CLEAN,No
F00840,2022-08-23,41,99999,needs cleaning,No
F00769,2025-05-20,40,6,Clean,NO
F04037,2022-05-24,39,5,OK,Yes
F03087,2023-12-17,42,28, ok,No
F02980,2022-12-05,43,50,Dirty ,Yes
F00765,2024-07-25,43,30,Clean,YES
F01863,2025-09-05,44,2,CLEAN,y
F03245,2023-10-25,44,6,dirty,yes
F03988,2023-10-12,37,45,CLEAN,NO
F04480,2023-04-06,44,17,clean,no
F00831,2024-12-20,35,18,Clean,NO
F09375,2020-03-15,33,37,Dirty ,Yes
F00786,2025-06-25,36,54,CLEAN,n
F00100,2020-10-03,40,7,needs cleaning,yes
F01620,2020-08-22,44,58,OK,Yes
F02798,2025-05-28,,54,Dirty ,no
F00028,2020-07-16,34,58,OK,y
F04343,2022-07-12,41,25,Dirty ,n
F03113,2021-01-22,42,6,CLEAN,yes
F01653,2022-05-18,45,22, ok,Yes
F04686,2022-08-14,36,18,Dirty ,y
F01322,2024-05-23,38,4,clean,YES
F01674,2024-01-13,40,12,CLEAN,YES
F03022,2023-02-09,41,60,OK,NO
F01379,2025-01-09,42,0,CLEAN,no
F02711,2024-03-25,38,5,needs cleaning,NO
F01170,2024-12-03,35,56,,no
F00656,2024-12-11,35,28,CLEAN,Yes
F02492,2023-11-01,40,,OK,y
F03807,2021-09-12,34,39,Dirty ,n
F03040,2020-02-22,41,0, ok,no
F00667,2020-08-13,37,15,,NO
F01325,2024-10-09,37,51, ok,yes
F02671,2020-01-28,40,18,dirty,No
F00284,2022-09-24,43,32,CLEAN,y
F01010,2020-07-17,,45,needs cleaning,yes
F02218,2025-01-13,,36,dirty,No
F00872,2024-03-26,37,6, ok,y
F02065,2024-02-03,35,11,CLEAN,No
F02956,2023-09-25,38,23,CLEAN,no
F03256,2024-06-11,35,47,CLEAN,NO
F02010,2021-10-08,37,15,dirty,Yes
F04496,2020-12-27,36,58,Dirty ,y
F04047,2020-10-22,35,35,OK,Yes
F01750,2025-05-18,45,21,CLEAN,n
F02267,2023-09-20,43,33,OK,y
F03069,2025-02-10,41,11,clean,Yes
F01043,2024-01-10,33,27,clean,Yes
F01229,2020-09-04,,47,clean,Yes
F02649,2025-11-17,43,47,OK,y
F01987,2022-07-01,33,25,Clean,n
F00922,2020-03-26,35,7,,no
F01147,2022-12-02,43,46, ok,No
F03114,2024-07-14,38,11,OK,y
F03671,2022-06-11,43,17,Dirty ,n
F02875,2025-05-02,35,40,OK,No
F00859,2021-05-23,38,21, ok,no
F02529,2024-01-07,44,,Clean,n
F00211,2021-01-04,44,6, ok,no
F02251,2025-07-22,38,15,clean,NO
F01986,2022-05-28,35,33,CLEAN,Yes
F01700,2021-07-05,41,23,Clean,Yes
F03091,2025-10-18,34,1, ok,n
F03830,2022-02-07,37,16,Dirty ,Yes
F09604,2023-03-19,33,28, ok,y
F01054,2022-02-23,36,,needs cleaning,Yes
F02822,2023-11-20,39,12,Clean,YES
F00362,2020-11-05,40,26,CLEAN,YES
F00812,2021-08-14,38,12,dirty,no
F02647,2021-05-21,41,13,dirty,n
F09458,2025-06-03,34,-5,needs cleaning,yes
F00712,2023-06-04,41,17,Dirty ,Yes
F01755,2025-04-25,33,25,OK,Yes
F04539,2022-09-25,39,52,clean,n
F00629,2022-11-16,34,39,Dirty ,yes
F00686,2024-01-16,36,32,OK,Yes
F01682,2022-05-08,38,39,dirty,Yes
F03048,2021-06-14,40,54,dirty,YES
F00887,2020-03-15,38,99999,Clean,y
F02810,2025-11-14,35,19,Clean,YES
F00233,2025-02-19,41,6,Clean,n
F03837,2024-11-25,39,34,needs cleaning,No
F00122,2023-04-05,40,16,,YES
F03782,2023-11-27,33,,Dirty ,No
F01067,2022-05-23,33,99999,,y
F01544,2024-05-08,37,34,CLEAN,yes
F02176,2021-07-14,44,46,needs cleaning,No
F01677,2022-01-27,41,33,Clean,Yes
F04227,2022-05-05,40,56,CLEAN,no
F01244,2024-05-15,42,5,Dirty ,YES
F01954,2022-12-18,38,58,,No
F02689,2023-05-11,40,15,CLEAN,no
F09411,2020-08-01,45,33,clean,NO
F00543,2023-10-14,37,38, ok,Yes
F01914,2024-09-08,34,,Dirty ,y
F02524,2025-04-07,37,19,CLEAN,yes
F03847,2022-11-01,44,36, ok,Yes
F04453,2024-09-09,39,55,OK,no
F03418,2022-06-19,39,28,Dirty ,n
F02354,2023-07-28,38,35, ok,yes
F00279,2025-08-21,39,36,dirty,NO
F01354,2021-12-20,34,37,needs cleaning,no
F00472,2022-09-09,33,53,Clean,yes
F03791,2025-07-04,45,55,OK,y
F01757,2023-06-24,36,31,clean,yes
F03205,2020-03-22,39,0,OK,yes
F02335,2024-02-05,39,15,,YES
F03331,2023-04-12,36,46,needs cleaning,YES
F01155,2022-08-28,35,42,needs cleaning,y
F00234,2021-08-12,39,19,Dirty ,NO
F02730,2021-07-17,40,17,CLEAN,NO
F04432,2024-10-21,42,27,Clean,NO
F01675,2023-09-11,35,52,needs cleaning,Yes
F02133,2021-12-25,39,34,clean,no
F03698,2020-06-22,,41,dirty,yes
F00795,2025-03-25,33,37,Clean,No
F01053,2025-01-24,45,55,CLEAN,No
F04737,2024-07-15,42,15,OK,No
F03060,2025-09-14,34,44,needs cleaning,NO
F02817,2024-06-22,45,26,needs cleaning,n
F03412,2020-01-20,43,33,needs cleaning,yes
F03141,2020-08-12,33,99999,OK,No
F02596,2023-06-19,39,7,dirty,y
F01547,2022-10-25,43,29,CLEAN,n
F02179,2025-12-07,,34,OK,n
F00083,2024-01-18,37,59,needs cleaning,y
F02482,2025-07-11,41,42, ok,NO
F04309,2020-01-13,43,31,dirty,No
F03552,2022-02-15,37,11,needs cleaning,YES
F04535,2020-02-20,35,10,Dirty ,yes
F01112,2020-12-17,34,22,dirty,yes
F00043,2022-09-05,43,23,CLEAN,yes
F04768,2022-02-08,38,58,dirty,Yes
F03997,2022-08-02,44,29,Clean,y
F01225,2025-02-16,37,41, ok,Yes
F01703,2024-08-11,37,45,clean,no
F04694,2020-12-28,36,50,needs cleaning,no
F00574,2023-03-01,45,59,CLEAN,No
F04736,2021-06-19,33,54, ok,n
F03559,2023-09-07,43,32,dirty,y
F01740,2025-08-09,37,4,Clean,Yes
F01224,2020-09-03,38,7,OK,No
F03458,2023-07-28,36,8, ok,y
F04369,2021-03-27,35,47,clean,Yes
F01888,2025-12-23,40,60,needs cleaning,n
F03885,2024-06-08,37,,dirty,NO
F09147,2022-08-19,39,27,needs cleaning,No
F02123,2021-05-05,41,57,clean,YES
F00249,2022-07-23,,15,needs cleaning,n
F03526,2021-05-26,45,48, ok,n
F00799,2025-11-06,37,21,Clean,YES
F01607,2020-12-16,39,18,,yes
F02232,2022-04-21,42,60,OK,n
F01980,2022-11-25,42,1,Clean,YES
F01983,2023-06-18,45,36,needs cleaning,no
F01080,2022-07-27,44,46,Clean,yes
F01584,2022-11-02,34,99999,dirty,NO
F09074,2025-01-15,33,99999,CLEAN,y
F02241,2020-05-21,37,15,CLEAN,YES
F01912,2022-11-26,37,35,needs cleaning,YES
F04002,2021-10-11,39,10, ok,no
F04291,2024-12-23,42,47,Dirty ,yes
F01262,2024-02-04,33,4,Dirty ,Yes
F02297,2022-07-25,37,2,needs cleaning,y
F03654,2021-09-25,45,14,Clean,n
F02457,2021-08-05,37,3,Clean,n
F01050,2024-05-26,43,15,clean,yes
F02913,2023-11-13,33,19, ok,No
F03367,2021-08-11,43,33,Dirty ,y
F02543,2024-07-09,39,41,OK,yes
F03357,2020-10-18,39,24,Clean,No
F04866,2023-02-23,36,37,Dirty ,NO
F04146,2022-08-08,35,29,Dirty ,Yes
F01397,2023-10-15,41,0,CLEAN,n
F04263,2025-07-02,40,26,needs cleaning,NO
F04449,2023-12-20,35,24,CLEAN,NO
F00804,2020-12-17,40,18,dirty,NO
F02320,2024-12-17,41,1,clean,no
F04498,2023-11-22,35,55,needs cleaning,No
F00262,2023-07-25,34,5, ok,No
F01532,2020-08-09,,33,Clean,No
F00320,2022-11-01,41,44,Dirty ,y
F02588,2022-01-09,39,44,Dirty ,NO
F02114,2023-08-28,36,24,needs cleaning,NO
F01127,2021-12-21,44,35,Dirty ,yes
F01576,2024-09-05,35,37,Dirty ,NO
F04614,2025-12-21,40,34,Dirty ,YES
F00886,2020-04-09,37,32, ok,y
F01301,2024-08-11,38,5,needs cleaning,Yes
F03918,2020-11-26,43,9,clean,NO
F04759,2022-08-20,37,28,Clean,NO
F02941,2023-07-19,33,52,Clean,YES
F09582,2022-08-19,39,44,dirty,NO
F03261,2020-06-03,37,49,dirty,Yes
F00826,2021-07-23,34,29,Clean,YES
F09862,2021-05-03,37,29,CLEAN,no
F01083,2022-01-28,37,21,CLEAN,no
F01134,2022-12-13,42,38,Clean,yes
F01968,2024-06-24,39,1,needs cleaning,no
F03985,2025-08-02,,35,needs cleaning,NO
F02149,2022-03-24,44,52,needs cleaning,n
F02744,2020-09-11,33,17,,n
F04745,2025-02-25,38,22,clean,n
F01086,2021-02-23,34,19,Clean,no
F03316,2024-11-17,35,0,Dirty ,y
F02593,2020-09-26,35,48,Dirty ,Yes
F01298,2022-10-28,41,15,dirty,y
F03427,2021-02-06,35,0,clean,Yes
F03177,2021-12-23,38,40,OK,no
F03498,2021-04-10,38,14, ok,yes
F03790,2021-04-22,36,33,CLEAN,yes
F02472,2024-01-03,45,33,CLEAN,n
F02207,2021-04-17,37,33, ok,yes
F01562,2023-06-16,42,-5,,NO
F01140,2025-07-26,44,41,Clean,NO
F01461,2023-07-16,38,49,Clean,No
F01487,2025-02-26,44,30,Dirty ,n
F01781,2024-07-12,42,17,dirty,No
F02489,2021-01-14,34,34,clean,No
F02776,2024-07-18,45,,clean,YES
F04249,2023-03-27,44,45,clean,y
F00888,2020-10-26,38,54,dirty,Yes
F03727,2023-11-13,40,29,CLEAN,NO
F00658,2023-04-24,34,27,,Yes
F03015,2025-04-19,45,15,needs cleaning,No
F02359,2025-06-14,40,56,Clean,yes
F00595,2025-10-18,44,0,CLEAN,No
F04488,2020-03-06,40,22,clean,y
F01656,2020-05-18,37,58,OK,yes
F04387,2021-06-05,39,17,dirty,y
F00228,2025-08-23,,5,dirty,Yes
F02947,2020-09-14,36,45,OK,YES
F00370,2023-05-01,35,30,CLEAN,NO
F02891,2025-10-14,37,55,Clean,No
F04519,2021-05-05,34,39,clean,No
F01334,2021-08-24,35,30,Clean,no
F01096,2023-01-24,38,26,OK,Yes
F02115,2020-11-13,36,35,,n
F03440,2021-12-11,40,47,Dirty ,no
F01012,2021-04-04,39,16,Dirty ,Yes
F09669,2022-06-26,45,29,Clean,y
F03572,2021-01-04,44,20,Clean,Yes
F01047,2022-07-06,39,3,OK,No
F04576,2022-04-04,38,59,,no
F01467,2021-09-17,36,10,dirty,yes
F01848,2021-04-26,43,16,Dirty ,n
F03564,2020-01-19,41,36,OK,y
F01323,2024-11-14,33,11,dirty,No
F00005,2021-12-12,42,8, ok,n
F04086,2023-01-28,39,,Dirty ,n
F04514,2023-04-16,38,55,needs cleaning,Yes
F02532,2021-11-09,35,2,needs cleaning,no
F09567,2020-08-15,,25,dirty,n
F03408,2021-07-17,44,29,,n
F02107,2023-04-19,34,49,OK,no
F00444,2024-02-10,37,,needs cleaning,No
F00515,2025-09-25,40,26,OK,no
F02221,2024-05-10,37,53,dirty,yes
F04036,2024-01-18,45,51,dirty,y
F02934,2020-09-10,36,2,needs cleaning,No
F03558,2020-08-08,45,56,Dirty ,NO
F02148,2021-06-28,43,46,clean,n
F03729,2022-05-01,36,25,needs cleaning,NO
F02448,2022-05-08,40,35,OK,y
F02912,2021-04-20,33,35,Clean,NO
F01389,2024-04-06,40,30,Dirty ,NO
F01451,2022-12-17,44,,Clean,YES
F04612,2024-03-25,34,33,Clean,no
F02878,2024-04-19,33,54,Clean,n
F02178,2021-11-17,45,53,dirty,y
F02299,2025-07-25,45,33,dirty,y
F03785,2021-08-05,38,33, ok,YES
F01823,2025-10-26,42,30,OK,NO
F01429,2020-04-26,34,38,Dirty ,No
F01098,2022-08-28,,,OK,NO
F00041,2020-03-21,36,16,Dirty ,Yes
F01419,2025-08-09,45,16, ok,Yes
F00491,2021-02-26,41,45,needs cleaning,YES
F03600,2025-04-07,44,41,OK,YES
F02273,2025-06-04,44,16,dirty,no
F02701,2023-08-17,37,18,clean,y
F00315,2020-08-07,41,,Clean,No
F01402,2021-11-26,34,52,Dirty ,NO
F03728,2024-01-08,42,30,dirty,Yes
F02403,2025-04-23,35,6,OK,Yes
F03326,2025-09-21,42,12,,Yes
F00326,2022-10-15,44,40,dirty,Yes
F02057,2025-10-13,40,36,CLEAN,Yes
F01137,2024-08-07,34,34,clean,YES
F03488,2021-02-13,45,50,clean,No
F01386,2025-04-10,34,11,clean,Yes
F00894,2024-12-20,37,1,CLEAN,no
F01913,2024-07-20,37,3,CLEAN,Yes
F03137,2021-06-24,39,21,clean,yes
F02035,2024-11-28,36,48,CLEAN,y
F03469,2022-09-11,44,29,OK,n
F01791,2020-07-27,33,15,Dirty ,n
F01956,2023-09-24,33,10, ok,No
F04141,2024-05-20,42,57,clean,yes
F01186,2021-12-25,35,30,CLEAN,No
F01522,2024-12-21,34,58,dirty,YES
F01977,2023-03-27,39,58,Clean,n
F04087,2022-10-19,40,20,clean,y
F00861,2022-12-26,40,38,Clean,y
F04120,2025-04-18,40,27,dirty,Yes
F01613,2025-02-15,33,16,OK,No
F04350,2022-09-12,45,10,Dirty ,Yes
F03806,2024-07-16,44,50,Clean,no
F00558,2024-11-10,42,46, ok,no
F01944,2024-07-11,33,54,Dirty ,NO
F04652,2023-06-19,39,46,clean,YES
F02220,2022-08-01,34,59,clean,Yes
F02287,2022-02-25,43,18,needs cleaning,n
F04127,2022-08-05,34,4, ok,NO
F02036,2020-10-10,36,56,needs cleaning,Yes
F04641,2021-12-15,40,53,needs cleaning,Yes
F00690,2024-10-18,36,55,clean,no
F00351,2022-02-21,41,7,OK,n
F02804,2022-05-10,34,21,CLEAN,y
F04438,2020-11-17,43,6,dirty,y
F03143,2025-11-16,36,28,clean,NO
F03968,2020-08-20,34,24,Clean,No
F00313,2020-07-28,45,45,needs cleaning,n
F00323,2025-07-26,37,15, ok,no
F04565,2024-03-27,39,53,dirty,yes
F01697,2020-07-03,43,58,dirty,n
F03516,2021-09-17,35,18,,yes
F01321,2020-12-01,39,57,Dirty ,yes
F00927,2020-07-10,45,7,CLEAN,Yes
F01485,2020-09-27,37,5,CLEAN,yes
F04869,2025-11-19,33,19, ok,YES
F03608,2020-10-11,-50,4, ok,n
F02722,2025-10-21,41,99999,OK,y
F04014,2021-09-08,35,20,Dirty ,YES
F00129,2024-11-16,34,51,CLEAN,YES
F04033,2023-06-20,43,-5, ok,No
F03102,2023-09-13,38,31,CLEAN,YES
F02919,2020-03-01,35,37,needs cleaning,y
F01355,2024-08-15,36,49,clean,n
F00282,2020-01-26,35,47,Clean,NO
F02858,2023-05-23,33,21,CLEAN,No
F09688,2022-08-13,34,20,clean,n
F00033,2024-09-12,35,44,Clean,yes
F01960,2020-05-22,38,56,OK,n
F04596,2022-04-04,35,2,clean,Yes
F01436,2020-07-27,43,43,Clean,yes
F00668,2025-06-08,33,59,clean,No
F02984,2023-01-21,34,13,Dirty ,YES
F04619,2020-03-18,35,59,dirty,n
F00654,2024-05-06,34,0,Clean,Yes
F00060,2025-06-02,45,43,Dirty ,No
F02874,2025-06-07,999,49,clean,NO
F01223,2023-01-05,36,28,Clean,no
F01996,2023-11-28,37,35,CLEAN,n
F03281,2022-09-18,37,45,dirty,yes
F02121,2020-01-10,43,49,Clean,Yes
F04592,2020-07-26,-50,46,Dirty ,y
F01526,2021-02-15,39,57,Dirty ,y
F03702,2020-12-05,37,32,CLEAN,yes
F03168,2023-07-21,36,44,needs cleaning,NO
F03694,2022-12-03,37,6,Dirty ,no
F02471,2024-05-25,35,11, ok,n
F01381,2021-04-03,41,25, ok,y
F00662,2020-03-26,35,50,Clean,yes
F09137,2025-10-09,36,6,Dirty ,Yes
F00717,2022-06-14,35,23,Dirty ,NO
F00721,2025-12-25,35,1,dirty,yes
F01208,2022-12-15,39,51,Dirty ,n
F04257,2023-12-20,37,17,CLEAN,YES
F04328,2020-12-04,41,46,clean,No
F04793,2021-07-16,39,-5,dirty,no
F00741,2024-02-27,43,33,CLEAN,No
F01746,2021-09-07,33,48,needs cleaning,Yes
F02440,2020-08-07,36,11,CLEAN,NO
F03556,2022-05-26,42,8,OK,n
F03051,2021-11-14,34,56,CLEAN,Yes
F02112,2021-03-21,33,44,clean,yes
F01929,2021-12-02,41,40,Dirty ,n
F09348,2020-03-06,40,4,clean,n
F04059,2023-11-17,35,28,,y
F00295,2024-08-17,39,43, ok,No
F03135,2023-12-19,35,25,dirty,yes
F01727,2020-06-02,38,57,Clean,YES
F01513,2024-04-14,40,39,Dirty ,no
F03967,2023-04-12,40,35,needs cleaning,NO
F02473,2022-02-14,41,3,dirty,Yes
F03553,2020-09-17,35,22,OK,no
F01683,2020-02-27,41,25,OK,Yes
F03733,2023-12-19,34,0,Clean,No
F04437,2022-12-02,43,51, ok,n
F04504,2022-04-08,37,49,needs cleaning,Yes
F01790,2021-07-18,43,54,clean,no
F02276,2023-02-04,34,9,CLEAN,no
F00937,2025-04-24,38,35,clean,No
F02951,2024-10-07,,44,needs cleaning,no
F02348,2022-08-27,43,,CLEAN,yes
F09447,2022-01-05,42,21,clean,Yes
F00511,2025-02-03,36,44,Clean,no
F00593,2022-05-15,36,-5,clean,yes
F04107,2021-03-09,-50,22,clean,YES
F00289,2022-02-08,43,46,CLEAN,Yes
F04549,2020-03-18,44,43,dirty,Yes
F02642,2024-05-12,34,9,needs cleaning,YES
F02575,2024-03-08,34,33, ok,No
F02694,2025-05-15,33,23,needs cleaning,YES
F03435,2024-02-09,34,6,OK,No
F04747,2023-01-12,37,25,,NO
F01592,2021-03-06,39,59,Dirty ,no
F00771,2022-11-04,40,38,CLEAN,YES
F01738,2022-10-18,34,17,clean,Yes
F03392,2020-12-26,34,43,CLEAN,n
F00953,2025-05-10,37,54,,n
F01267,2022-01-19,36,25,dirty,y
F02871,2021-12-13,,35,dirty,YES
F01275,2023-09-20,34,7,,No
F03067,2023-03-01,35,33,needs cleaning,Yes
F01635,2021-05-28,34,12,,yes
F00536,2024-04-20,39,40,Dirty ,n
F04511,2021-07-24,34,31,dirty,YES
F03368,2020-06-01,35,24,needs cleaning,YES
F00408,2024-08-10,40,49,Dirty ,no
F02803,2021-10-10,41,16,dirty,y
F09693,2024-11-08,39,19,OK,y
F04094,2025-10-11,42,49,dirty,NO
F01623,2024-10-01,39,39,clean,n
F02892,2022-03-08,42,27, ok,Yes
F00853,2021-12-06,36,40,needs cleaning,Yes
F01318,2023-04-07,37,53,needs cleaning,YES
F01524,2021-02-12,40,30,needs cleaning,yes
F04795,2025-06-05,41,0,OK,Yes
F02628,2025-01-17,,46, ok,YES
F03714,2023-04-16,41,32,CLEAN,NO
F04004,2021-05-04,45,42,clean,n
F04273,2023-08-26,42,33,,n
F09529,2022-05-18,43,36, ok,y
F04542,2022-05-27,35,25,clean,no
F03380,2024-05-11,36,2,OK,no
F02369,2023-01-14,38,59,dirty,no
F02086,2022-05-13,39,43,CLEAN,yes
F03770,2020-11-13,43,58,Clean,yes
F02815,2025-10-14,34,25,clean,YES
F04353,2021-11-26,38,23,Clean,y
F01156,2021-01-09,44,18,OK,YES
F00230,2022-09-25,35,10,CLEAN,NO
F02194,2022-04-20,40,22,needs cleaning,no
F02840,2022-02-28,35,29, ok,yes
F00659,2022-11-13,42,42,Clean,No
F04633,2024-03-18,36,8,CLEAN,yes
F03007,2024-11-02,35,37,Dirty ,NO
F04583,2023-12-13,40,54, ok,NO
F02056,2022-08-05,39,27,clean,NO
F00700,2024-08-11,36,52,,y
F04706,2023-05-28,43,49,Clean,no
F02864,2024-04-19,33,60,OK,y
F04340,2020-07-09,35,20,needs cleaning,YES
F00399,2025-01-27,999,34,OK,NO
F00979,2025-01-07,,13,CLEAN,Yes
F03634,2022-02-26,42,15,Clean,no
F03979,2024-01-27,44,21,needs cleaning,No
F00340,2021-05-09,39,0,needs cleaning,n
F01226,2020-09-27,41,47,CLEAN,no
F03835,2020-02-03,39,41,clean,YES
F03796,2023-03-10,34,39, ok,yes
F03814,2025-03-24,44,36,,YES
F02583,2020-12-19,35,60,OK,YES
F04636,2021-02-24,43,11,clean,Yes
F03870,2023-06-19,44,18,CLEAN,NO
F00378,2022-04-09,42,22, ok,y
F00386,2021-04-12,34,11,dirty,yes
F02639,2023-02-12,-50,16,clean,Yes
F02185,2022-03-13,43,58,CLEAN,n
F01063,2021-10-23,43,, ok,n
F00982,2021-11-02,36,19,Clean,y
F02772,2025-09-02,44,99999,CLEAN,No
F03430,2024-03-16,42,10,OK,NO
F00078,2020-01-11,41,11,CLEAN,YES
F03092,2023-12-06,34,13, ok,yes
F01614,2021-05-15,38,21,CLEAN,Yes
F02572,2021-05-04,33,10,OK,NO
F01073,2021-08-07,38,16,OK,YES
F00585,2024-06-11,38,2,dirty,No
F02743,2025-05-19,,27,OK,y
F00454,2020-08-15,37,34, ok,yes
F00959,2020-09-09,39,9,OK,No
F00703,2024-01-15,44,27,clean,No
F01609,2023-03-06,45,48,Clean,n
F00988,2020-12-04,39,47,clean,NO
F03003,2021-11-03,37,27,,y
F01950,2023-04-15,42,50,Dirty ,n
F03874,2022-05-28,43,12,Dirty ,no
F00563,2021-12-14,41,-5, ok,Yes
F00299,2022-08-15,40,42,needs cleaning,No
F02486,2023-01-22,35,18,needs cleaning,y
F02871,2021-12-13,,35,dirty,YES
F03750,2024-01-12,36,27,needs cleaning,YES
F04765,2025-06-03,36,47,CLEAN,Yes
F01515,2023-02-24,40,19,OK,No
F01985,2024-05-21,44,9,clean,y
F00473,2023-11-05,40,53,CLEAN,y
F03896,2025-03-27,38,16,CLEAN,NO
F03625,2025-04-18,34,40,CLEAN,n
F00970,2021-06-11,42,45,clean,yes
F03212,2024-11-02,42,37, ok,Yes
F01707,2025-12-27,,44,Clean,YES
F01731,2022-08-20,44,48,OK,n
F02504,2020-12-21,41,47,OK,no
F00815,2025-09-28,33,8,dirty,NO
F03855,2020-09-28,37,57,OK,No
F02982,2024-11-21,35,34,,YES
F02407,2021-10-09,35,16,dirty,No
F02101,2020-04-06,33,58,Clean,no
F04776,2021-07-19,45,38,CLEAN,YES
F02737,2022-02-26,,-5,Clean,NO
F04204,2023-01-24,35,25,needs cleaning,no
F00329,2023-06-14,39,55,needs cleaning,yes
F03894,2023-11-25,35,99999,Dirty ,no
F02568,2021-07-18,,17,Clean,NO
F04455,2025-03-28,40,,CLEAN,Yes
F02645,2020-10-02,43,3,dirty,NO
F00428,2020-10-27,41,30,Dirty ,NO
F03144,2022-10-28,34,48,needs cleaning,NO
F03688,2023-05-06,,16,needs cleaning,YES
F03666,2025-01-17,43,44,CLEAN,n
F00191,2025-09-22,39,29,CLEAN,NO
F03778,2022-07-12,43,22,Clean,No
F00984,2025-09-15,40,52,dirty,Yes
F00761,2025-04-12,36,54,CLEAN,YES
F03170,2020-04-09,42,15,OK,NO
F00288,2022-12-01,37,3,clean,yes
F03704,2023-10-26,41,54, ok,no
F01855,2025-04-06,44,14,CLEAN,NO
F00305,2024-12-01,43,1,dirty,No
F01082,2024-11-16,45,1, ok,y
F00784,2020-03-19,36,43,OK,n
F02667,2021-09-17,35,14,dirty,n
F01115,2024-04-14,43,3,dirty,YES
F03659,2021-02-02,34,15,,no
F03674,2020-05-09,35,52,CLEAN,no
F01253,2022-10-21,36,-5,CLEAN,no
F00889,2020-03-22,999,14,Clean,y
F02544,2021-07-25,42,22,clean,NO
F02275,2020-10-20,36,56,dirty,Yes
F04238,2023-06-17,38,3,OK,Yes
F01016,2022-12-02,38,,clean,Yes
F04129,2025-09-07,39,47,clean,no
F04443,2020-06-21,41,9,CLEAN,n
F03700,2024-03-19,33,9, ok,YES
F04333,2022-05-05,36,34,OK,Yes
F01931,2023-02-01,35,11,dirty,YES
F03712,2023-02-05,36,53, ok,yes
F04379,2022-01-19,41,34, ok,y
F01668,2025-05-10,35,35,OK,yes
F02181,2025-04-25,39,2,dirty,No
F04196,2021-04-18,41,22,clean,Yes
F00645,2020-12-10,42,44,clean,Yes
F02976,2024-09-23,35,19,CLEAN,no
F04433,2021-11-12,42,21,Clean,YES
F01672,2025-10-09,39,43,Clean,YES
F03546,2024-01-10,35,38,clean,yes
F04255,2023-03-13,38,6,dirty,yes
F02125,2021-10-20,37,52,Dirty ,n
F02225,2022-11-06,37,2,Dirty ,n
F03590,2021-05-05,45,4,clean,yes
F02199,2020-05-19,33,50,OK,NO
F03687,2021-05-16,33,37,needs cleaning,no
F00489,2021-03-13,39,16,clean,NO
F01094,2024-10-28,38,25,clean,No
F03050,2025-03-14,35,,needs cleaning,YES
F00452,2023-11-24,43,6,clean,NO
F04476,2021-05-14,33,42,CLEAN,no
F00774,2021-07-24,44,49,needs cleaning,no
F00316,2022-07-22,40,21,Clean,no
F04329,2021-11-19,38,55, ok,yes
F04313,2020-11-23,45,41,dirty,No
F03095,2024-06-03,44,30,clean,YES
F01143,2020-08-08,42,23,,YES
F01430,2021-03-20,44,23,dirty,YES
F04382,2020-10-04,34,45,Clean,no
F02428,2021-11-09,42,40,Dirty ,y
F02288,2024-05-07,45,44,OK,NO
F02928,2020-06-22,33,20,dirty,YES
F03043,2024-05-06,35,5, ok,No
F04117,2021-03-09,34,53,needs cleaning,n
F03466,2025-09-16,-50,47,Dirty ,No
F03379,2021-08-22,41,33, ok,No
F00089,2023-10-18,36,27,OK,YES
F02789,2024-07-09,45,59,needs cleaning,NO
F04000,2021-11-12,44,7,needs cleaning,Yes
F04046,2024-10-14,41,34, ok,Yes
F00509,2020-02-10,35,52,dirty,no
F04345,2024-04-22,37,38, ok,n
F03005,2022-02-13,40,12,OK,n
F02566,2025-04-19,42,25,clean,no
F03456,2021-06-02,36,3,CLEAN,Yes
F01982,2021-06-22,41,15,OK,Yes
F01132,2024-05-14,37,17, ok,YES
F02223,2024-03-27,35,40,dirty,NO
F04696,2021-04-22,44,37,,NO
F02290,2022-02-12,36,12,dirty,n
F02542,2021-09-07,38,16,CLEAN,Yes
F04857,2025-08-02,45,23,clean,y
F01348,2025-01-04,39,53,Clean,YES
F01850,2021-12-02,41,43,Dirty ,no
F02528,2020-06-08,43,55,Dirty ,n
F00973,2021-01-01,43,56,clean,yes
F03174,2022-12-03,41,25,clean,y
F02217,2022-12-19,38,6,dirty,YES
F02131,2025-07-02,38,30,needs cleaning,no
F02834,2020-03-12,,51,Dirty ,n
F00614,2020-02-16,43,57,CLEAN,Yes
F02937,2024-10-20,35,58,CLEAN,y
F04169,2023-11-21,40,2,needs cleaning,Yes
F03110,2020-07-26,36,34,dirty,yes
F00664,2020-12-21,36,31,CLEAN,Yes
F04108,2025-08-10,35,58,Clean,No
F04849,2021-09-04,35,25,Clean,Yes
F00238,2024-08-07,33,26,Clean,yes
F00470,2025-07-13,41,6,OK,Yes
F02211,2022-05-04,43,0,needs cleaning,y
F02143,2022-12-12,40,47,Clean,n
F01992,2024-10-24,44,56,needs cleaning,no
F04577,2024-03-27,36,34,OK,y
F09354,2022-12-02,38,2,Clean,Yes
F01180,2021-07-26,36,49,Clean,YES
F04601,2023-07-07,,35,Clean,no
F00902,2021-05-21,44,28,OK,NO
F00808,2021-05-26,40,26,clean,YES
F04660,2021-03-18,33,44,OK,YES
F04693,2024-03-16,36,55,Clean,n
F02090,2022-04-23,33,31,Clean,NO
F01887,2024-09-16,33,11,clean,y
F04008,2022-07-10,34,14,Dirty ,YES
F00498,2021-01-28,36,8,OK,n
F03255,2021-03-14,36,38,Dirty ,NO
F01820,2025-08-19,38,19,Dirty ,yes
F04235,2024-02-13,39,35,clean,n
F00821,2021-05-19,36,37,CLEAN,NO
F02406,2024-06-25,40,-5,Dirty ,yes
F00052,2022-12-24,36,50,CLEAN,YES
F01975,2021-06-14,39,22,needs cleaning,YES
F03356,2022-06-25,38,50, ok,No
F03914,2025-09-05,40,39,needs cleaning,YES
F01941,2024-06-17,44,38,CLEAN,yes
F01388,2024-04-26,43,60,Clean,no
F02814,2025-03-17,,50,,No
F03391,2020-01-10,38,28,clean,No
F02050,2024-04-02,43,31,OK,no
F01477,2023-06-20,36,42,clean,no
F02177,2023-04-13,41,6,dirty,NO
F01369,2025-09-14,42,32, ok,YES
F01205,2022-09-13,40,58,clean,NO
F00588,2020-02-08,45,10,dirty,yes
F03289,2024-06-01,35,58,Dirty ,Yes
F04285,2025-10-22,40,20,,Yes
F01480,2020-02-22,33,28,Dirty ,NO
F04150,2022-01-07,41,1,Dirty ,YES
F04749,2022-08-04,44,5,dirty,n
F04585,2024-10-25,41,52, ok,yes
F01520,2024-01-26,33,46,clean,no
F00275,2024-10-05,36,3,needs cleaning,Yes
F04786,2021-06-16,40,,needs cleaning,No
F02093,2021-09-09,35,18, ok,y
F03074,2023-05-09,45,48,OK,y
F04361,2022-09-03,44,33,dirty,YES
F00763,2020-03-16,36,21,Dirty ,Yes
F02013,2023-07-16,37,29,CLEAN,n
F04111,2020-06-26,36,41,clean,YES
F00381,2024-05-28,37,33,dirty,yes
F03413,2020-04-13,43,36, ok,yes
F00170,2024-10-26,36,25,needs cleaning,n
F01441,2023-10-02,37,18,OK,NO
F00254,2025-02-17,40,29,needs cleaning,y
F00098,2022-08-02,44,9,OK,NO
F00272,2025-11-13,38,17,CLEAN,Yes
F02419,2022-11-24,41,20,CLEAN,y
F00153,2024-07-14,34,99999, ok,y
F04185,2024-08-07,45,26,Dirty ,y
F00261,2023-09-20,42,16,dirty,yes
F02094,2024-01-06,35,4,Dirty ,y
F02499,2021-04-25,37,15,Dirty ,Yes
F02595,2021-11-11,34,20,CLEAN,Yes
F02092,2021-02-23,44,44,Clean,y
F02054,2022-12-07,38,30,Clean,No
F01751,2023-01-03,42,42,Clean,y
F02742,2020-10-03,37,9,Dirty ,No
F04791,2023-08-25,34,5,Clean,yes
F04889,2021-12-17,36,38,Clean,yes
F01598,2025-04-22,42,52,clean,YES
F01455,2024-07-07,33,53,OK,YES
F00035,2020-03-23,33,36,OK,y
F02579,2022-09-02,,15,clean,yes
F03911,2024-06-16,37,25,clean,NO
F01344,2023-04-28,43,49,CLEAN,YES
F01356,2022-08-03,33,39,Clean,No
F02659,2025-02-19,41,19,Dirty ,no
F09313,2020-02-15,42,5,Dirty ,n
F03165,2023-04-28,43,18,Clean,NO
F00972,2022-06-16,38,31,Clean,No
F03559,2023-09-07,43,32,dirty,y
F00301,2022-04-20,,43,OK,y
F02441,2021-03-21,41,13,clean,no
F04297,2023-07-04,38,48,OK,y
F02860,2021-04-06,44,99999,Dirty ,n
F04104,2022-12-28,34,48,OK,No
F02632,2024-08-14,42,10,dirty,no
F00809,2025-09-17,36,49,Dirty ,n
F02388,2025-09-12,37,8,OK,NO
F02413,2024-07-24,45,17, ok,no
F00109,2022-10-09,34,27,clean,y
F00080,2025-03-10,41,43,CLEAN,yes
F02088,2022-04-16,-50,27,CLEAN,YES
F01739,2021-11-28,41,43,Clean,n
F04662,2023-03-16,34,56,OK,YES
F00660,2022-10-13,42,6,Dirty ,NO
F01315,2023-02-27,35,54,CLEAN,y
F02879,2022-10-24,35,34,Clean,y
F03999,2023-11-16,45,57,needs cleaning,NO
F03057,2024-01-27,,15,dirty,NO
F00777,2025-08-17,33,14,needs cleaning,YES
F01744,2025-07-15,37,58,clean,yes
F01842,2024-07-10,37,59,CLEAN,y
F00788,2025-12-27,44,49,dirty,n
F01507,2021-05-25,40,48,OK,yes
F00252,2023-07-16,34,22,dirty,No
F02905,2021-09-07,38,35,Clean,y
F01942,2020-02-25,44,24,needs cleaning,YES
F04750,2023-02-22,34,37,dirty,Yes
F01936,2024-09-10,36,17,Clean,no
F02291,2025-12-18,41,32,Dirty ,No
F02973,2021-01-25,35,53,Clean,NO
F09531,2022-01-07,34,52,,no
F09908,2020-06-28,43,-5,Clean,YES
F03555,2022-12-22,39,49,Dirty ,yes
F01117,2023-10-02,36,21,needs cleaning,no
F00181,2025-01-09,43,14,OK,Yes
F00929,2022-05-10,41,23,,n
F01542,2023-08-04,38,99999, ok,y
F03422,2020-07-25,41,3,OK,no
F00418,2022-02-13,36,42,OK,NO
F02962,2023-04-17,33,35,Clean,Yes
F03908,2021-03-26,41,4,CLEAN,No
F01084,2025-01-11,38,54,needs cleaning,NO
F01184,2022-08-24,41,5, ok,Yes
F03690,2021-09-01,39,9,dirty,NO
F00154,2024-04-09,43,54,Clean,YES
F01588,2024-11-13,40,34, ok,yes
F04865,2021-08-09,40,31,needs cleaning,YES
F01496,2020-09-02,34,22,Clean,NO
F00245,2022-06-02,36,99999,clean,yes
F03965,2023-12-23,40,50,clean,Yes
F01619,2022-10-25,37,34,needs cleaning,No
F00357,2023-03-09,33,13,OK,No
F02490,2024-02-23,41,45,Dirty ,YES
F01107,2022-07-06,43,2,Dirty ,no
F01861,2022-10-03,33,11,OK,NO
F04431,2024-05-07,36,46,,yes
F01203,2021-01-15,44,21,CLEAN,NO
F01852,2021-06-14,41,39,OK,YES
F02944,2021-08-15,45,29,Dirty ,Yes
F00856,2025-07-11,36,57,Clean,yes
F03722,2024-01-16,43,17, ok,Yes
F00488,2025-12-15,,50,needs cleaning,YES
F04188,2023-03-19,41,44,dirty,y
F00307,2022-11-18,35,9,Dirty ,NO
F01657,2025-11-16,43,49,Clean,y
F03378,2023-03-28,41,18,CLEAN,NO
F02607,2021-03-18,38,17,clean,no
F00963,2021-12-18,33,19,OK,YES
F03406,2021-10-06,36,33,Dirty ,Yes
F02925,2021-02-20,36,9,,Yes
F01254,2021-09-15,44,47,clean,n
F00405,2023-12-22,45,21,Clean,n
F02128,2020-03-06,44,4,Clean,No
F03946,2023-08-05,33,37,dirty,YES
F03103,2022-01-16,42,2, ok,y
F04563,2023-06-27,35,42, ok,No
F03156,2023-05-19,45,32,needs cleaning,no
F01111,2023-10-05,36,25,CLEAN,Yes
F00852,2025-01-16,41,,OK,yes
F09356,2024-11-04,40,34,Clean,y
F03969,2024-05-25,41,56,dirty,y
F02238,2021-06-16,42,,CLEAN,no
F02986,2022-12-24,45,43,Clean,n
F02226,2020-06-21,41,3,Dirty ,n
F01503,2022-04-08,41,24,clean,n
F01040,2021-06-22,41,36,clean,y
F00637,2021-03-08,41,17,needs cleaning,yes
F00570,2023-10-08,34,10,CLEAN,yes
F00998,2024-11-06,34,12,,Yes
F01608,2022-06-04,42,54,Dirty ,Yes
F00870,2025-08-04,38,15,needs cleaning,yes
F01854,2023-05-09,34,17,clean,n
F02996,2020-05-19,33,20,needs cleaning,YES
F00016,2020-06-08,45,21,OK,y
F02301,2025-05-14,36,24,needs cleaning,yes
F01129,2021-09-02,,49,clean,no
F01815,2021-04-02,37,52,dirty,y
F01777,2021-05-05,44,51,CLEAN,Yes
F02777,2024-10-03,40,11,OK,yes
F01508,2020-12-03,44,28,Clean,NO
F01060,2021-06-14,37,9,OK,Yes
F03383,2025-04-15,43,39,Dirty ,Yes
F03288,2022-06-24,42,14,clean,Yes
F02383,2024-01-19,40,48,needs cleaning,No
F00980,2023-08-25,37,3,OK,YES
F04884,2021-11-25,35,11,Dirty ,y
F03746,2020-02-08,41,10,Dirty ,Yes
F03452,2021-11-21,39,49,dirty,n
F02702,2023-05-04,41,13,OK,n
F01501,2023-03-22,41,59,dirty,yes
F04835,2023-04-21,39,30, ok,NO
F02498,2025-10-15,36,4,clean,yes
F02687,2025-12-17,38,25,needs cleaning,Yes
F00011,2021-09-21,33,5,dirty,yes
F04478,2025-04-11,39,20, ok,No
F02589,2023-09-02,44,9,clean,Yes
F01855,2025-04-06,44,14,CLEAN,NO
F04637,2025-07-05,39,99999,CLEAN,no
F04764,2025-11-03,37,4,needs cleaning,YES
F01845,2022-07-12,33,51,dirty,n
F01655,2020-11-18,999,59,,No
F01837,2021-09-07,42,57, ok,y
F00183,2020-02-24,35,54,Dirty ,No
F00508,2024-12-19,44,23, ok,NO
F04509,2023-09-27,45,42,needs cleaning,YES
F02848,2024-05-27,44,20,CLEAN,No
F02863,2021-04-20,40,26,needs cleaning,n
F01662,2025-08-06,35,19,CLEAN,no
F09288,2024-01-26,44,39,OK,yes
F02079,2020-06-16,40,57,Clean,YES
F04570,2025-04-17,999,42,Clean,YES
F04454,2022-10-20,45,3,,n
F04003,2024-09-18,44,53,CLEAN,No
F01343,2024-01-16,,34, ok,NO
F03829,2025-10-27,41,4,CLEAN,no
F03332,2021-09-13,38,32, ok,n
F02979,2023-05-18,37,43,dirty,YES
F01870,2021-10-10,40,23,needs cleaning,yes
F01062,2022-10-23,45,55, ok,y
F03926,2020-09-03,45,49,CLEAN,YES
F00513,2021-06-23,,41,Clean,no
F03096,2020-08-02,39,51,Clean,Yes
F04819,2020-06-18,42,12,clean,Yes
F01654,2025-09-12,,44, ok,n
F02693,2021-04-22,34,,Dirty ,yes
F03437,2024-09-26,44,6,Dirty ,no
F01807,2021-12-08,39,18,needs cleaning,y
F03866,2021-11-17,35,37,OK,yes
F02117,2025-10-02,999,34,Clean,NO
F02174,2024-06-27,33,33,,No
F01076,2023-05-28,40,56,clean,No
F02355,2021-06-10,35,12,OK,NO
F02533,2023-04-03,38,21,dirty,yes
F04530,2021-10-17,44,12,Dirty ,yes
F02844,2025-12-26,40,10, ok,n
F00587,2025-05-01,33,40,clean,Yes
F01643,2022-09-11,41,20,Dirty ,yes
F01878,2022-09-27,33,38,Clean,NO
F02452,2020-01-08,44,11,OK,y
F02505,2023-02-24,43,5,clean,y
F00322,2024-08-03,39,1,clean,no
F03504,2022-02-03,36,15,dirty,YES
F01065,2021-01-06,45,15,Dirty ,YES
F01447,2022-04-18,44,,CLEAN,Yes
F01793,2021-03-24,35,35,dirty,y
F03716,2021-05-07,38,20,Clean,no
F03200,2020-09-17,,13, ok,n
F02124,2023-09-02,41,7,OK,Yes
F01915,2023-07-11,45,54,dirty,n
F04450,2022-08-27,36,59,Clean,no
F02243,2024-09-11,33,38, ok,y
F00790,2025-12-14,38,48, ok,No
F02604,2024-05-02,36,35,Dirty ,y
F01615,2023-08-10,44,,dirty,NO
F04208,2024-03-04,34,39,Clean,y
F00135,2020-10-10,44,2,dirty,no
F02805,2025-11-18,33,19,Clean,NO
F01676,2020-05-03,34,8,needs cleaning,NO
F03781,2020-11-08,35,57,needs cleaning,YES
F04895,2020-08-07,36,13,,yes
F04569,2021-11-17,38,46,Clean,n
F01433,2022-12-26,36,7,clean,YES
F00463,2025-06-20,33,53, ok,yes
F01263,2021-11-27,,99999,OK,No
F03815,2024-09-14,41,0,Dirty ,No
F04096,2021-01-12,35,27,dirty,YES
F00084,2023-10-08,44,5,Clean,Yes
F01715,2021-05-11,34,55,dirty,yes
F02000,2021-01-10,38,38,dirty,NO
F04493,2025-11-14,33,12,Dirty ,no
F02832,2020-09-26,35,34,CLEAN,NO
F00719,2023-12-07,45,99999,OK,n
F03737,2024-03-27,33,30,needs cleaning,No
F00822,2020-11-20,45,-5,clean,n
F01873,2023-07-05,34,30,Dirty ,no
F04797,2024-08-28,34,50,dirty,No
F00150,2025-08-16,44,13,Clean,No
F02792,2020-01-24,34,5,Clean,YES
F01736,2022-02-22,39,6,OK,No
F03978,2024-04-23,38,49,Clean,Yes
F03996,2025-09-10,44,53,clean,n
F00834,2025-03-06,35,27,Clean,Yes
F03012,2020-06-28,36,15,clean,no
F03695,2025-01-20,38,57,OK,Yes
F03651,2022-01-08,33,53,Dirty ,n
F04527,2023-04-16,43,19,needs cleaning,YES
F04070,2020-04-22,44,59,Dirty ,no
F03225,2020-07-25,39,46,CLEAN,no
F02728,2024-08-07,44,48,clean,no
F02646,2025-01-07,44,38, ok,n
F03311,2022-09-27,41,3,,YES
F01902,2022-01-16,38,36,Dirty ,NO
F00410,2022-12-27,38,59,dirty,n
F02390,2020-11-17,33,31,Clean,No
F01101,2024-10-09,43,23,CLEAN,YES
F04494,2023-07-18,34,31,dirty,No
F02477,2024-01-14,44,,CLEAN,y
F09520,2022-10-01,36,19,OK,yes
F03149,2022-12-19,37,33,clean,n
F01493,2024-06-15,-50,23,CLEAN,n
F02637,2022-06-16,42,2,OK,NO
F01686,2021-07-16,34,47,dirty,yes
F04760,2023-08-20,43,30,OK,no
F03527,2024-10-09,43,31,Clean,y
F01122,2024-05-15,37,22, ok,n
F04589,2022-01-04,39,45,Clean,NO
F01624,2023-02-11,38,59,needs cleaning,NO
F02397,2022-09-25,37,2,needs cleaning,No
F00994,2024-02-18,34,23,Dirty ,n
F01937,2022-07-15,34,35,needs cleaning,n
F00107,2025-07-14,36,3,dirty,n
F00032,2024-03-14,35,19,clean,NO
F04031,2021-03-12,39,29,OK,n
F02859,2025-02-25,45,17,clean,No
F04071,2022-10-15,38,60,clean,YES
F03301,2022-10-01,33,44,Dirty ,yes
F00639,2024-07-01,36,6,clean,no
F02614,2025-02-20,35,30,,Yes
F01473,2021-05-18,39,41,dirty,y
F01274,2021-11-01,37,45,Clean,NO
F00260,2023-11-14,36,3,,NO
F00481,2023-02-11,45,15,Dirty ,y
F03905,2021-10-09,36,27,,y
F01418,2020-03-02,43,18, ok,n
F02040,2022-10-03,35,18, ok,NO
F01637,2020-08-16,34,33, ok,YES
F00600,2020-11-10,38,23,Clean,no
F02876,2022-09-15,42,41, ok,NO
F00017,2021-03-12,35,41,OK,y
F02071,2025-08-02,45,35, ok,yes
F04197,2025-03-12,39,33,Dirty ,y
F04269,2024-04-19,34,45,OK,y
F03376,2025-01-25,42,29,Clean,YES
F03912,2021-09-07,42,5, ok,y
F03218,2021-08-24,45,19, ok,Yes
F01720,2022-03-04,38,60,Clean,n
F02812,2022-09-01,41,38, ok,no
F01489,2022-10-04,35,20,dirty,YES
F03320,2025-04-09,44,54,CLEAN,no
F04461,2021-06-22,39,36,dirty,y
F00487,2025-03-11,39,37,CLEAN,Yes
F00706,2025-09-20,43,,CLEAN,yes
F00578,2021-10-09,43,21,needs cleaning,yes
F02675,2020-09-08,34,37,clean,n
F02103,2021-01-20,37,46, ok,No
F00812,2021-08-14,38,12,dirty,no
F00787,2021-12-17,39,1,CLEAN,yes
F04672,2024-09-11,35,17,clean,NO
F03799,2021-11-10,36,37,Clean,y
F03683,2022-01-18,38,25,OK,y
F01725,2020-02-05,44,48,dirty,Yes
F04668,2025-01-20,43,37,Clean,YES
F03607,2020-10-26,33,15,dirty,Yes
F02707,2021-10-01,43,10,CLEAN,yes
F03834,2020-02-05,36,45,needs cleaning,n
F04695,2023-01-21,41,13,needs cleaning,YES
F00042,2022-06-06,38,29,Clean,yes
F00128,2024-01-18,35,18,dirty,yes
F00404,2021-07-12,41,17,,NO
F00792,2020-01-23,33,35,Dirty ,no
F03767,2021-06-02,42,48,OK,n
F01378,2021-08-11,37,9,Dirty ,YES
F03535,2024-05-01,43,5,clean,NO
F03477,2023-09-12,43,3,Dirty ,y
F00935,2022-09-03,36,8,needs cleaning,y
F02168,2020-12-25,33,14,,NO
F00817,2023-01-21,44,13,Dirty ,YES
F03844,2020-01-05,38,36,dirty,y
F02398,2025-10-05,40,24, ok,n
F01843,2023-10-08,40,60,needs cleaning,yes
F03402,2023-07-01,34,,Clean,YES
F02974,2020-01-05,41,56,needs cleaning,YES
F03749,2025-03-14,45,14, ok,no
F01255,2025-09-11,39,42,Dirty ,n
F04557,2020-12-16,40,39, ok,No
F03454,2025-11-17,37,40,needs cleaning,no
F04219,2023-11-15,43,15,clean,No
F04506,2023-06-06,45,6,Dirty ,no
F04561,2020-11-03,34,14,OK,y
F04370,2025-09-13,43,21,Clean,Yes
F01400,2024-02-11,37,41,OK,y
F00132,2022-10-22,33,19,clean,YES
F00424,2022-12-25,,29,Clean,NO
F02580,2025-02-02,38,3,clean,YES
F03253,2021-09-22,43,29,CLEAN,yes
F00810,2021-01-08,33,32,Dirty ,yes
F01981,2024-06-10,36,18,dirty,No
F02173,2025-06-15,38,43,dirty,n
F00749,2023-05-05,43,10,needs cleaning,YES
F04471,2021-08-28,34,7,CLEAN,No
F02151,2023-10-27,41,51,dirty,YES
F03233,2022-05-22,40,,OK,Yes
F00728,2022-06-15,40,28, ok,no
F00535,2023-10-21,34,31,OK,Yes
F02521,2021-04-17,36,7,Clean,y
F04384,2021-01-15,34,43,dirty,No
F04435,2024-11-28,38,23,clean,No
F03916,2022-04-27,37,16,CLEAN,YES
F02705,2021-02-06,39,22,dirty,no
F04411,2025-03-06,38,43,Dirty ,n
F02720,2020-08-06,38,52,CLEAN,No
F01771,2025-03-20,42,11, ok,NO
F01860,2020-09-10,37,34,Clean,y
F03094,2021-02-20,34,2,OK,YES
F03282,2020-09-08,37,12,dirty,y
F00895,2022-11-27,39,0, ok,no
F03766,2020-02-26,35,17,dirty,yes
F01698,2025-04-10,42,54,needs cleaning,YES
F02758,2020-09-12,33,10,Clean,no
F03066,2022-06-15,44,9,OK,n
F04627,2020-12-24,37,1,needs cleaning,No
F01075,2020-04-08,999,34,CLEAN,yes
F01579,2025-04-26,42,43,Clean,n
F00373,2024-01-24,39,9,clean,n
F00157,2025-03-06,34,55,CLEAN,NO
F04281,2020-05-10,40,49, ok,no
F03358,2021-07-28,45,45,Clean,no
F04838,2023-08-25,37,38,needs cleaning,No
F03954,2023-11-05,33,23,Clean,yes
F00027,2020-11-18,999,43, ok,Yes
F04399,2021-04-25,45,32, ok,no
F02111,2021-10-28,,7,OK,no
F01250,2020-05-26,39,43,Clean,No
F02239,2021-02-12,42,41,Clean,no
F02885,2025-04-15,37,3,,No
F04798,2023-11-11,40,56,dirty,yes
F01951,2020-04-28,39,56,Dirty ,no
F00966,2022-07-16,45,36, ok,y
F04182,2020-01-19,45,6,OK,no
F01292,2021-04-03,42,60,needs cleaning,YES
F03226,2024-10-07,43,53,CLEAN,Yes
F00219,2020-04-16,44,25,OK,y
F02169,2021-10-13,40,8,dirty,yes
F02474,2020-12-04,44,18,needs cleaning,YES
F01078,2025-06-21,33,27,OK,No
F04591,2024-05-17,43,21,OK,NO
F00292,2022-12-18,35,42,Dirty ,YES
F04258,2021-04-20,37,4,CLEAN,Yes
F02160,2020-09-04,41,99999, ok,YES
F03310,2022-02-25,42,34,dirty,YES
F02284,2020-11-06,42,26,Clean,YES
F02854,2022-10-11,37,10,Clean,YES
F03971,2020-03-16,34,36,Dirty ,y
F04777,2023-03-07,38,40, ok,YES
F02269,2023-11-23,35,13,,No
F02158,2022-06-24,40,6,dirty,No
F04896,2024-04-13,33,35,needs cleaning,yes
F01190,2021-11-15,42,20,Dirty ,yes
F03476,2024-12-19,37,17,OK,Yes
F03861,2025-08-06,38,26,dirty,Yes
F04871,2020-12-03,36,28,Dirty ,No
F04165,2022-01-10,38,11,needs cleaning,y
F02731,2023-10-19,44,47,needs cleaning,n
F02480,2024-03-02,40,28,CLEAN,n
F03803,2025-01-28,41,12,Dirty ,no
F00820,2022-03-16,34,36,clean,Yes
F01695,2021-07-27,36,43,needs cleaning,YES
F03157,2021-11-19,41,49, ok,yes
F00039,2023-03-13,33,56,CLEAN,yes
F02468,2021-04-19,42,19, ok,NO
F01810,2020-10-11,38,7,,No
F01257,2025-11-05,36,45,CLEAN,Yes
F04759,2022-08-20,37,28,Clean,NO
F02754,2024-08-21,-50,11,OK,y
F02901,2021-07-03,35,12,clean,n
F03297,2024-05-14,34,40,needs cleaning,no
F00503,2021-11-07,43,7, ok,NO
F03895,2020-04-07,36,17,needs cleaning,YES
F04816,2025-06-21,42,33, ok,Yes
F04501,2025-04-25,33,4,,n
F02298,2025-07-06,35,25,,y
F02665,2020-12-04,34,31,dirty,no
F03128,2021-07-12,34,36,,no
F03348,2021-01-14,39,42,CLEAN,YES
F01210,2022-12-22,39,10,needs cleaning,NO
F00267,2021-03-17,41,29,Dirty ,no
F03254,2020-03-07,35,21,,n
F02330,2024-08-11,35,29,CLEAN,NO
F01287,2024-01-25,39,19,dirty,y
F01827,2021-01-25,36,11,CLEAN,YES
F01789,2020-05-20,42,2,dirty,Yes
F01327,2023-03-08,38,26,CLEAN,Yes
F01694,2025-03-07,37,40,clean,y
F00365,2020-11-11,40,57,clean,no
F01560,2025-07-23,33,29,,yes
F04642,2025-12-14,43,5,Clean,Yes
F04572,2023-09-28,41,8,Dirty ,Yes
F01831,2021-03-07,39,56,clean,no
F00403,2020-01-10,39,44,dirty,NO
F02652,2023-06-25,36,59,clean,No
F00943,2021-12-18,44,47,dirty,y
F04098,2023-08-01,42,44,dirty,Yes
F01841,2023-02-18,,30,CLEAN,Yes
F04518,2024-02-21,36,26,clean,Yes
F03154,2020-09-08,34,40,OK,no
F02656,2020-01-09,42,53,CLEAN,y
F04425,2024-09-22,34,22,Dirty ,YES
F00747,2020-06-09,39,, ok,y
F02746,2021-09-07,33,3,needs cleaning,yes
F00077,2025-01-08,43,59,Dirty ,no
F03490,2020-08-03,40,54,clean,no
F03436,2022-08-14,43,54,CLEAN,y
F01194,2025-04-28,41,13,Dirty ,yes
F02959,2023-10-10,34,49,needs cleaning,Yes
F01003,2025-04-18,36,4,dirty,y
F04123,2024-06-27,38,2,dirty,YES
F01070,2020-10-14,38,7,OK,YES
F03753,2025-09-26,35,42,Clean,yes
F03570,2022-04-03,,8,Clean,Yes
F04638,2024-04-20,34,33,needs cleaning,n
F00992,2025-06-24,40,5, ok,no
F04741,2021-12-28,38,12,Clean,NO
F04831,2020-01-22,38,29,dirty,no
F04079,2020-08-24,40,5,CLEAN,No
F03198,2022-05-07,39,57,Dirty ,NO
F00744,2025-06-26,39,0,CLEAN,YES
F02747,2022-12-04,43,4,OK,No
F00770,2020-09-17,41,29,dirty,y
F04532,2023-05-09,40,5,CLEAN,yes
F03411,2020-09-04,43,5,Clean,no
F01925,2023-08-19,40,30,clean,No
F04526,2021-04-09,44,14,needs cleaning,no
F04102,2024-08-25,43,5,,n
F03537,2024-05-27,33,25,Dirty ,y
F03129,2025-08-17,45,11,needs cleaning,No
F02732,2023-07-01,45,,,y
F00269,2020-02-24,42,31,Dirty ,YES
F00896,2020-09-08,35,,OK,yes
F04151,2022-08-24,42,39,Dirty ,NO
F04224,2024-10-13,38,,Dirty ,yes
F04209,2023-12-26,45,58,OK,Yes
F03752,2022-08-08,35,37,CLEAN,yes
F02517,2024-07-05,35,33,Dirty ,YES
F02024,2024-01-03,38,44,Clean,y
F00546,2025-10-06,41,59,CLEAN,No
F03808,2021-09-25,33,8,clean,yes
F01866,2024-10-24,38,38,clean,no
F03202,2023-01-18,43,45, ok,YES
F01571,2024-04-24,35,8,Clean,no
F01606,2023-09-12,36,48,CLEAN,NO
F02252,2024-11-04,33,8,needs cleaning,n
F02945,2023-05-20,45,16,needs cleaning,y
F00396,2025-10-02,34,47,Dirty ,no
F03633,2020-06-18,39,44,needs cleaning,n
F02089,2021-05-02,33,17,dirty,Yes
F04228,2024-04-14,40,40,OK,No
F02497,2022-06-14,33,36,dirty,YES
F00846,2024-01-28,-50,17,CLEAN,yes
F01410,2022-10-20,42,,CLEAN,n
F03701,2023-05-17,45,29,needs cleaning,yes
F03444,2025-03-15,43,24,needs cleaning,no
F01882,2023-09-22,38,43, ok,y
F03415,2025-12-04,38,9,Dirty ,No
F04552,2023-11-17,39,60,needs cleaning,No
F02386,2022-10-26,41,3,dirty,Yes
F04794,2025-03-20,40,40,needs cleaning,Yes
F03635,2025-02-02,38,47,CLEAN,NO
F01242,2023-02-08,44,23, ok,no
F02308,2020-12-26,43,46,Clean,YES
F02085,2021-04-16,37,23,Clean,n
F03813,2022-04-18,36,52,CLEAN,Yes
F00013,2022-08-18,42,44, ok,No
F00663,2025-06-10,36,43,needs cleaning,yes
F03116,2024-07-09,44,16,Clean,yes
F01299,2021-12-06,45,26,Dirty ,YES
F03088,2022-03-01,34,15, ok,YES
F00601,2025-09-04,38,33,clean,no
F00828,2024-08-26,42,56,OK,NO
F01165,2025-05-12,45,23,Dirty ,Yes
F03186,2023-07-07,45,55,,Yes
F03647,2020-06-20,36,35,needs cleaning,Yes
F04564,2025-02-27,33,2,clean,n
F01573,2025-01-14,36,6,OK,YES
F01026,2020-04-09,43,3,CLEAN,No
F00081,2025-12-09,41,18,needs cleaning,NO
F03407,2020-09-22,37,51,OK,NO
F04419,2024-04-05,44,23,clean,n
F03285,2020-07-19,43,40, ok,YES
F01464,2023-08-09,45,28,,NO
F04147,2020-04-21,44,59,OK,Yes
F01471,2025-09-06,33,1,Dirty ,YES
F04424,2024-12-23,39,54, ok,n
F00173,2023-08-02,39,15, ok,no
F02724,2021-05-13,38,19,CLEAN,yes
F00938,2025-10-27,41,3,Clean,y
F00325,2024-10-21,41,52,dirty,YES
F01846,2021-09-20,37,42,needs cleaning,n
F04780,2021-09-11,45,42,Clean,y
F01228,2022-04-15,44,99999,Clean,n
F01947,2022-09-02,45,60, ok,No
F02501,2021-06-18,35,15,Clean,y
F01976,2021-04-05,43,15,Dirty ,n
F09539,2024-10-21,43,37,needs cleaning,no
F03545,2020-05-07,45,3, ok,No
F03500,2022-01-13,33,49,Clean,Yes
F04548,2020-03-10,42,16,Clean,YES
F03824,2021-09-10,35,59, ok,Yes
F04629,2025-03-25,36,5,Clean,No
F04239,2024-01-09,35,51,Dirty ,n
F02745,2020-08-13,36,,needs cleaning,y
F02020,2023-03-13,36,22,dirty,NO
F01227,2022-02-22,34,9,Clean,yes
F00478,2021-08-05,37,23, ok,YES
F04490,2021-02-17,43,37,Dirty ,yes
F01240,2024-05-21,,,needs cleaning,Yes
F00572,2024-04-14,35,19,Dirty ,yes
F04140,2022-12-16,44,15, ok,no
F09357,2021-09-21,45,36,needs cleaning,YES
F01283,2022-10-07,45,20,Dirty ,n
F00358,2023-07-26,36,28,CLEAN,y
F04099,2024-12-01,34,40,clean,No
F02727,2022-07-18,39,33,clean,Yes
F00300,2022-08-06,38,57,CLEAN,No
F01439,2024-07-07,,34,Dirty ,No
F00327,2025-05-03,45,39,needs cleaning,YES
F00540,2025-01-25,45,30,Dirty ,Yes
F02965,2023-05-23,37,48,Dirty ,No
F00367,2023-01-23,41,39,Dirty ,no
F03307,2021-01-20,37,40,needs cleaning,Yes
F02393,2021-02-19,40,,Clean,NO
F03155,2023-02-16,33,6,clean,Yes
F04474,2022-12-24,43,51,clean,YES
F00556,2021-09-16,37,56,dirty,yes
F04825,2023-11-21,41,,needs cleaning,no
F03178,2023-07-05,42,7,CLEAN,Yes
F01120,2025-12-23,33,20,clean,No
F00218,2023-05-25,44,43, ok,YES
F03839,2024-06-02,43,26,dirty,No
F04261,2022-06-02,36,38, ok,y
F00195,2021-01-12,999,57,CLEAN,Yes
F04610,2020-08-15,36,2, ok,Yes
F02129,2020-09-09,36,9,OK,NO
F04628,2023-09-10,34,17,Dirty ,Yes
F01726,2024-07-07,35,0,OK,no
F00745,2022-02-07,43,50,needs cleaning,No
F04536,2021-03-10,44,34,needs cleaning,NO
F03959,2024-05-05,40,39,clean,n
F02762,2021-08-28,34,18,clean,yes
F01792,2025-07-06,36,51,CLEAN,no
F00331,2020-03-03,42,21, ok,yes
F03229,2021-04-12,44,10, ok,yes
F04827,2021-05-24,41,38,OK,no
F02809,2020-11-11,43,23,needs cleaning,Yes
F00303,2024-06-21,42,20,Dirty ,n
F02108,2020-04-08,43,24,CLEAN,n
F02771,2025-06-26,36,3,,No
F00813,2023-10-26,34,18,CLEAN,NO
F00346,2021-12-16,38,-5,OK,no
F04451,2022-11-08,41,2,Clean,NO
F00559,2021-08-02,36,19,Clean,no
F01646,2022-03-02,45,7,Clean,yes
F02494,2024-08-16,43,20,Dirty ,no
F00263,2020-06-02,45,40,Clean,YES
F01361,2025-09-24,38,36,dirty,Yes
F03640,2021-12-13,35,24,Dirty ,yes
F01428,2020-04-01,39,7,dirty,yes
F03900,2023-04-03,39,59,CLEAN,n
F03998,2025-10-04,36,29,CLEAN,NO
F00948,2024-07-03,42,1,Clean,Yes
F02953,2024-01-23,34,44,clean,NO
F03471,2024-12-10,34,47,dirty,No
F04667,2020-11-09,35,36,CLEAN,no
F04429,2021-11-14,45,38,needs cleaning,YES
F01733,2022-04-10,44,60,clean,yes
F03789,2021-10-11,38,9,needs cleaning,Yes
F03562,2023-08-24,41,16,needs cleaning,YES
F00451,2021-01-26,45,47,needs cleaning,YES
F00385,2023-03-11,36,1,,Yes
F00344,2022-09-09,38,6,CLEAN,NO
F00919,2025-05-18,41,9,needs cleaning,yes
F03810,2022-02-07,40,13,OK,No
F03484,2020-09-20,35,5,dirty,n
F04091,2020-12-24,34,22,Dirty ,No
F00782,2023-12-08,37,28,OK,yes
F00163,2023-03-13,43,6,clean,Yes
F09372,2022-01-28,37,21,clean,y
F03805,2025-03-09,35,41,OK,NO
F00860,2020-05-04,36,40,,NO
F04013,2021-12-05,43,48,,Yes
F03251,2023-07-19,38,36,Clean,no
F03263,2021-05-27,39,53,dirty,No
F01133,2025-02-27,,38, ok,no
F03667,2025-06-12,44,11,clean,YES
F00863,2023-05-16,43,7,OK,Yes
F04837,2023-08-13,34,27,clean,Yes
F04444,2024-04-24,39,30, ok,NO
F03208,2023-12-22,37,22,Dirty ,no
F02601,2023-01-01,34,41,Clean,YES
F01411,2023-06-10,34,25,OK,NO
F00939,2023-10-21,35,, ok,Yes
F09332,2024-04-02,35,32,dirty,NO
F02342,2022-09-25,33,40,clean,n
F04528,2025-05-01,,20,Dirty ,y
F03521,2024-10-05,38,35,needs cleaning,y
F01877,2023-08-17,45,4,CLEAN,n
F02309,2021-08-05,41,36,Clean,YES
F00930,2023-06-05,45,3,needs cleaning,Yes
F00387,2020-07-11,34,58,CLEAN,YES
F02546,2025-03-10,39,21,OK,No
F02138,2025-05-08,45,29,OK,Yes
F02236,2020-05-06,40,52,OK,n
F00968,2022-01-02,39,11,Clean,n
F09376,2023-07-14,35,56,needs cleaning,YES
F02883,2024-03-25,41,54,Clean,no
F02154,2025-07-12,39,22, ok,n
F02710,2021-11-09,37,38,clean,YES
F00909,2024-06-27,38,20,needs cleaning,Yes
F01706,2021-12-22,33,2, ok,yes
F00152,2022-10-16,38,,Dirty ,NO
F04306,2023-05-20,44,49,CLEAN,n
F00500,2021-06-07,40,51,clean,YES
F04254,2022-04-11,43,27,OK,no
F04817,2025-05-12,44,25, ok,y
F03098,2022-08-13,-50,7,clean,yes
F02975,2021-01-23,43,6,Dirty ,No
F02358,2024-07-01,36,16, ok,No
F04418,2022-03-05,40,39,Clean,yes
F02661,2023-05-14,36,25,dirty,No
F04274,2025-06-28,38,24, ok,yes
F00867,2021-06-26,36,23,clean,NO
F00923,2025-01-19,38,59,CLEAN,n
F01880,2024-11-11,44,16,dirty,No
F02060,2024-07-03,41,39, ok,y
F03025,2023-12-27,33,24,Dirty ,y
F02797,2020-07-16,37,24,Clean,n
F03881,2023-08-01,36,41,needs cleaning,y
F02813,2023-07-28,35,,OK,No
F04119,2024-06-12,44,,dirty,no
F02482,2025-07-11,41,42, ok,NO
F00580,2025-05-19,38,47,clean,y
F04757,2025-02-15,-50,40,OK,n
F02969,2020-09-01,33,52,CLEAN,Yes
F03599,2022-06-23,40,59,Dirty ,n
F00059,2021-04-08,38,23,Clean,no
F00070,2021-12-12,38,34,OK,no
F03063,2020-10-16,45,13,clean,no
F04861,2023-06-08,42,20,Clean,n
F02523,2024-07-23,45,45,OK,no
F00407,2024-07-28,44,43, ok,n
F02940,2022-11-28,41,8,,Yes
F03583,2021-07-13,35,29,CLEAN,n
F00941,2022-05-25,34,14,Dirty ,No
F02055,2021-09-17,,48,clean,No
F02906,2024-02-04,37,7,dirty,n
F03082,2024-08-02,35,1,OK,YES
F00715,2023-04-19,42,13,Dirty ,NO
F04079,2020-08-24,40,5,CLEAN,No
F03056,2020-01-28,41,60,Dirty ,YES
F02833,2023-09-19,43,40,dirty,NO
F01470,2025-10-27,41,33,Clean,y
F01776,2025-05-20,38,16,needs cleaning,n
F00917,2025-11-09,38,41,Dirty ,Yes
F01036,2024-09-07,41,10,OK,yes
F00903,2021-05-02,37,44,dirty,YES
F00687,2025-04-19,37,15, ok,y
F02989,2024-05-09,35,0,clean,Yes
F04609,2020-08-04,43,16,OK,YES
F04468,2021-08-19,33,5,clean,No
F01108,2023-03-03,,9, ok,no
F02156,2025-01-11,43,22, ok,Yes
F03341,2020-11-14,45,34,clean,y
F04324,2022-10-04,40,20,Clean,n
F03780,2023-02-23,40,56, ok,No
F02450,2021-04-02,999,51,needs cleaning,no
F04371,2023-12-27,,52,dirty,no
F00912,2023-05-03,33,9,needs cleaning,No
F03470,2021-08-13,33,20,Clean,Yes
F00161,2021-06-21,40,,dirty,Yes
F03681,2023-01-14,999,3,clean,n
F04144,2020-09-27,37,9, ok,no
F01352,2022-11-24,42,15,clean,no
F04657,2025-08-03,38,47,Clean,n
F04236,2024-03-08,43,21,OK,no
F02527,2025-02-02,34,16,,YES
F02894,2020-03-09,37,33,clean,NO
F00789,2022-09-23,45,1,dirty,yes
F02586,2022-11-13,,16,Clean,Yes
F01302,2024-09-25,,54,OK,n
F01930,2023-06-26,,99999,Clean,Yes
F03104,2024-11-21,41,35,CLEAN,n
F02008,2024-04-07,36,19,clean,No
F03950,2020-04-07,39,45,needs cleaning,y
F04139,2021-12-15,45,53,Clean,YES
F03173,2025-07-28,36,33,CLEAN,y
F02662,2022-12-16,34,40,clean,y
F04826,2022-11-12,39,31,Clean,yes
F01258,2020-11-04,42,12,needs cleaning,Yes
F03084,2022-12-23,39,12,clean,no
F01192,2020-02-14,38,40, ok,yes
F01484,2021-07-05,44,54,,y
F01734,2022-11-20,39,4,clean,YES
F03920,2024-06-13,45,,needs cleaning,NO
F03426,2020-09-21,42,31,needs cleaning,YES
F02011,2021-06-17,37,46,OK,NO
F09321,2025-07-27,38,23, ok,Yes
F02930,2022-03-01,40,12, ok,y
F00348,2025-02-18,36,47,Dirty ,no
F00864,2020-11-13,35,37,clean,n
F00621,2023-03-07,33,14,clean,NO
F00184,2022-11-22,42,27,Clean,no
F02325,2025-05-22,40,29, ok,YES
F03161,2022-04-18,40,58,Clean,y
F02768,2022-06-17,37,28,Clean,yes
F00684,2025-07-15,41,20,Clean,YES
F03319,2021-07-22,45,39,dirty,no
F03972,2020-09-13,43,60,OK,NO
F02850,2023-08-26,38,34,CLEAN,NO
F03630,2024-01-16,41,51,Dirty ,NO
F01616,2025-11-04,45,,dirty,NO
F00857,2022-05-12,,16,Clean,yes
F00189,2021-04-08,36,32,clean,yes
F00851,2021-12-01,40,44, ok,No
F02603,2022-12-12,41,2,dirty,Yes
F00644,2021-08-19,36,21,OK,y
F01543,2024-09-22,44,55, ok,NO
F03648,2022-03-05,40,9,dirty,no
F00537,2024-01-03,41,14,Clean,NO
F02475,2020-01-13,34,14,OK,n
F04772,2023-02-08,45,10,OK,no
F01798,2021-04-08,41,38,Dirty ,y
F02723,2020-01-19,40,52, ok,n
F03199,2022-09-10,37,23,Dirty ,NO
F00034,2020-02-18,41,23,needs cleaning,YES
F03495,2022-06-02,44,40,Clean,No
F03314,2024-03-11,45,23, ok,No
F01953,2023-12-08,37,30, ok,No
F01879,2021-05-24,43,41,Dirty ,y
F01001,2021-02-13,37,16,dirty,yes
F02680,2023-01-11,37,32,OK,no
F01246,2023-06-28,38,7,Clean,NO
F03949,2020-11-10,35,8,Clean,Yes
F00532,2023-07-24,40,6,needs cleaning,YES
F02933,2021-08-07,41,17,clean,n
F04410,2021-05-26,39,17,OK,n
F03140,2022-02-10,45,17,dirty,YES
F02506,2024-04-22,33,41,Dirty ,Yes
F03555,2022-12-22,39,49,Dirty ,yes
F02051,2024-12-03,42,38,Dirty ,yes
F01175,2022-04-14,34,,CLEAN,n
F03416,2025-02-20,34,6,OK,yes
F03206,2020-10-12,39,29,CLEAN,y
F03242,2025-07-18,44,19,OK,y
F04688,2025-04-26,35,7,needs cleaning,y
F04634,2021-12-23,36,10,needs cleaning,y
F04222,2021-05-22,33,20,clean,yes
F01802,2023-02-19,35,0,clean,yes
F01027,2024-06-18,45,7,needs cleaning,no
F09063,2024-07-28,45,7,CLEAN,NO
F02140,2021-01-24,,6,dirty,No
F09549,2021-03-09,40,5,CLEAN,yes
F02415,2024-05-11,38,47,Dirty ,No
F01414,2025-02-13,43,27,OK,YES
F01586,2020-05-05,36,31,CLEAN,Yes
F02650,2020-04-25,41,7,Clean,yes
F03852,2022-08-17,33,45, ok,y
F03879,2022-10-07,37,33,needs cleaning,no
F02794,2022-04-06,39,32,Dirty ,n
F01991,2022-08-19,43,2,Dirty ,YES
F01151,2022-01-18,37,3,Clean,no
F04256,2021-07-13,44,60,Dirty ,y
F04421,2025-06-04,34,39,CLEAN,no
F01849,2024-10-07,33,14,Dirty ,No
F03354,2020-08-17,,58,needs cleaning,no
F01564,2022-01-24,37,8,CLEAN,Yes
F02781,2020-12-08,37,34,Dirty ,No
F04278,2021-10-18,36,25,CLEAN,NO
F03011,2022-11-06,43,60,clean,y
F02587,2020-11-08,35,29,needs cleaning,YES
F03111,2022-03-22,45,25,needs cleaning,no
F00049,2021-01-28,33,37,Dirty ,no
F00265,2020-10-02,41,37, ok,No
F01539,2025-11-23,37,43,CLEAN,No
F02783,2020-11-01,39,37,Dirty ,n
F03393,2023-06-01,43,60,,y
F03257,2020-01-08,35,51,clean,Yes
F01195,2020-02-12,42,46,OK,No
F03723,2025-01-07,35,1, ok,no
F01803,2020-04-04,34,27, ok,y
F04403,2022-07-15,44,53,Clean,y
F02421,2024-03-03,40,26,Clean,YES
F02470,2020-10-12,44,56,CLEAN,y
F03603,2021-10-09,34,15,dirty,y
F02779,2020-11-23,42,27,Clean,yes
F01399,2025-02-14,33,33,needs cleaning,No
F00188,2024-08-10,35,57,needs cleaning,NO
F02022,2023-03-23,34,17,CLEAN,no
F01998,2021-12-07,43,6,dirty,y
F02209,2020-12-02,,24, ok,yes
F00611,2024-10-21,36,22,Dirty ,NO
F04804,2022-11-23,42,4,Dirty ,YES
F02412,2020-07-26,39,25,OK,NO
F02447,2025-11-01,44,16,CLEAN,n
F00646,2020-11-28,35,20, ok,y
F00388,2025-11-26,39,35,needs cleaning,yes
F03519,2022-06-19,40,17,CLEAN,Yes
F01881,2020-04-12,41,50,CLEAN,no
F02070,2024-04-04,45,46,needs cleaning,no
F09941,2021-07-08,37,18,needs cleaning,y
F01193,2022-11-16,35,52, ok,no
F01595,2024-12-19,39,44,OK,n
F03777,2020-12-28,35,8, ok,No
F01712,2020-09-14,38,16,Dirty ,n
F02395,2022-08-08,34,22,clean,NO
F03713,2023-07-05,35,2,OK,n
F04330,2020-02-20,36,23,dirty,no
F01069,2023-12-26,34,45, ok,yes
F04279,2025-02-05,45,17,Clean,y
F03036,2021-11-08,45,39, ok,Yes
F04811,2022-08-24,41,46, ok,Yes
F01901,2020-11-14,37,,needs cleaning,YES
F03399,2025-07-01,39,40,clean,y
F01869,2021-12-18,38,27, ok,No
F03428,2024-03-25,45,2,CLEAN,NO
F04391,2022-07-06,45,38,Clean,n
F00704,2021-01-22,999,7,CLEAN,NO
F00286,2025-04-04,34,10,OK,Yes
F04203,2024-11-17,40,37,OK,yes
F02081,2020-08-27,33,13,clean,yes
F01688,2025-04-21,34,47,dirty,no
F00778,2021-04-15,35,29,needs cleaning,No
F03662,2025-03-26,41,16,OK,n
F03100,2021-12-23,35,11,needs cleaning,YES
F03424,2024-02-21,37,15,Clean,YES
F02052,2025-01-02,45,30,Clean,Yes
F00695,2024-01-27,42,35,dirty,Yes
F03580,2022-03-05,36,3, ok,NO
F03187,2023-09-28,34,60,Dirty ,No
F03899,2024-10-17,37,44,Clean,Yes
F01844,2022-02-26,39,45,Dirty ,YES
F01918,2021-01-09,,5, ok,YES
F04867,2021-04-16,35,52,,yes
F02641,2025-05-26,41,13,,yes
F01647,2024-08-18,42,53,dirty,YES
F00139,2021-04-18,34,60,CLEAN,no
F02264,2025-08-03,,14,Dirty ,YES
F03240,2025-11-16,40,46,,No
F02049,2022-12-14,41,43,clean,No
F01871,2020-11-19,36,18,clean,No
F01008,2024-01-28,36,58,CLEAN,No
F01238,2024-05-18,44,45,Dirty ,y
F02952,2021-01-24,34,50, ok,Yes
F04133,2021-05-26,36,4,Dirty ,No
F04034,2021-12-08,34,27,CLEAN,YES
F00079,2022-04-27,44,11,OK,NO
F09350,2024-11-15,44,40,dirty,yes
F02044,2022-04-22,33,44,Clean,Yes
F00545,2024-04-11,34,59,clean,y
F01966,2021-05-21,42,14,CLEAN,y
F03410,2023-04-15,44,11,needs cleaning,Yes
F02682,2025-06-21,39,13, ok,n
F02205,2025-08-22,40,58,Dirty ,yes
F01666,2022-06-09,33,53,Clean,y
F04702,2021-01-19,37,13,CLEAN,n
F03130,2020-09-10,35,24, ok,yes
F02585,2022-02-11,39,38,clean,YES
F01372,2024-06-02,35,11,OK,YES
F00942,2024-03-01,34,7, ok,n
F02261,2021-10-16,44,0, ok,n
F01183,2023-01-01,42,40,needs cleaning,n
F01753,2025-06-25,36,13, ok,no
F02616,2021-04-28,42,5, ok,Yes
F02189,2025-03-08,42,21,needs cleaning,no
F00880,2024-01-02,43,48,clean,y
F00317,2022-10-17,41,31,clean,n
F01495,2025-10-02,33,43,OK,yes
F00162,2022-09-28,34,54,dirty,YES
F00425,2024-12-11,42,8,CLEAN,Yes
F00442,2024-04-27,44,59,Clean,yes
F04863,2022-05-19,39,6, ok,n
F00675,2022-05-09,41,55,OK,yes
F04710,2022-04-02,38,19,clean,No
F01265,2025-01-09,34,48, ok,NO
F01649,2021-05-16,35,10,clean,YES
F03260,2022-09-03,40,46,clean,y
F04039,2025-05-26,36,13,CLEAN,NO
F01988,2025-12-28,41,1,OK,Yes
F01590,2020-11-16,34,60,clean,yes
F04136,2023-02-08,35,57,,No
F01182,2025-01-05,43,21,CLEAN,NO
F02843,2023-05-10,45,52, ok,NO
F02334,2021-11-20,40,43,Clean,yes
F00674,2020-03-10,39,56,Clean,no
F00142,2021-11-15,35,41,CLEAN,No
F00516,2025-07-10,34,17,,n
F03127,2021-12-09,36,21, ok,YES
F02638,2022-07-18,43,48,Dirty ,no
F02006,2022-11-12,45,45,clean,y
F00814,2022-04-06,36,1, ok,yes
F02520,2020-02-01,34,15, ok,YES
F00573,2023-06-05,39,25,needs cleaning,yes
F03614,2024-05-10,44,28,Dirty ,yes
F00879,2020-06-13,43,57,Dirty ,No
F04243,2024-11-07,37,16,Dirty ,Yes
F04852,2023-06-10,37,39, ok,No
F00661,2024-10-26,42,47, ok,Yes
F03349,2020-04-14,41,60,OK,n
F02476,2022-03-02,45,10,needs cleaning,NO
F01528,2022-07-19,40,52,clean,NO
F04131,2025-04-07,35,53, ok,yes
F02074,2023-09-05,33,17,Clean,NO
F04302,2024-03-01,34,13, ok,No
F03179,2024-09-05,34,55,Clean,NO
F02562,2024-11-07,34,56,CLEAN,No
F00758,2025-03-24,,23,needs cleaning,NO
F00426,2023-06-26,37,10, ok,Yes
F01523,2020-04-05,33,48,CLEAN,yes
F04231,2020-09-24,42,35,OK,Yes
F03956,2023-11-16,34,53, ok,Yes
F01907,2022-08-25,45,7,needs cleaning,No
F03571,2020-11-09,40,11,CLEAN,YES
F04456,2021-10-25,39,46,CLEAN,No
F03510,2022-11-16,40,0,clean,y
F04177,2025-10-21,33,,OK,No
F03705,2025-11-12,36,45,needs cleaning,y
F01350,2025-02-20,44,60,Dirty ,yes
F01767,2023-08-06,37,14,clean,YES
F01121,2024-01-27,35,46, ok,no
F03547,2025-02-18,40,56,CLEAN,no
F02364,2024-11-24,40,22,dirty,Yes
F02118,2025-01-04,36,58,needs cleaning,y
F03055,2022-01-11,40,37,dirty,Yes
F01187,2022-01-18,43,58,Dirty ,Yes
F02183,2020-01-25,36,54,OK,yes
F04234,2020-05-13,35,57,dirty,no
F03929,2020-09-24,41,45,clean,yes
F02466,2025-10-24,42,38,clean,YES
F04459,2025-10-05,43,49,Dirty ,YES
F04800,2021-10-08,45,23,Dirty ,No
F00394,2025-10-11,36,19,Dirty ,y
F00878,2023-04-12,43,22,Dirty ,n
F03507,2021-02-11,40,17,Dirty ,n
F02987,2022-06-11,41,60,needs cleaning,NO
F00448,2020-07-10,36,41,OK,yes
F02503,2020-03-27,41,53, ok,no
F04500,2020-07-09,35,38,CLEAN,yes
F02948,2021-06-01,43,45,Clean,y
F02277,2024-09-26,35,1,clean,y
F01605,2025-06-12,38,35,needs cleaning,No
F01246,2023-06-28,38,7,Clean,NO
F00865,2025-05-20,45,24,dirty,no
F04404,2023-02-11,44,37,needs cleaning,no
F03538,2021-04-16,37,34,needs cleaning,n
F04030,2024-02-21,38,39,Dirty ,No
F04604,2024-10-07,41,5,OK,No
F00328,2025-03-10,33,45,Clean,yes
F00409,2025-07-11,34,22,dirty,Yes
F02725,2021-11-11,42,44,dirty,No
F01704,2020-02-20,39,27,CLEAN,Yes
F04402,2020-02-11,34,32,CLEAN,YES
F02331,2024-12-03,37,33, ok,n
F04470,2024-12-28,34,3, ok,NO
F00466,2025-04-21,,23,needs cleaning,yes
F00270,2024-04-28,34,11,OK,NO
F04310,2023-09-03,42,0,Dirty ,no
F04675,2023-07-20,,46,OK,y
F02323,2025-04-18,44,8,clean,Yes
F01800,2022-01-25,33,22,OK,Yes
F01601,2020-06-16,34,29, ok,y
F04876,2025-11-06,44,2,CLEAN,NO
F04473,2025-11-06,,31,clean,YES
F01266,2024-11-05,39,28,Dirty ,no
F04268,2025-02-25,41,50, ok,Yes
F00672,2022-09-05,34,25, ok,Yes
F00103,2020-02-05,34,45, ok,n
F01482,2024-04-26,35,45,OK,no
F00767,2022-03-11,,47,OK,y
F02317,2021-06-07,,48,CLEAN,Yes
F00764,2020-06-15,43,47,CLEAN,y
F02538,2021-07-22,42,5,Dirty ,y
F00955,2024-10-20,33,-5,Dirty ,no
F00190,2020-06-18,-50,38,clean,YES
F04580,2023-06-05,34,57,CLEAN,No
F04774,2023-07-22,35,59,Clean,YES
F09291,2024-09-08,40,0,clean,YES
F04317,2024-07-24,43,22,clean,yes
F04602,2024-05-15,34,9,,n
F03027,2025-08-21,,39,Clean,NO
F04598,2021-01-21,36,22,OK,yes
F00143,2024-01-09,41,29,needs cleaning,NO
F03197,2023-01-05,42,12,OK,Yes
F03629,2020-07-25,33,46,CLEAN,No
F01659,2024-07-05,,34,Dirty ,yes
F04284,2025-12-12,41,26,needs cleaning,y
F02032,2022-11-17,42,42,OK,No
F01661,2022-06-10,44,2,OK,y
F02262,2024-12-07,44,9,CLEAN,yes
F02272,2022-02-04,40,59,Dirty ,No
F01550,2025-05-20,34,38,Clean,yes
F03169,2022-01-10,41,19,Clean,n
F00155,2022-01-23,-50,41,Dirty ,n
F02432,2020-08-07,40,35,clean,yes
F03269,2023-05-13,40,56,CLEAN,YES
F03909,2023-02-15,-50,16,OK,No
F03213,2021-09-10,,19, ok,Yes
F00762,2022-10-11,44,46, ok,n
F03749,2025-03-14,45,14, ok,no
F01531,2020-11-17,33,31,dirty,YES
F04505,2025-02-07,34,40,clean,YES
F01468,2025-10-03,34,48, ok,YES
F01687,2022-05-06,33,52,OK,yes
F02387,2022-02-20,43,24,Dirty ,Yes
F02084,2025-12-24,35,27,Dirty ,yes
F00986,2022-03-22,41,40, ok,YES
F03865,2023-01-27,37,20, ok,Yes
F04385,2022-07-02,37,15,OK,no
F03637,2025-05-13,36,42,Dirty ,No
F00014,2025-12-25,39,38,Dirty ,n
F02669,2022-06-07,44,2, ok,Yes
F03930,2023-05-23,42,48,,y
F03293,2022-07-19,34,56,Dirty ,NO
F03333,2024-11-21,34,10,clean,No
F04513,2020-04-25,45,41,Dirty ,YES
F03630,2024-01-16,41,51,Dirty ,NO
F01622,2020-06-17,44,28,,NO
F04805,2023-01-11,42,16,needs cleaning,Yes
F01466,2022-02-04,43,18,CLEAN,Yes
F09161,2024-03-24,41,24, ok,NO
F03550,2021-08-02,34,38,needs cleaning,yes
F01890,2020-11-17,42,1, ok,no
F04833,2024-10-19,40,27,clean,No
F01928,2025-10-24,44,27,CLEAN,no
F04457,2024-10-05,40,39,OK,no
F01247,2024-08-01,35,51,OK,yes
F02767,2020-08-21,39,21,dirty,y
F02835,2022-09-15,999,23,Clean,NO
F03039,2024-06-12,39,52,CLEAN,No
F02132,2024-01-06,35,38,needs cleaning,NO
F04864,2024-06-14,40,27,Dirty ,NO
F02062,2023-04-02,38,6,CLEAN,No
F00071,2024-01-22,39,-5,Clean,no
F04128,2024-02-13,43,16,Dirty ,yes
F02825,2023-03-16,34,38,CLEAN,Yes
F04154,2025-02-19,45,52,dirty,Yes
F01128,2025-10-04,38,19,OK,YES
F04242,2021-04-03,35,46,Dirty ,yes
F01269,2023-09-05,41,59,OK,no
F03720,2021-08-27,43,21,OK,YES
F04802,2022-07-26,43,32,needs cleaning,no
F03939,2021-03-21,44,60,Dirty ,y
F04303,2025-10-26,39,59, ok,Yes
F03677,2020-05-19,39,29,needs cleaning,no
F03708,2023-04-05,39,,needs cleaning,y
F04814,2020-11-23,37,4,,No
F04772,2023-02-08,45,10,OK,no
F01492,2024-07-26,37,44,clean,Yes
F03943,2021-09-13,,1,OK,y
F00065,2025-03-10,36,26, ok,No
F02981,2023-04-23,39,43,needs cleaning,no
F00501,2020-09-27,43,47,CLEAN,y
F03118,2022-09-09,33,58,clean,YES
F01345,2023-07-02,-50,10,Dirty ,Yes
F09459,2025-12-07,39,0,dirty,Yes
F01962,2021-01-15,45,41,CLEAN,NO
F03579,2024-03-07,35,52,Dirty ,no
F03232,2021-08-04,34,47,OK,yes
F03884,2024-06-24,,15,,YES
F00835,2022-07-08,33,31,clean,NO
F02410,2024-02-16,35,45, ok,no
F04787,2021-01-19,42,55,needs cleaning,y
F03849,2023-09-19,43,16,needs cleaning,yes
F02350,2025-09-22,44,34,Dirty ,YES
F01612,2022-04-16,34,27,CLEAN,no
F00018,2025-03-20,39,7,Clean,NO
F02193,2022-06-13,,2,dirty,No
F00015,2021-11-12,35,20,clean,No
F03986,2024-10-06,42,24,Clean,YES
F09445,2022-09-21,33,58,OK,Yes
F03062,2021-10-20,39,12,Clean,n
F02957,2025-10-28,45,8, ok,n
F02518,2022-09-21,42,14,needs cleaning,n
F00223,2021-09-26,38,27,needs cleaning,No
F04567,2025-02-05,37,,clean,No
F03958,2023-01-25,43,47,Clean,No
F03083,2022-08-11,45,1,clean,YES
F04319,2022-11-24,42,10,OK,Yes
F03276,2023-06-22,36,32,CLEAN,Yes
F01904,2022-08-27,34,41,Dirty ,No
F02831,2021-04-09,33,38,dirty,no
F02673,2024-02-09,42,22,Clean,NO
F02135,2023-09-11,34,27,clean,Yes
F02430,2021-03-10,43,18,Clean,y
F03915,2025-05-13,43,3, ok,yes
F02300,2023-02-02,40,38,dirty,y
F03009,2024-06-19,41,51,dirty,y
F04586,2020-10-17,42,44,OK,no
F02029,2022-04-28,43,10,clean,yes
F03004,2020-05-22,44,16,clean,YES
F04732,2020-08-21,44,32,,no
F01809,2023-10-02,43,35,OK,no
F00274,2022-05-10,,29,Clean,Yes
F04785,2022-12-27,38,15,OK,no
F00635,2022-09-23,43,35,,n
F02577,2023-06-26,42,20,dirty,Yes
F03180,2021-07-11,37,2,dirty,y
F04318,2023-09-14,41,47,CLEAN,Yes
F00053,2022-08-05,40,18,Clean,no
F01554,2023-06-13,34,5,needs cleaning,Yes
F04289,2025-01-10,37,47,Dirty ,YES
F02847,2023-04-05,45,34,OK,no
F02949,2022-07-03,40,25,CLEAN,YES
F01216,2025-06-27,,45,needs cleaning,no
F04753,2023-12-24,42,45,clean,no
F04754,2021-06-04,33,27,Dirty ,YES
F04416,2020-09-05,43,35,Clean,n
F04426,2020-01-20,37,31,OK,YES
F00433,2023-11-05,36,34,,No
F04061,2023-01-22,45,17,dirty,Yes
F03166,2025-07-02,,13,Dirty ,Yes
F01636,2023-12-21,35,39,clean,YES
F01505,2024-09-12,,18, ok,yes
F03210,2023-03-24,37,58,clean,NO
F09060,2024-03-14,34,11,CLEAN,YES
F02525,2020-01-11,44,30,Clean,Yes
F02259,2022-09-09,33,30, ok,No
F04640,2024-07-22,35,19,Dirty ,yes
F01048,2025-09-18,40,26,clean,yes
F03465,2024-12-22,40,23,clean,yes
F01232,2021-08-24,45,26,OK,No
F03480,2020-04-05,39,40,OK,No
F00158,2021-11-20,38,56,clean,NO
F04194,2023-08-02,33,43,needs cleaning,n
F00908,2023-08-06,36,30,CLEAN,Yes
F02807,2025-10-22,34,24,CLEAN,Yes
F00971,2024-06-16,36,34,CLEAN,No
F04484,2020-10-08,43,29,dirty,yes
F00201,2024-01-08,33,38,clean,No
F01284,2020-02-21,37,52, ok,No
F04738,2024-06-19,34,28,CLEAN,NO
F01317,2021-01-20,39,45,Dirty ,NO
F01475,2025-11-22,45,32,Clean,yes
F03897,2025-01-21,,49,,n
F02431,2020-06-17,42,28,OK,Yes
F04442,2021-01-12,37,17,Dirty ,No
F01320,2022-10-26,45,34,Dirty ,YES
F00691,2025-04-24,41,47,dirty,YES
F04207,2023-11-16,38,23,dirty,yes
F04101,2025-02-12,36,38,needs cleaning,YES
F04762,2022-12-01,,8,clean,YES
F02344,2023-04-23,42,8,needs cleaning,No
F01465,2023-04-13,37,15,needs cleaning,no
F01594,2022-12-11,34,34,dirty,y
F03992,2020-08-26,,2, ok,no
F03649,2021-10-26,33,42,dirty,YES
F04522,2023-05-09,34,60,clean,Yes
F00517,2025-01-12,34,58,Clean,no
F00051,2025-09-02,38,60,Dirty ,y
F00434,2023-07-28,37,18,dirty,YES
F03072,2020-10-04,38,50,dirty,yes
F02068,2025-01-12,37,1,clean,NO
F00781,2025-05-20,34,17,dirty,Yes
F02661,2023-05-14,36,25,dirty,No
F04187,2022-08-08,45,32,Clean,no
F00599,2022-08-10,44,9,CLEAN,NO
F02454,2023-06-05,45,24,clean,no
F04189,2022-01-21,35,29,,No
F09126,2023-08-04,33,14,CLEAN,YES
F04487,2023-03-23,42,13,CLEAN,NO
F00811,2024-08-17,45,59,needs cleaning,no
F03264,2023-01-06,37,56,dirty,no
F04718,2022-08-06,36,51,OK,y
F01760,2020-07-07,44,45,Dirty ,y
F04373,2024-06-27,33,11,OK,y
F02196,2025-07-06,35,22,dirty,y
F00751,2025-03-06,36,2,Clean,n
F03709,2024-01-20,44,40,clean,n
F00415,2023-12-19,44,26,Dirty ,Yes
F00651,2023-02-07,40,6,Dirty ,no
F03497,2023-06-20,33,39,CLEAN,NO
F00291,2020-01-03,38,21,Dirty ,NO
F02795,2025-11-16,44,17,clean,yes
F03044,2023-02-05,41,34,clean,NO
F01783,2021-10-18,999,1,Clean,n
F00969,2021-04-26,44,-5,dirty,No
F01333,2020-12-14,36,22,CLEAN,NO
F00413,2023-04-20,33,29,Clean,YES
F03222,2020-09-11,33,42,Dirty ,n
F00989,2023-01-28,33,14,OK,n
F02322,2022-07-07,38,24,Dirty ,NO
F02507,2022-01-04,38,8,clean,Yes
F03643,2024-10-16,38,5, ok,YES
F02950,2023-11-14,44,31,Clean,No
F03994,2023-11-11,35,,Dirty ,Yes
F01839,2022-03-08,37,0,OK,yes
F04726,2022-02-25,43,22,CLEAN,n
F03387,2024-06-24,43,33,Dirty ,Yes
F04168,2021-09-23,39,37,dirty,NO
F04730,2020-05-02,37,51, ok,n
F02559,2021-03-25,35,0,CLEAN,n
F00215,2022-05-12,42,54,Dirty ,n
F03875,2022-11-06,34,20,OK,Yes
F00423,2025-07-09,40,19,Dirty ,Yes
F03425,2022-07-13,36,2,CLEAN,NO
F03809,2023-07-19,40,7,Dirty ,YES
F04275,2025-05-07,45,7,Clean,NO
F02935,2021-09-15,35,3,OK,No
F00596,2020-06-15,37,56,OK,yes
F03070,2025-04-08,36,26,dirty,NO
F00467,2021-02-05,34,44, ok,no
F03955,2022-07-12,45,42, ok,no
F02535,2021-06-22,40,45,Dirty ,n
F00898,2022-01-16,38,16,clean,No
F04660,2021-03-18,33,44,OK,YES
F04241,2022-06-16,40,32,clean,no
F01357,2023-11-23,40,46,Dirty ,y
F01457,2023-06-22,43,5,Clean,y
F02304,2022-10-28,45,31, ok,NO
F02127,2021-03-15,34,10,CLEAN,no
F02142,2020-06-20,42,47,CLEAN,YES
F03645,2020-10-26,44,0,needs cleaning,n
F01910,2020-07-20,34,24,Clean,y
F04299,2025-06-25,40,15,CLEAN,No
F03520,2023-10-07,41,5, ok,y
F03792,2021-03-27,34,13,dirty,y
F02280,2023-08-09,40,24,Dirty ,no
F00807,2020-05-20,43,28,Clean,No
F02964,2023-02-13,39,19,Dirty ,YES
F01990,2021-01-22,37,39,needs cleaning,n
F01702,2021-03-07,37,53,dirty,No
F00618,2025-08-03,40,20, ok,no
F02714,2022-03-01,41,59,dirty,No
F00991,2024-10-22,36,9,OK,n
F01713,2023-05-19,,1,needs cleaning,YES
F03774,2023-07-23,41,27,CLEAN,YES
F04554,2022-11-06,33,13,dirty,Yes
F01347,2025-10-09,36,32,Dirty ,Yes
F02845,2024-04-27,36,41,needs cleaning,y
F02426,2020-12-08,34,60,needs cleaning,Yes
F01491,2024-02-02,34,44, ok,No
F01145,2022-01-16,43,53,OK,no
F03827,2025-12-02,36,21, ok,y
F04551,2023-11-26,35,8,OK,y
F02197,2021-06-19,40,58,CLEAN,YES
F01148,2024-10-21,,20,needs cleaning,NO
F01064,2024-12-09,45,39,Dirty ,yes
F01366,2022-06-15,39,52,dirty,No
F02536,2024-05-25,34,19,clean,yes
F00670,2024-01-23,44,30,Dirty ,YES
F02446,2021-10-18,35,4,clean,Yes
F00330,2022-12-26,39,57,dirty,NO
F02268,2021-01-16,39,40,dirty,n
F02048,2022-06-05,35,51,needs cleaning,YES
F00920,2025-11-25,33,1,clean,yes
F03941,2025-05-11,39,38,Clean,Yes
F04378,2021-09-15,34,44,OK,YES
F03944,2024-12-10,40,40,CLEAN,Yes
F04622,2022-03-16,45,31,Dirty ,YES
F04659,2025-01-02,-50,28,dirty,no
F01259,2020-12-06,45,-5,dirty,No
F04807,2021-11-26,42,22, ok,y
F03086,2025-02-21,34,51,Dirty ,n
F04296,2023-09-12,,21,Dirty ,YES
F03318,2020-04-17,43,7,needs cleaning,Yes
F00073,2025-03-12,41,12,dirty,yes
F00855,2020-05-05,45,42, ok,y
F03106,2020-12-25,36,33, ok,No
F00168,2022-11-24,39,1,dirty,NO
F02487,2025-04-25,37,7,Clean,YES
F01106,2022-08-14,33,2,needs cleaning,n
F00306,2024-10-16,41,16,needs cleaning,NO
F00088,2024-06-23,35,34, ok,no
F02345,2021-05-24,45,12,Dirty ,YES
F03557,2023-11-07,45,37,OK,Yes
F00673,2022-06-07,40,13,OK,n
F01176,2020-04-18,33,24, ok,yes
F04016,2025-04-21,33,,OK,YES
F00068,2025-08-27,36,15,clean,n
F02147,2023-02-09,43,16,dirty,NO
F00832,2022-03-15,35,, ok,yes
F03409,2020-02-09,,28,Dirty ,NO
F00055,2020-05-19,45,35,Dirty ,NO
F04878,2025-08-19,999,18,CLEAN,No
F01206,2021-06-11,37,12,Dirty ,NO
F00630,2021-01-21,35,33,Clean,YES
F03153,2022-07-20,33,7,needs cleaning,n
F04767,2021-12-19,36,14, ok,No
F03499,2022-02-26,37,2,OK,y
F01940,2022-06-15,39,49,dirty,No
F04650,2023-11-10,42,43,needs cleaning,n
F04553,2025-03-05,36,2,Dirty ,no
F02627,2023-02-25,36,42,OK,YES
F04562,2022-04-12,36,41, ok,NO
F04728,2024-05-17,41,55,Clean,yes
F00087,2024-04-16,42,6,CLEAN,Yes
F02305,2020-06-04,33,38,needs cleaning,yes
F03115,2020-05-16,40,55, ok,n
F02260,2020-08-17,34,45,Dirty ,no
F04331,2025-09-23,34,13,Dirty ,YES
F04810,2022-08-24,36,23,clean,NO
F03691,2025-05-20,35,55,Clean,no
F04211,2021-07-14,36,23,dirty,no
F03346,2022-10-20,45,23,Clean,n
F02594,2022-01-28,39,26,Dirty ,yes
F04899,2024-12-07,33,3,clean,YES
F04566,2025-10-27,43,42,Dirty ,no
F01582,2021-01-08,44,56,clean,n
F01169,2021-04-18,34,41, ok,y
F00036,2024-01-15,45,4,OK,No
F01403,2022-10-27,35,40,OK,yes
F02372,2020-06-27,37,8,Dirty ,Yes
F01813,2023-07-21,35,99999,CLEAN,n
F03693,2024-07-25,40,20,Dirty ,yes
F03980,2021-06-18,38,46,needs cleaning,yes
F02811,2023-03-05,35,2,Dirty ,no
F04709,2020-08-09,39,60,Dirty ,yes
F01943,2021-12-15,44,13,Clean,NO
F04245,2023-12-08,37,25, ok,no
F03018,2024-09-17,,18,OK,No
F03152,2024-11-22,35,60,CLEAN,NO
F01955,2024-02-08,34,14,CLEAN,yes
F02552,2024-09-13,41,9,needs cleaning,n
F03505,2025-09-25,37,15,Clean,no
F03627,2023-03-26,33,44,,y
F03623,2021-05-27,43,33,dirty,n
F01039,2020-08-04,45,32,Dirty ,Yes
F03812,2021-09-10,41,21, ok,y
F00665,2021-03-26,33,42,needs cleaning,no
F03977,2024-07-19,43,52,Dirty ,Yes
F04240,2021-11-24,34,28,CLEAN,y
F02360,2024-02-27,35,32,Clean,yes
F00450,2024-04-12,35,6,Clean,NO
F02778,2022-06-03,38,23,Clean,no
F00400,2022-11-10,42,25,Dirty ,Yes
F03322,2025-02-10,34,33,CLEAN,no
F00794,2022-11-21,35,49,dirty,n
F01805,2025-02-06,41,57,Dirty ,YES
F01373,2020-02-21,999,42, ok,n
F00167,2024-08-05,33,47,Clean,yes
F02061,2024-09-27,44,16,Clean,No
F03300,2022-02-05,35,1, ok,Yes
F00125,2024-05-05,43,20,Clean,n
F01149,2024-07-05,39,12, ok,no
F04756,2024-10-18,44,12,clean,n
F02198,2021-02-23,42,24,CLEAN,Yes
F00187,2022-04-14,45,38, ok,No
F04338,2025-09-08,33,36,OK,n
F04541,2025-05-26,33,41,dirty,y
F01921,2021-01-04,-50,18,OK,yes
F04880,2023-06-20,44,55,OK,No
F03942,2021-05-08,44,12,needs cleaning,NO
F00494,2025-01-22,37,14,Clean,no
F00425,2024-12-11,42,8,CLEAN,Yes
F03016,2025-08-27,39,42,Dirty ,Yes
F00198,2023-08-13,34,9,Clean,y
F00375,2020-02-09,40,15,CLEAN,No
F03442,2023-06-19,38,52,dirty,Yes
F04060,2024-01-01,37,17,clean,No
F04829,2021-04-09,39,8,needs cleaning,yes
F03890,2022-09-25,44,3,OK,Yes
F01611,2024-09-21,40,46,needs cleaning,NO
F00724,2020-11-01,39,24,needs cleaning,y
F02270,2023-10-01,38,22,Dirty ,No
F00196,2023-05-04,42,3, ok,y
F02751,2021-12-23,44,57, ok,no
F02653,2024-09-02,45,43,needs cleaning,No
F04859,2024-10-09,40,2,Clean,Yes
F04655,2025-03-19,35,8,Dirty ,Yes
F01110,2024-05-04,36,60, ok,Yes
F01920,2020-11-19,39,55,needs cleaning,n
F01597,2024-04-21,35,45,dirty,n
F02427,2022-06-07,43,2,dirty,No
F02960,2025-06-27,38,29,Dirty ,y
F00259,2020-08-11,38,21,Clean,y
F03840,2021-05-23,36,38,Dirty ,YES
F03764,2022-11-03,34,40,CLEAN,Yes
F04679,2023-10-19,35,12, ok,no
F01268,2021-05-12,34,8,needs cleaning,n
F01432,2025-02-18,37,46,CLEAN,No
F01660,2023-04-01,40,4,clean,YES
F09363,2023-05-28,39,10,OK,Yes
F00512,2022-11-01,35,55, ok,NO
F02897,2023-06-20,43,38,needs cleaning,Yes
F09657,2023-12-22,40,47,dirty,YES
F03265,2023-06-17,42,58,Clean,n
F03578,2021-08-19,43,52, ok,y
F00978,2020-04-01,44,19,OK,YES
F01984,2025-01-02,42,47,OK,NO
F03046,2025-09-13,33,59, ok,no
F03732,2020-03-07,45,50,clean,yes
F02958,2022-12-10,41,42,needs cleaning,no
F01359,2020-07-10,43,55, ok,n
F04356,2022-03-12,39,27,clean,yes
F09373,2024-10-01,39,29, ok,yes
F02882,2024-07-16,38,43,dirty,yes
F09130,2021-03-17,44,0, ok,yes
F02368,2025-01-22,34,19,Dirty ,y
F03017,2020-09-25,44,35,,No
F03569,2024-10-12,,23,needs cleaning,yes
F01778,2022-04-12,35,32, ok,n
F04517,2023-06-18,37,53,needs cleaning,no
F01699,2021-01-03,33,26,CLEAN,y
F03554,2020-12-05,36,55,clean,yes
F00212,2022-03-16,45,19,clean,Yes
F04153,2022-01-11,39,54,needs cleaning,Yes
F04417,2022-05-07,44,7, ok,yes
F03035,2022-10-19,45,7,needs cleaning,NO
F02820,2021-04-23,43,48,CLEAN,NO
F03370,2023-03-01,35,0, ok,YES
F04830,2023-02-09,40,21, ok,n
F03953,2024-12-27,41,20,needs cleaning,YES
F00845,2024-12-21,39,50, ok,no
F03530,2020-12-12,34,46,clean,no
F00257,2023-06-14,38,34,Clean,NO
F03230,2023-05-21,42,15,Dirty ,YES
F02721,2023-03-20,37,37, ok,NO
F02658,2021-11-15,43,50,needs cleaning,YES
F04252,2020-02-10,40,39,clean,NO
F04377,2023-11-07,39,44,,No
F03745,2021-09-26,33,0,needs cleaning,yes
F01541,2021-09-04,35,42,CLEAN,no
F03271,2022-06-02,39,60,Dirty ,n
F01684,2022-01-20,-50,28,CLEAN,yes
F03291,2024-04-25,38,15,needs cleaning,no
F03788,2022-04-20,43,54,,YES
F00412,2021-10-09,45,23,CLEAN,yes
F02565,2021-03-07,33,6, ok,No
F02855,2021-04-07,41,3,Clean,y
F01872,2023-11-18,43,58,Clean,y
F03244,2021-01-06,43,12,dirty,Yes
F00479,2023-10-13,44,2,CLEAN,y
F01089,2020-02-24,43,39,dirty,NO
F00242,2022-07-11,39,35,dirty,no
F03398,2020-10-01,34,39,needs cleaning,YES
F03692,2025-11-08,38,54, ok,no
F01603,2024-02-13,42,27,dirty,n
F00954,2024-01-24,45,14,OK,NO
F04029,2024-07-03,35,57, ok,no
F04304,2020-01-08,40,3,OK,yes
F01405,2023-02-12,37,41,needs cleaning,y
F04064,2020-06-28,37,26,Dirty ,No
F03164,2020-10-23,36,18,needs cleaning,yes
F04149,2024-06-17,33,56,CLEAN,YES
F00237,2024-10-10,42,50,needs cleaning,Yes
F04748,2024-06-26,35,28,Clean,No
F04118,2020-02-18,41,57,needs cleaning,No
F03882,2025-06-09,40,15,needs cleaning,YES
F00848,2024-08-28,35,20,Clean,NO
F02830,2023-10-14,40,1,OK,NO
F00486,2021-02-08,43,12,needs cleaning,n
F03002,2020-12-08,35,33,Dirty ,No
F01234,2024-07-18,39,40,dirty,Yes
F00076,2023-04-04,36,42,OK,Yes
F02296,2023-05-24,40,40, ok,No
F02893,2022-11-08,43,3,dirty,yes
F00803,2020-08-24,44,17,dirty,n
F02664,2021-02-24,33,8,clean,yes
F01587,2025-03-03,35,46,Clean,y
F02672,2022-08-18,37,19,dirty,n
F01102,2024-12-03,36,,clean,Yes
F03385,2021-02-28,34,12,dirty,n
F00702,2023-01-16,38,20,dirty,Yes
F04803,2020-04-10,42,15,CLEAN,NO
F00575,2022-10-03,44,35,,YES
F02023,2023-04-13,38,36,Clean,yes
F03032,2020-02-16,35,21,dirty,y
F01670,2021-02-11,41,43,Dirty ,n
F02378,2023-08-14,34,34,OK,Yes
F02330,2024-08-11,35,29,CLEAN,NO
F03224,2021-02-08,39,58,Dirty ,y
F01049,2021-06-06,39,11,Dirty ,No
F04781,2020-09-01,39,14,CLEAN,NO
F01728,2020-04-25,33,99999,OK,Yes
F02405,2023-02-28,35,59,dirty,n
F09933,2023-09-20,38,45,Clean,n
F00714,2025-10-05,37,15,clean,yes
F04588,2024-03-04,43,13,dirty,No
F00617,2022-07-23,45,6,,n
F03848,2020-10-03,45,5,Dirty ,YES
F01196,2023-02-24,40,19,dirty,n
F00171,2021-08-16,41,40,OK,y
F00439,2020-12-20,38,53, ok,n
F01188,2025-11-05,33,13,needs cleaning,NO
F09505,2025-02-20,36,10,OK,y
F02245,2021-11-07,34,25,Clean,NO
F01834,2021-02-04,43,54,dirty,No
F04845,2023-10-21,41,22,,no
F00544,2025-06-14,40,26,needs cleaning,Yes
F04507,2022-07-02,45,46,OK,Yes
F00606,2023-02-18,42,2,dirty,Yes
F01218,2021-03-01,40,43,Dirty ,NO
F01174,2022-11-07,41,60,,NO
F02328,2024-06-03,41,34,OK,n
F02408,2025-02-25,45,58,CLEAN,Yes
F00021,2021-02-16,42,24, ok,no
F01923,2020-08-09,37,7, ok,YES
F01642,2020-06-27,40,6,CLEAN,NO
F03164,2020-10-23,36,18,needs cleaning,yes
F01959,2024-10-06,45,35,CLEAN,NO
F04900,2020-04-13,33,48,CLEAN,NO
F04697,2020-01-07,42,32,CLEAN,No
F04135,2021-03-04,,54, ok,no
F03364,2021-10-20,35,51,CLEAN,YES
F01667,2020-04-28,38,48,needs cleaning,n
F01669,2024-01-11,44,21,OK,No
F04625,2021-05-05,45,41,,n
F04376,2022-05-15,34,7,Dirty ,YES
F03631,2025-11-25,44,51, ok,y
F01435,2021-07-16,34,10,OK,No
F02823,2022-02-12,38,28,,yes
F02192,2023-09-08,42,26,needs cleaning,No
F00124,2023-10-15,36,26,needs cleaning,no
F04397,2021-11-24,39,46,clean,YES
F00435,2020-05-01,42,34,clean,NO
F03035,2022-10-19,45,7,needs cleaning,NO
F01681,2022-07-08,39,52,clean,no
F01393,2024-06-21,43,59,Dirty ,no
F04787,2021-01-19,42,55,needs cleaning,y
F01523,2020-04-05,33,48,CLEAN,yes
F02357,2023-07-01,33,18,clean,No
F00825,2020-09-22,34,36, ok,YES
F01865,2024-04-20,36,51,dirty,No
F03613,2021-10-21,34,10,Dirty ,Yes
F01711,2025-07-24,,19,dirty,n
F00063,2022-04-11,34,60,needs cleaning,Yes
F01553,2022-05-03,37,25,dirty,yes
F02993,2021-08-21,41,59,CLEAN,NO
F02719,2025-10-12,41,40,clean,YES
F01886,2022-06-07,34,57,OK,yes
F02445,2022-10-02,44,60, ok,NO
F00956,2025-03-16,,53,Clean,Yes
F01568,2022-09-09,39,16,clean,NO
F03901,2023-08-20,,24,clean,No
F02760,2021-03-19,39,6,Clean,YES
F01862,2022-11-15,35,58,clean,no
F03117,2020-02-08,33,0,Dirty ,y
F03234,2025-09-01,34,23, ok,NO
F02212,2025-08-24,43,32,Dirty ,yes
F04357,2025-07-27,39,29,clean,n
F00335,2024-10-10,43,31,Dirty ,n
F01020,2021-09-05,35,8,clean,n
F01556,2022-05-19,39,12,dirty,no
F02784,2025-09-12,33,48,needs cleaning,yes
F01413,2024-05-23,35,,clean,yes
F01009,2022-03-07,45,31,,n
F01629,2021-09-12,43,20,clean,y
F04364,2020-04-18,33,42,OK,Yes
F01029,2020-07-10,43,16,needs cleaning,y
F02972,2024-06-22,37,35, ok,NO
F03237,2021-12-09,38,39,clean,y
F09674,2025-11-03,35,19,Dirty ,no
F01296,2023-04-20,44,5,OK,y
F02954,2022-12-18,999,24,Dirty ,Yes
F00045,2024-03-12,40,1,clean,YES
F02666,2024-10-27,39,28,OK,yes
F01597,2024-04-21,35,45,dirty,n
F03760,2021-07-03,40,1,OK,No
F01708,2021-12-28,33,45, ok,n
F00776,2020-08-08,43,37,dirty,Yes
F03184,2021-03-09,37,45,Dirty ,y
F04818,2022-12-05,44,60,clean,yes
F02153,2025-11-14,33,56,Dirty ,n
F02449,2020-01-19,34,12, ok,no
F01974,2022-10-22,,29,Dirty ,y
F02630,2020-09-25,44,11,dirty,yes
F00589,2021-02-19,44,12,dirty,Yes
F01125,2022-05-06,33,10,OK,NO
F01932,2020-11-11,42,28,clean,yes
F01416,2021-11-24,36,24,Clean,No
F04005,2020-03-17,36,56,Dirty ,YES
F03888,2021-03-27,44,28,needs cleaning,y
F00220,2022-06-07,40,22,dirty,n
F01572,2022-12-05,41,34,needs cleaning,Yes
F01762,2023-07-04,39,59, ok,YES
F02347,2021-02-17,34,24,CLEAN,n
F00097,2023-05-09,43,37,dirty,yes
F04040,2022-06-18,34,36, ok,n
F02890,2020-10-24,,4,needs cleaning,yes
F00064,2021-05-24,36,42,Dirty ,Yes
F00437,2023-11-08,38,21,Dirty ,yes
F00565,2022-05-16,33,52,Dirty ,No
F02921,2025-10-21,38,38,Clean,YES
F03030,2023-07-23,34,23,CLEAN,y
F00921,2025-09-13,34,28, ok,yes
F00669,2020-03-13,,2,CLEAN,yes
F00090,2025-03-15,45,9,dirty,yes
F01095,2021-02-20,42,7,Dirty ,No
F09807,2022-04-12,38,47,clean,yes
F02458,2025-07-14,33,16,needs cleaning,No
F02963,2024-11-16,44,37,Clean,no
F04414,2021-01-21,,5,dirty,no
F01589,2020-06-13,40,13,Dirty ,no
F02713,2021-03-28,42,32,clean,no
F03741,2020-07-25,33,43, ok,NO
F02182,2024-01-27,35,8, ok,no
F01756,2021-11-08,36,14,dirty,n
F00356,2023-02-19,41,4,Clean,no
F00197,2025-01-17,33,5, ok,NO
F00742,2021-08-01,40,51,OK,YES
F03611,2024-08-11,39,21,CLEAN,yes
F01072,2024-07-10,36,45,Clean,No
F01171,2021-02-16,45,13,needs cleaning,YES
F01884,2020-09-26,36,,Dirty ,YES
F00641,2024-09-08,36,51,Dirty ,y
F00255,2023-11-15,33,15, ok,n
F04744,2022-08-17,33,29,needs cleaning,y
F04286,2020-04-09,43,19,OK,yes
F00251,2024-11-22,41,47, ok,NO
F02058,2024-04-25,45,12,dirty,NO
F03970,2021-02-20,40,21,dirty,NO
F02333,2024-12-15,33,99999,OK,y
F00915,2022-04-15,43,13,CLEAN,YES
F04658,2023-08-23,40,11,clean,YES
F02015,2023-08-28,35,35,needs cleaning,no
F02279,2020-01-22,,18,Dirty ,Yes
F03201,2022-03-21,43,22,needs cleaning,no
F03758,2022-01-09,44,40,OK,Yes
F02460,2020-09-02,34,24,Clean,yes
F01824,2020-11-20,42,55, ok,n
F02204,2020-03-18,34,-5,Clean,n
F04167,2025-09-07,,22, ok,n
F00456,2025-05-08,38,47,OK,n
F00006,2021-05-05,38,6, ok,NO
F01621,2022-12-18,37,10,Clean,yes
F02752,2020-10-07,,27,dirty,no
F03867,2022-04-25,37,40,Dirty ,no
F02799,2020-10-01,38,43,CLEAN,no
F00460,2023-04-24,36,13,needs cleaning,y
F02096,2023-07-13,45,,Clean,no
F02257,2024-10-25,999,, ok,NO
F00555,2023-07-23,44,5,OK,NO
F00366,2024-03-25,39,35,OK,Yes
F03706,2023-01-13,41,24,OK,yes
F01313,2020-05-26,33,53,Clean,Yes
F01136,2024-12-06,40,11,CLEAN,Yes
F04611,2020-05-24,37,8,,YES
F04590,2020-06-27,43,7,Dirty ,NO
F00117,2020-01-05,36,3,CLEAN,NO
F03404,2021-12-06,41,2,OK,No
F04175,2021-05-20,43,54,Clean,NO
F04508,2025-03-17,45,41,needs cleaning,no
F03054,2021-05-21,36,,Dirty ,NO
F03148,2025-10-03,39,29, ok,n
F03845,2020-09-04,44,53,needs cleaning,No
F00560,2023-10-11,41,55,,yes
F04044,2022-03-07,43,6,dirty,Yes
F04201,2023-03-11,45,48,CLEAN,YES
F02827,2021-02-12,41,15,Dirty ,NO
F03656,2023-02-27,34,13,CLEAN,yes
F04841,2023-08-09,35,34,Clean,n
F02907,2024-07-21,41,27,OK,NO
F04665,2024-10-21,39,57,needs cleaning,NO
F02113,2024-08-03,34,29,needs cleaning,YES
F01832,2022-08-05,34,57,Dirty ,y
F00108,2023-03-02,45,49,needs cleaning,n
F00258,2023-09-10,37,19,dirty,Yes
F00523,2024-09-05,40,27,Clean,Yes
F04276,2020-09-19,38,55,OK,yes
F02920,2022-12-21,41,45,clean,NO
F03077,2020-02-10,38,21,OK,Yes
F03365,2025-11-09,42,32,OK,No
F01527,2024-08-28,40,55,OK,no
F02726,2020-04-06,45,54,CLEAN,YES
F02159,2022-04-13,40,34,CLEAN,NO
F03857,2023-09-25,34,1,Clean,YES
F04351,2025-06-09,35,50, ok,NO
F02343,2023-09-21,35,31, ok,n
F03880,2020-08-15,37,27,,NO
F00569,2022-01-16,37,49,dirty,No
F02479,2024-05-02,41,48,OK,y
F00527,2022-03-03,41,37, ok,yes
F01167,2020-10-17,40,0,dirty,n
F01764,2021-12-11,34,53,needs cleaning,Yes
F02438,2021-04-26,38,11,clean,y
F03522,2024-05-26,45,45,clean,no
F00205,2021-02-18,44,23, ok,no
F01785,2024-05-13,33,27,,NO
F02526,2023-05-19,37,35,Clean,NO
F01420,2020-01-15,44,2,OK,yes
F04234,2020-05-13,35,57,dirty,no
F04892,2025-01-23,35,31,needs cleaning,no
F03644,2024-06-21,38,40,Clean,yes
F00829,2025-01-17,44,30,Dirty ,No
F02312,2022-01-05,42,47,OK,YES
F01034,2025-08-21,36,43,OK,yes
F03182,2020-12-27,36,43,OK,YES
F04408,2023-08-16,42,54,Dirty ,Yes
F04669,2023-03-08,45,3,clean,y
F00025,2022-02-02,34,30,clean,y
F04608,2022-09-21,38,54,Clean,y
F04492,2025-06-07,36,31,needs cleaning,NO
F00324,2021-07-21,39,7,,no
F00909,2024-06-27,38,20,needs cleaning,Yes
F03532,2020-03-16,39,59,Clean,no
F04879,2023-04-15,37,17, ok,YES
F02067,2023-09-05,35,58,dirty,n
F03419,2022-03-13,40,3, ok,NO
F01338,2022-09-03,37,56, ok,y
F02502,2020-05-27,33,55,Clean,No
F02353,2021-05-25,,53,CLEAN,yes
F03214,2024-06-18,-50,37,dirty,y
F04423,2022-05-15,35,17,needs cleaning,NO
F00490,2021-02-11,41,11,CLEAN,NO
F04316,2020-04-25,35,21,OK,YES
F03292,2020-02-17,35,8, ok,y
F01593,2020-06-05,41,28,clean,n
F09366,2022-06-02,41,39,OK,No
F00226,2020-10-11,33,14,CLEAN,y
F00446,2021-03-21,37,8,clean,yes
F04409,2024-04-17,,49,CLEAN,NO
F02098,2020-07-06,38,29,CLEAN,YES
F00679,2023-03-13,35,9,Dirty ,Yes
F03825,2022-11-01,41,28,needs cleaning,No
F01025,2021-06-21,41,50,CLEAN,no
F04395,2024-10-21,41,53,dirty,no
F01380,2025-06-05,43,7,CLEAN,n
F00293,2020-07-04,34,23,OK,NO
F00647,2021-09-27,33,38,needs cleaning,y
F02321,2022-06-21,43,49,dirty,no
F02774,2023-10-26,39,59,needs cleaning,yes
F03754,2024-09-27,,,dirty,yes
F03192,2025-02-15,34,59, ok,n
F00363,2021-11-08,38,47,OK,no
F01689,2020-04-26,44,29,Dirty ,yes
F03670,2020-04-07,37,14,,y
F00975,2022-08-12,39,23,clean,No
F03014,2024-06-24,37,,clean,Yes
F02753,2021-10-25,45,38,clean,No
F02453,2024-11-13,35,45,OK,YES
F04069,2020-01-01,39,6, ok,n
F02314,2023-01-26,34,20,Clean,Yes
F04112,2021-01-04,36,5,needs cleaning,Yes
F01383,2024-05-16,43,31,Clean,yes
F04334,2020-03-21,36,46,Clean,No
F04752,2022-05-23,45,2, ok,yes
F04198,2025-07-15,34,49,OK,NO
F04164,2023-12-23,39,31,CLEAN,NO
F00438,2021-03-15,42,55,dirty,n
F03910,2021-01-19,34,,OK,n
F00904,2023-03-20,37,52,OK,No
F02088,2022-04-16,-50,27,CLEAN,YES
F02741,2021-05-02,36,18,clean,y
F04731,2021-12-25,33,14,CLEAN,YES
F04038,2023-05-12,37,43,CLEAN,YES
F09292,2022-09-02,40,56,needs cleaning,Yes
F01038,2025-05-26,35,22,needs cleaning,y
F04661,2022-11-07,35,5,needs cleaning,y
F03339,2025-03-06,40,42, ok,n
F03869,2023-08-01,38,12,clean,NO
F01314,2024-10-23,35,31,OK,y
F01375,2025-03-15,35,-5,Clean,Yes
F04698,2022-04-11,40,17,clean,YES
F03483,2021-06-27,33,30,,y
F03350,2025-05-28,41,48, ok,YES
F01836,2025-05-19,41,1,,NO
F00008,2025-09-05,34,21,clean,No
F00318,2021-09-18,40,12,needs cleaning,n
F04292,2023-02-13,43,36,OK,no
F04582,2023-01-23,45,10,Clean,n
F04026,2025-09-25,39,12,dirty,y
F01521,2022-06-23,34,36,Dirty ,n
F03220,2022-11-27,43,48,clean,NO
F04874,2021-01-06,39,35, ok,y
F00271,2022-05-01,41,12,Dirty ,NO
F02324,2025-01-05,,22,Clean,No
F03431,2024-06-18,40,59,needs cleaning,no
F00420,2024-09-26,42,39,OK,NO
F02896,2020-11-27,37,29,Clean,n
F02842,2023-02-28,33,32,dirty,no
F04722,2020-07-19,,56,Dirty ,No
F00947,2024-06-02,40,54,OK,no
F02704,2022-10-11,38,19, ok,NO
F03668,2020-08-12,41,44,Dirty ,y
F02246,2024-02-13,38,43,CLEAN,NO
F09912,2024-03-06,33,4,Clean,no
F02187,2025-01-24,37,15, ok,YES
F02224,2023-04-18,37,17,Dirty ,y
F00945,2020-08-02,34,, ok,No
F02729,2020-12-04,43,53,clean,n
F03952,2025-10-12,35,12,dirty,Yes
F02191,2021-06-01,,, ok,n
F00447,2020-03-26,,17,Dirty ,Yes
F03661,2024-10-20,41,30,CLEAN,No
F03338,2024-01-03,35,56, ok,No
F02256,2024-08-06,39,48,OK,NO
F00440,2025-02-19,37,37, ok,NO
F03323,2022-04-14,38,59,clean,no
F03353,2020-09-03,33,30,,yes
F02802,2021-10-07,42,13,Dirty ,NO
F01000,2020-02-22,42,24,Dirty ,YES
F02186,2025-02-03,43,35,Clean,No
F00722,2023-08-01,37,31, ok,Yes
F03384,2024-11-25,999,36,CLEAN,yes
F00111,2020-12-13,44,56,Clean,YES
F00875,2023-06-02,43,45,CLEAN,yes
F02759,2025-06-12,36,24, ok,NO
F03109,2022-02-05,37,36,OK,Yes
F01691,2022-09-04,39,46, ok,YES
F01818,2022-03-10,34,25,CLEAN,yes
F04093,2020-01-02,39,35,dirty,yes
F03403,2022-12-21,35,36,OK,no
F03252,2023-10-28,45,47, ok,no
F09171,2020-10-01,43,49,dirty,No
F04312,2022-05-15,999,,dirty,YES
F04101,2025-02-12,36,38,needs cleaning,YES
F00730,2025-01-25,36,3,OK,Yes
F03031,2021-01-21,44,37,clean,Yes
F04295,2022-12-08,45,1,clean,Yes
F03336,2021-11-17,41,51, ok,No
F04434,2020-08-09,42,51, ok,y
F04631,2020-05-12,44,46,Dirty ,Yes
F00253,2020-04-17,44,44,OK,Yes
F04872,2021-04-18,38,3,Dirty ,No
F04671,2025-12-16,43,9,dirty,YES
F00854,2023-10-05,33,22,clean,y
F01358,2022-04-01,,48,needs cleaning,yes
F02012,2023-09-02,33,13,clean,YES
F01376,2020-08-08,41,40,dirty,y
F01578,2023-08-11,45,8,needs cleaning,No
F04491,2022-04-25,36,44,OK,Yes
F03190,2023-05-07,44,23,CLEAN,yes
F02736,2022-05-13,33,10,CLEAN,YES
F03744,2024-03-19,37,21,dirty,y
F01806,2021-02-19,44,56,OK,Yes
F00050,2024-11-05,,1,Clean,YES
F01583,2023-09-07,41,11, ok,y
F02201,2024-02-20,43,22,clean,yes
F01826,2024-07-10,43,12,OK,n
F01476,2022-08-03,37,11,clean,Yes
F03441,2022-06-28,43,10,Dirty ,No
F00731,2020-03-13,36,40,needs cleaning,yes
F02302,2022-03-23,44,25,Dirty ,n
F01512,2024-06-24,43,34,OK,Yes
F03296,2025-03-01,33,26,clean,yes
F00374,2022-04-04,44,12,Dirty ,Yes
F04344,2021-09-16,38,49, ok,NO
F03762,2020-07-14,36,52,OK,No
F01377,2023-09-08,,36,OK,Yes
F03801,2020-12-24,43,41,OK,NO
F01797,2025-01-04,40,38,needs cleaning,no
F01995,2021-11-14,41,48, ok,NO
F03352,2021-04-04,36,20,Dirty ,NO
F02700,2023-05-05,33,43,Dirty ,n
F09748,2024-06-19,35,12,,Yes
F00677,2025-02-06,39,29,Clean,no
F03593,2024-11-23,45,17, ok,Yes
F00914,2025-09-18,44,26,CLEAN,NO
F00610,2021-01-21,33,48,,no
F01552,2023-11-09,36,37,CLEAN,y
F03401,2022-04-17,36,31,needs cleaning,NO
F00649,2023-03-24,45,38,clean,n
F00200,2023-08-18,35,30,OK,y
F01185,2022-03-22,36,32,,y
F02635,2021-10-21,40,5,Clean,n
F01213,2021-12-20,34,56, ok,n
F04152,2021-11-26,42,46,dirty,YES
F02916,2020-05-17,36,13,OK,No
F00738,2023-07-28,42,8,needs cleaning,no
F04300,2024-03-11,42,50,dirty,YES
F00783,2021-03-25,36,60,OK,y
F03539,2022-07-13,36,10,OK,YES
F03446,2024-10-11,38,50,OK,No
F03013,2024-01-16,42,16,OK,n
F00928,2022-01-21,37,46,CLEAN,y
F04885,2021-04-14,36,26,needs cleaning,no
F04143,2025-12-09,37,45,OK,n
F01634,2022-05-21,34,47,clean,YES
F02249,2024-01-13,38,46,Clean,y
F03588,2022-09-12,37,24,clean,y
F02162,2021-12-02,33,,needs cleaning,n
F01972,2025-04-12,,40,OK,yes
F01059,2022-03-16,40,54,Dirty ,n
F02488,2020-06-07,40,31,Dirty ,y
F04809,2024-08-13,44,31,,No
F01525,2022-09-26,35,12,Dirty ,yes
F02240,2024-04-22,44,29,clean,NO
F09013,2022-12-21,44,24,Dirty ,no
F00359,2020-07-23,33,31,Clean,NO
F00623,2025-05-13,34,43,CLEAN,no
F02041,2023-02-26,38,12, ok,NO
F09262,2024-11-23,42,25,OK,Yes
F01081,2023-10-21,44,50,clean,n
F04159,2020-02-04,45,2,clean,no
F02634,2025-02-10,39,59,Clean,yes
F03345,2025-10-20,37,55,OK,YES
F03673,2020-03-26,34,1,clean,n
F00613,2024-12-15,35,53,needs cleaning,No
F01251,2024-09-13,33,58,CLEAN,y
F02170,2021-11-27,45,54,Dirty ,n
F03761,2022-12-28,35,5,OK,yes
F01938,2025-09-04,39,28,clean,Yes
F03551,2022-09-22,39,57,clean,No
F00250,2025-12-25,33,49,,NO
F03196,2025-02-05,42,26,OK,Yes
F00833,2024-12-01,42,13,CLEAN,NO
F01948,2025-01-14,37,40,OK,NO
F03351,2023-02-06,39,,CLEAN,y
F03167,2024-10-02,38,6,needs cleaning,No
F01144,2021-05-18,37,51,Clean,Yes
F00067,2020-02-13,35,,dirty,Yes
F04716,2023-07-16,44,,OK,yes
F03432,2021-01-22,33,4,needs cleaning,n
F00046,2023-11-09,33,-5,needs cleaning,No
F00091,2024-06-24,40,15,Clean,yes
F04298,2022-10-07,39,49, ok,n
F01426,2025-09-09,37,44,Dirty ,NO
F04723,2021-11-08,41,50,clean,Yes
F03191,2020-11-23,42,14,dirty,yes
F09874,2020-07-15,43,45,clean,NO
F04788,2020-12-11,35,42,CLEAN,Yes
F04482,2022-09-17,,30,needs cleaning,No
F03344,2021-06-11,45,49,CLEAN,Yes
F02735,2022-04-25,35,39, ok,YES
F01840,2024-06-18,43,37,OK,No
F03597,2023-03-17,45,17,CLEAN,yes
F03860,2023-04-24,39,50,Dirty ,no
F04840,2023-07-08,38,17,CLEAN,YES
F01261,2020-03-11,45,54,Dirty ,n
F03652,2020-07-23,39,9, ok,no
F04560,2023-09-15,34,1,clean,y
F03964,2023-12-26,38,48,Dirty ,NO
F03238,2022-09-27,42,28,Clean,n
F00557,2020-07-05,43,44,OK,no
F00694,2023-09-09,38,24,clean,no
F03779,2024-01-07,42,2, ok,NO
F01013,2023-05-13,40,10,Clean,yes
F03864,2020-07-21,41,45,CLEAN,y
F03147,2021-07-22,39,59,clean,y
F04702,2021-01-19,37,13,CLEAN,n
F02886,2025-03-10,42,3,needs cleaning,yes
F02326,2025-08-26,35,20,needs cleaning,y
F03592,2020-12-15,45,23,Dirty ,No
F04769,2025-08-08,35,50, ok,n
F03363,2024-05-11,,41, ok,NO
F01245,2023-12-07,34,20, ok,Yes
F00148,2020-04-11,36,27,CLEAN,No
F02464,2023-06-01,40,25,Dirty ,no
F03581,2021-04-08,37,31,Clean,n
F04100,2024-06-21,35,3,,NO
F09123,2024-12-02,39,24, ok,NO
F02576,2021-04-08,40,0,,No
F02703,2025-10-02,38,23,dirty,Yes
F04654,2025-04-11,39,15,OK,no
F04401,2024-05-17,44,40,CLEAN,No
F03267,2023-05-23,38,14,OK,no
F03731,2024-12-26,42,33,needs cleaning,NO
F03223,2022-01-04,35,58,dirty,yes
F03304,2025-01-02,36,,needs cleaning,NO
F00176,2021-03-18,40,8,needs cleaning,n
F03804,2020-04-22,44,19,OK,n
F02026,2023-01-28,35,47, ok,yes
F00120,2024-10-09,38,45,OK,No
F00837,2021-11-27,42,34, ok,yes
F02434,2024-10-17,45,2,Dirty ,y
F03414,2021-01-06,44,29, ok,y
F00958,2021-07-08,39,11,needs cleaning,y
F01243,2021-10-23,39,0,,YES
F04282,2023-10-20,39,36,clean,yes
F02869,2023-09-02,36,10,Clean,y
F00247,2025-12-28,43,11, ok,YES
F02075,2024-04-25,42,21,OK,NO
F02522,2020-06-07,43,38,OK,Yes
F01385,2024-03-23,40,99999,OK,Yes
F01752,2024-11-16,34,12,Dirty ,No
F02311,2022-07-07,41,4,dirty,No
F01281,2022-08-07,45,46,Dirty ,Yes
F03294,2021-08-11,33,6,needs cleaning,y
F00029,2024-07-11,40,11,OK,Yes
F03449,2022-09-26,,43,clean,No
F02764,2023-03-13,44,44,CLEAN,n
F01519,2023-04-17,40,9,Clean,No
F04545,2025-11-04,40,30,OK,NO
F01169,2021-04-18,34,41, ok,y
F03494,2024-05-19,41,35,Dirty ,Yes
F01538,2025-06-18,33,46,OK,YES
F02318,2025-11-17,41,,Dirty ,Yes
F03660,2022-07-18,36,44,CLEAN,n
F04339,2022-06-19,35,58,clean,y
F00713,2020-08-09,999,23,dirty,No
F03621,2023-10-06,33,18,Clean,yes
F03945,2022-06-17,45,60,CLEAN,n
F02578,2020-06-15,45,44,dirty,No
F00529,2020-08-01,33,18, ok,No
F03703,2024-09-28,34,,dirty,n
F04017,2022-12-14,42,16,OK,NO
F01306,2023-03-24,33,60,dirty,n
F00736,2023-11-01,39,19, ok,no
F00095,2020-09-15,39,8,OK,No
F04713,2024-12-11,39,15,OK,No
F02545,2023-12-18,37,60,Dirty ,n
F01285,2021-06-08,37,59,dirty,no
F00273,2020-07-28,34,, ok,no
F03450,2022-04-17,44,11,needs cleaning,NO
F04078,2021-05-07,36,,,n
F02766,2023-07-13,36,25, ok,y
F01628,2023-09-19,43,26,Clean,Yes
F02206,2025-03-01,45,40,CLEAN,n
F01362,2021-01-14,39,51,CLEAN,y
F02166,2021-10-07,44,26, ok,YES
F01701,2023-07-14,34,27,needs cleaning,y
F01256,2025-02-09,41,18,CLEAN,n
F01933,2023-09-22,39,36, ok,Yes
F00607,2023-01-20,33,15, ok,y
F02496,2020-10-14,42,41,dirty,YES
F02167,2021-09-18,35,24,Dirty ,No
F04497,2023-11-19,36,46,OK,Yes
F03093,2023-09-25,43,6,dirty,YES
F02237,2024-06-28,44,15,Clean,n
F01099,2023-12-26,33,18,dirty,n
F04021,2021-02-21,40,33,clean,yes
F00283,2024-11-03,44,44,dirty,Yes
F01286,2023-08-04,44,47,CLEAN,y
F00868,2020-06-02,36,26,needs cleaning,No
F01779,2023-04-23,34,99999,clean,y
F03059,2023-09-06,33,36,dirty,yes
F02836,2021-12-10,34,53,Clean,y
F02868,2023-05-11,43,42,,NO
F03160,2020-11-18,43,58,dirty,Yes
F01546,2023-09-26,-50,14,Clean,y
F02424,2023-10-12,39,48,needs cleaning,YES
F04001,2021-10-17,40,50,,yes
F04446,2024-09-04,33,2,Clean,YES
F00806,2023-07-13,44,31,,YES
F01714,2023-01-08,43,39,needs cleaning,NO
F02775,2025-09-12,999,29,clean,NO
F02733,2020-12-06,45,33,CLEAN,y
F02247,2024-01-26,33,39,Dirty ,yes
F02493,2023-09-18,43,32,dirty,no
F03868,2020-06-08,41,35,dirty,y
F00766,2023-06-10,37,56,clean,Yes
F02908,2023-09-05,41,33,needs cleaning,y
F02255,2023-05-07,45,60,Dirty ,n
F01626,2020-06-26,42,14,CLEAN,Yes
F02141,2022-04-28,36,,Clean,y
F04367,2022-09-05,999,54, ok,yes
F03382,2021-02-19,41,46,OK,n
F04037,2022-05-24,39,5,OK,Yes
F02777,2024-10-03,40,11,OK,yes
F02031,2021-11-20,,7,clean,No
F04170,2025-01-10,35,24,clean,no
F03542,2023-12-09,34,11,Clean,Yes
F03439,2020-06-15,41,4,Clean,no
F03721,2024-09-17,33,50, ok,yes
F00652,2022-05-19,38,6,OK,no
F02818,2023-07-02,42,28,needs cleaning,yes
F02590,2025-07-18,41,10,Clean,No
F02307,2022-09-21,34,33,Dirty ,no
F04114,2024-05-02,35,57,,YES
F09328,2025-04-09,45,19,Clean,yes
F01342,2020-12-03,33,47,OK,yes
F00445,2020-07-09,41,3,dirty,y
F01150,2020-08-03,40,46,Clean,no
F04436,2023-05-05,44,54,dirty,NO
F00638,2024-08-23,37,57,Dirty ,NO
F01181,2025-04-11,-50,9,CLEAN,Yes
F01290,2020-11-18,45,22,clean,yes
F03433,2025-08-06,43,60,dirty,YES
F01994,2021-07-19,39,11,,y
F02082,2023-04-01,43,33,clean,No
F03843,2025-10-20,39,31, ok,yes
F03008,2022-01-26,45,16, ok,yes
F02265,2023-02-16,45,34,clean,y
F04524,2022-11-25,37,22,OK,No
F01768,2021-07-02,34,16,,n
F04707,2020-09-16,33,13,clean,yes
F01037,2025-10-06,39,49, ok,Yes
F04011,2020-01-05,44,43,needs cleaning,Yes
F02286,2021-01-10,39,46,OK,y
F04883,2023-10-28,,56,Dirty ,y
F04315,2025-07-14,39,59,CLEAN,y
F00144,2023-12-27,42,2,CLEAN,n
F02617,2025-11-26,44,9,needs cleaning,No
F01282,2021-02-18,41,34, ok,y
F02517,2024-07-05,35,33,Dirty ,YES
F04574,2025-10-15,36,10,Clean,y
F03162,2020-05-12,41,3,clean,yes
F01077,2024-06-10,44,33,Clean,yes
F03525,2021-07-17,36,33,needs cleaning,no
F03134,2020-12-06,44,8, ok,yes
F04012,2020-02-23,35,3,CLEAN,yes
F03503,2025-05-17,41,12,clean,y
F03278,2025-01-17,43,41,needs cleaning,NO
F00657,2023-11-24,,28,needs cleaning,No
F01648,2024-11-07,44,12,Clean,n
F04073,2024-10-20,45,13,CLEAN,y
F03838,2021-02-08,36,19, ok,Yes
F03995,2021-01-25,35,6,Dirty ,YES
F04711,2024-02-14,37,, ok,Yes
F04015,2025-03-01,41,52,CLEAN,no
F00453,2024-07-20,41,36,CLEAN,y
F02608,2024-08-27,35,17,OK,n
F02826,2023-09-05,36,0,dirty,YES
F01277,2022-07-01,37,31,OK,NO
F03989,2024-03-05,37,14,CLEAN,no
F04342,2024-02-21,38,0,,yes
F01483,2021-03-25,33,31, ok,No
F00844,2024-01-26,38,55,CLEAN,YES
F03960,2022-12-11,44,35, ok,n
F04643,2023-06-10,36,39,Dirty ,n
F03270,2022-08-23,43,46,CLEAN,Yes
F01161,2022-11-20,35,22,clean,NO
F00175,2022-12-07,34,46,clean,n
F01857,2023-09-11,35,25,Clean,yes
F01339,2022-01-02,39,31,Clean,yes
F04145,2021-08-12,38,33,Clean,Yes
F02165,2023-11-25,,22,clean,No
F00466,2025-04-21,,23,needs cleaning,yes
F03734,2023-02-22,39,48,needs cleaning,NO
F03665,2021-01-15,39,31,Clean,NO
F04262,2022-10-08,43,29,OK,y
F04647,2025-06-22,45,14, ok,Yes
F03104,2024-11-21,41,35,CLEAN,n
F02806,2021-02-13,36,51,dirty,y
F01032,2020-09-19,40,58,dirty,Yes
F00427,2022-11-11,42,32, ok,no
F01830,2022-01-19,34,22,clean,n
F09923,2025-03-25,43,49,Dirty ,NO
F00146,2023-02-12,39,15,needs cleaning,no
F01763,2022-09-07,,17,Dirty ,no
F01056,2025-06-22,43,7,Dirty ,no
F00911,2025-10-01,37,34,Clean,No
F04597,2024-05-02,34,9,OK,yes
F04193,2023-02-18,33,9,CLEAN,NO
F03299,2020-03-04,42,13,clean,no
F01199,2025-02-18,33,,CLEAN,no
F00345,2020-11-15,39,99999,Clean,n
F03472,2023-04-13,42,52,Clean,Yes
F00040,2024-08-12,34,51,OK,no
F01680,2025-12-23,43,31,Dirty ,no
F01899,2023-04-28,33,13,Dirty ,no
F01311,2020-11-16,37,53,needs cleaning,YES
F00229,2021-12-11,42,8,clean,Yes
F03373,2025-02-17,36,2,OK,no
F04383,2022-10-19,41,57,Clean,No
F04288,2025-12-17,43,41,Clean,n
F04888,2021-06-11,45,6,dirty,YES
F02076,2020-04-27,,2,dirty,NO
F04142,2023-02-24,33,36,dirty,y
F00496,2024-01-26,40,,clean,y
F00926,2020-04-26,44,46,clean,n
F03686,2020-08-15,,31,OK,yes
F03479,2022-06-02,44,53,Dirty ,no
F04705,2025-08-03,38,41, ok,No
F00977,2022-10-22,44,2,CLEAN,YES
F03828,2023-02-13,41,26,CLEAN,n
F01387,2021-04-15,-50,1,needs cleaning,yes
F02961,2023-11-07,36,8,Clean,Yes
F02592,2025-12-24,,41,CLEAN,No
F04463,2021-12-22,37,20,dirty,No
F01031,2025-03-27,40,10,Dirty ,yes
F04323,2025-08-16,36,50,Dirty ,YES
F00290,2020-04-07,33,,OK,Yes
F03389,2023-12-17,39,40,clean,YES
F00343,2020-12-20,34,27,,yes
F02009,2024-04-14,36,24,needs cleaning,no
F03243,2025-12-13,41,26,Dirty ,yes
F03386,2025-12-19,33,53,OK,No
F03947,2023-11-24,41,37,dirty,Yes
F00312,2024-01-15,35,29,Dirty ,NO
F02917,2020-06-14,39,35, ok,yes
F00678,2023-07-19,45,27,Clean,yes
F02828,2020-08-23,37,52,Clean,no
F03575,2022-06-18,36,33,OK,n
F04347,2024-09-20,37,9,dirty,yes
F01537,2023-01-05,34,57,Clean,n
F00548,2021-02-27,41,11,dirty,y
F04287,2021-03-20,34,16,Dirty ,n
F00209,2025-02-04,42,39,Dirty ,n
F02829,2022-05-27,42,15,Clean,YES
F00627,2025-09-08,39,23, ok,no
F04680,2022-05-11,45,41,dirty,yes
F03239,2025-03-11,42,54,needs cleaning,y
F03981,2025-09-23,42,59,OK,Yes
F01446,2025-05-01,44,33,needs cleaning,y
F01279,2021-06-09,34,56,Dirty ,NO
F02442,2021-03-19,33,27,Dirty ,Yes
F03355,2023-04-23,39,39,Dirty ,no
F03543,2024-12-01,,,CLEAN,n
F01997,2022-03-28,43,13,OK,no
F04192,2020-09-10,38,0,Clean,Yes
F04155,2024-07-14,42,35,Clean,n
F02059,2024-04-23,38,,clean,n
F02602,2025-04-10,43,34,needs cleaning,YES
F01365,2023-06-23,41,27,clean,YES
F01118,2021-07-15,34,18,clean,yes
F01474,2022-09-15,36,60,OK,yes
F03858,2024-09-06,33,50, ok,NO
F02510,2022-07-17,42,20, ok,YES
F02769,2025-07-17,43,39,CLEAN,n
F03462,2020-02-07,43,28, ok,no
F04855,2020-10-20,40,13, ok,YES
F04755,2023-06-24,40,27,Dirty ,yes
F01198,2024-12-24,40,27,OK,n
F01652,2021-07-24,44,33, ok,NO
F04822,2020-02-20,45,9,Dirty ,NO
F01775,2025-04-08,40,8, ok,n
F04801,2025-09-09,34,1,Dirty ,n
F03621,2023-10-06,33,18,Clean,yes
F04516,2021-01-28,40,,CLEAN,y
F03786,2021-06-16,43,31,CLEAN,n
F04109,2022-04-04,35,22,CLEAN,NO
F00583,2023-01-14,39,58,Clean,YES
F02404,2023-10-16,44,58,clean,yes
F01909,2020-06-04,38,35,clean,y
F01911,2020-11-08,45,52,OK,y
F00733,2020-12-16,42,49,OK,n
F02289,2021-04-10,41,48,CLEAN,n
F04743,2024-01-20,42,11,needs cleaning,n
F04681,2023-08-10,40,0, ok,No
F03365,2025-11-09,42,32,OK,No
F04237,2020-04-21,38,60,OK,NO
F03443,2024-11-28,36,33,Dirty ,n
F00655,2023-03-13,39,51,,yes
F02946,2023-01-16,38,1,CLEAN,no
F01252,2023-02-25,37,50,clean,yes
F02557,2020-01-25,35,43, ok,y
F02027,2023-05-07,34,37, ok,Yes
F03280,2020-06-14,43,0,clean,y
F04246,2025-06-04,33,19, ok,n
F04789,2021-04-10,42,54,needs cleaning,NO
F03576,2023-12-27,36,51,clean,y
F03742,2023-09-03,37,10,OK,yes
F00248,2025-12-16,44,33,dirty,no
F04224,2024-10-13,38,,Dirty ,yes
F02549,2024-09-01,44,12,CLEAN,YES
F01533,2022-07-16,41,56,OK,No
F01341,2020-05-08,33,48,clean,No
F02235,2022-03-03,34,44,CLEAN,NO
F02150,2022-11-16,43,22,Dirty ,no
F04644,2024-09-20,42,42,CLEAN,y
F01157,2023-02-06,38,3,CLEAN,NO
F02233,2023-07-01,33,30,needs cleaning,yes
F02801,2021-09-04,43,56,CLEAN,no
F00531,2022-10-10,44,47,Clean,yes
F00708,2021-03-25,41,9,Clean,no
F03769,2024-09-27,45,29,Dirty ,no
F04216,2020-02-06,35,43,dirty,YES
F03568,2022-04-05,41,37,Dirty ,YES
F04856,2024-05-02,43,24,CLEAN,YES
F04335,2024-04-25,42,57, ok,No
F02014,2022-11-24,38,1,OK,NO
F02375,2025-11-19,33,25,clean,Yes
F02435,2021-12-11,40,2,CLEAN,y
F03540,2023-11-14,42,60,CLEAN,Yes
F04439,2022-01-20,35,32,Clean,Yes
F02914,2020-09-07,-50,31,Clean,No
F01235,2024-10-03,40,58,needs cleaning,NO
F01248,2021-01-16,38,46,OK,No
F00571,2025-11-23,41,28,OK,yes
F02367,2024-03-04,35,39,clean,NO
F00779,2023-06-21,43,44,dirty,yes
F01692,2025-09-21,38,13,clean,No
F04575,2024-06-14,34,55,needs cleaning,y
F03820,2022-09-16,42,57, ok,NO
F01651,2025-01-03,36,24,CLEAN,no
F04372,2022-10-09,37,54, ok,Yes
F04656,2022-02-26,40,30,needs cleaning,NO
F01506,2023-10-03,34,51,dirty,Yes
F04247,2023-03-09,40,22, ok,no
F02340,2021-07-26,44,45,OK,YES
F02773,2023-09-17,43,47,Clean,Yes
F04724,2022-12-10,33,16,OK,YES
F02865,2023-04-28,42,15,dirty,YES
F00192,2020-08-11,39,46,Clean,y
F02310,2023-02-19,33,36,needs cleaning,Yes
F02558,2022-01-19,34,27,needs cleaning,Yes
F01575,2020-07-22,37,49,OK,NO
F04573,2025-06-02,38,12, ok,n
F02676,2022-08-02,39,31,CLEAN,No
F01412,2024-03-21,42,16,OK,YES
F02509,2025-04-25,36,99999,clean,y
F00443,2020-08-08,,33,CLEAN,n
F02105,2021-09-01,40,22,Dirty ,y
F01303,2020-09-25,35,6,Clean,y
F01152,2022-07-03,42,47,OK,Yes
F00464,2025-04-10,44,37,CLEAN,YES
F02425,2024-05-09,42,32,Clean,yes
F03340,2022-08-20,42,46,CLEAN,NO
F02821,2021-10-27,33,46,OK,yes
F02929,2020-07-03,39,55, ok,y
F04172,2023-01-05,38,56,,no
F01278,2021-09-02,37,49,needs cleaning,y
F00622,2025-11-19,40,36,clean,y
F04325,2020-08-07,38,48,Clean,No
F00431,2023-07-28,34,43,OK,No
F00924,2020-03-14,36,14,needs cleaning,y
F01422,2021-07-22,36,,Clean,No
F00062,2025-05-15,44,25,Dirty ,yes
F02478,2021-11-24,39,33,CLEAN,yes
F03513,2023-04-03,35,,clean,NO
F02555,2020-01-07,44,38,clean,yes
F02119,2022-04-15,38,36, ok,no
F04259,2022-04-07,38,46,dirty,YES
F01088,2025-02-07,35,29,,No
F02433,2023-09-11,37,28,Dirty ,no
F03076,2020-04-24,33,25, ok,no
F03372,2025-10-04,40,2,CLEAN,YES
F03863,2025-01-18,35,21,,NO
F04427,2025-11-11,44,54,CLEAN,NO
F04708,2022-10-28,38,41,needs cleaning,no
F00885,2024-11-19,40,,clean,y
F04126,2024-08-27,43,20,Dirty ,n
F02443,2021-08-11,40,17,Clean,YES
F09753,2024-01-13,43,32,dirty,NO
F04027,2020-09-09,35,6,Clean,y
F04271,2021-03-05,40,3,Dirty ,No
F00019,2022-02-16,39,22,OK,YES
F04607,2021-11-12,41,11,OK,no
F01087,2021-02-05,45,3,OK,no
F00910,2021-02-05,34,13,clean,YES
F00785,2022-05-03,44,30,dirty,n
F02400,2020-07-02,39,3,Clean,y
F00200,2023-08-18,35,30,OK,y
F04659,2025-01-02,-50,28,dirty,no
F04677,2020-09-16,43,28,needs cleaning,NO
F03283,2020-11-04,39,27,Clean,no
F01644,2020-05-19,40,2,dirty,yes
F00436,2022-04-13,39,3,Clean,Yes
F04467,2023-03-10,39,24,OK,n
F03133,2025-09-03,37,,dirty,Yes
F00514,2022-09-01,35,33, ok,NO
F02551,2021-07-18,38,57,dirty,No
F03873,2023-06-18,34,14,needs cleaning,NO
F00504,2025-08-13,36,55,OK,Yes
F04832,2022-11-04,,26,needs cleaning,Yes
F01742,2024-04-23,34,50,needs cleaning,Yes
F02414,2024-07-23,45,5,,NO
F01953,2023-12-08,37,30, ok,No
F02548,2020-11-05,42,40, ok,Yes
F02684,2023-03-24,37,54,OK,n
F02877,2021-09-05,37,2,Clean,Yes
F01784,2024-01-25,44,8,needs cleaning,YES
F03176,2024-04-06,38,41,,YES
F01264,2023-09-20,39,9,Dirty ,NO
F03204,2020-03-14,33,32, ok,Yes
F03913,2020-05-17,41,-5,,no
F03272,2020-11-09,43,34,clean,y
F01618,2024-07-03,37,13, ok,No
F02485,2021-10-11,43,8,CLEAN,yes
F02171,2022-02-02,39,11, ok,No
F03907,2021-11-01,35,50,OK,yes
F01204,2023-09-09,39,,dirty,Yes
F03195,2024-05-11,33,33,dirty,No
F04624,2021-11-01,42,25,dirty,Yes
F00072,2023-02-27,,1,OK,yes
F00619,2022-09-13,41,2,Dirty ,No
F02176,2021-07-14,44,46,needs cleaning,No
F02841,2023-03-20,44,27,OK,y
F04068,2024-11-13,44,48,OK,YES
F02099,2020-07-11,35,32,needs cleaning,yes
F04035,2023-12-10,42,54,OK,no
F02384,2020-08-22,45,44,OK,y
F02420,2023-03-09,38,56,CLEAN,n
F04148,2021-02-22,44,42,Clean,NO
F02122,2022-09-15,45,4,needs cleaning,yes
F00264,2023-05-19,39,37,CLEAN,n
F03125,2025-02-01,43,13,OK,No
F01829,2021-12-14,33,4,dirty,y
F00676,2024-07-17,38,8,Clean,Yes
F02556,2022-06-06,41,43,CLEAN,n
F02618,2023-07-07,35,7, ok,NO
F03034,2020-05-15,38,33,clean,yes
F03802,2021-08-12,41,11, ok,No
F00361,2025-04-19,33,27,Clean,n
F04639,2023-10-27,44,59,,Yes
F03388,2020-11-15,44,33,dirty,No
F00772,2021-12-15,44,51,needs cleaning,YES
F00609,2020-01-18,36,12,Clean,No
F01828,2023-12-09,36,,dirty,No
F01965,2023-09-13,33,7,CLEAN,n
F00934,2021-01-11,38,12,dirty,Yes
F03400,2023-02-24,44,44,clean,Yes
F02144,2023-02-07,44,14,CLEAN,YES
F00106,2025-02-07,41,4,CLEAN,No
F01639,2020-02-16,,1,needs cleaning,yes
F00626,2020-11-04,39,12,needs cleaning,no
F04712,2020-06-03,41,27,Dirty ,yes
F02379,2020-10-28,38,26,needs cleaning,NO
F00349,2024-02-02,41,29,OK,No
F04550,2021-01-07,37,36,OK,NO
F04692,2021-10-02,43,0,Clean,y
F03596,2020-08-12,36,39,dirty,NO
F04555,2020-01-08,40,31,Clean,y
F03474,2020-05-26,999,11,Dirty ,n
F00520,2023-11-20,38,58,,No
F04180,2024-12-26,38,56,OK,n
F04267,2020-09-23,41,34,CLEAN,YES
F02385,2025-08-28,35,-5,dirty,YES
F01479,2024-03-18,38,26,dirty,No
F04199,2022-01-01,37,17,clean,YES
F02163,2021-04-12,37,17,OK,YES
F00342,2022-08-05,35,28, ok,y
F03739,2024-03-25,45,38,,y
F00999,2020-09-26,41,2,Clean,NO
F03468,2025-07-20,33,51,,no
F03000,2024-08-04,37,39,Clean,Yes
F02597,2021-11-27,39,14,dirty,NO
F04663,2025-04-28,37,54,needs cleaning,y
F02816,2022-06-09,38,48,CLEAN,NO
F00102,2021-11-14,38,25,CLEAN,Yes
F01782,2023-09-14,43,34,dirty,yes
F00590,2021-09-15,45,18,clean,Yes
F04578,2025-07-04,43,57,Clean,yes
F02234,2023-12-10,36,46,Dirty ,NO
F03024,2025-02-13,45,14,CLEAN,no
F03853,2021-11-28,41,41,clean,No
F00615,2020-05-08,41,42, ok,No
F09377,2024-07-19,41,32,dirty,yes
F01748,2024-02-28,38,15,clean,yes
F01202,2021-08-13,41,35, ok,y
F00882,2025-10-21,37,48,Dirty ,yes
F00244,2021-07-08,39,18,dirty,Yes
F01903,2024-01-03,44,32,clean,No
F03189,2025-02-23,40,30, ok,No
F02932,2024-05-25,38,10,clean,n
F00061,2025-02-12,34,26,OK,Yes
F04290,2025-01-03,999,43,Dirty ,YES
F09429,2022-01-16,38,48,OK,NO
F02786,2020-03-01,33,15, ok,Yes
F02215,2024-05-18,999,19,clean,NO
F03359,2020-01-15,40,27, ok,no
F02999,2021-12-02,33,44,OK,NO
F01472,2022-10-16,44,24, ok,n
F09250,2020-02-05,39,58,OK,Yes
F03461,2020-08-23,42,22,needs cleaning,Yes
F04121,2023-12-22,42,53,CLEAN,n
F02899,2023-04-10,40,20,Clean,YES
F04630,2020-01-02,37,18,OK,NO
F00716,2024-08-20,35,49,CLEAN,y
F03464,2024-07-13,34,18,OK,y
F01142,2022-07-17,36,29,dirty,NO
F03989,2024-03-05,37,14,CLEAN,no
F01718,2024-07-22,37,33,Dirty ,YES
F00121,2024-02-08,38,0,Dirty ,no
F00225,2024-06-01,34,28,Clean,No
F00739,2023-05-28,42,55,,Yes
F09686,2021-03-15,45,13,clean,no
F02034,2020-09-13,35,12,Dirty ,yes
F01022,2021-04-14,41,,dirty,no
F04664,2020-08-09,33,59,clean,No
F04007,2023-05-13,43,38,Dirty ,n
F03725,2020-01-18,35,37, ok,YES
F03793,2021-08-04,,20,CLEAN,n
F04523,2022-11-27,33,15,Dirty ,NO
F01295,2023-01-27,,55,Clean,y
F00384,2020-05-18,35,37,CLEAN,n
F04389,2024-11-04,43,13,clean,yes
F04260,2025-02-28,43,35,clean,yes
F01068,2025-03-02,38,0,dirty,YES
F03487,2022-04-01,,23,Clean,y
F02606,2022-01-08,45,1,CLEAN,y
F02033,2024-03-15,36,35,OK,no
F03966,2025-12-27,38,35,Clean,YES
F00819,2023-05-15,44,60,Dirty ,NO
F04250,2020-09-21,33,21,needs cleaning,yes
F03531,2024-07-10,40,29, ok,NO
F04605,2025-05-09,,12,needs cleaning,yes
F02706,2023-06-26,43,57,needs cleaning,NO
F01719,2020-09-16,44,8,CLEAN,no
F04893,2023-06-24,34,43,Dirty ,no
F04217,2021-12-22,38,31,Dirty ,no
F00276,2025-04-19,38,16,Clean,No
F01164,2020-08-04,36,26,clean,No
F02846,2020-12-08,42,53,clean,No
F00311,2024-11-25,42,34,dirty,Yes
F04116,2024-11-21,40,7,clean,n
F04110,2023-01-20,40,47,dirty,y
F00521,2021-01-08,41,55,CLEAN,no
F03612,2023-02-27,35,8,CLEAN,NO
F01808,2023-05-22,45,29,CLEAN,n
F04603,2023-08-14,39,51,CLEAN,n
F09813,2022-08-14,36,34, ok,NO
F03010,2023-06-02,41,49,CLEAN,n
F01331,2024-10-01,41,58,OK,NO
F00165,2021-03-20,45,49,OK,no
F03274,2024-10-27,35,25,needs cleaning,NO
F01363,2020-06-02,44,17,needs cleaning,y
F03518,2023-01-28,38,36,Clean,y
F04052,2025-09-15,45,5,dirty,yes
F03071,2020-12-24,-50,57,needs cleaning,no
F00707,2021-12-22,42,23,needs cleaning,No
F00333,2022-06-11,45,99999, ok,y
F04479,2020-09-24,44,7,CLEAN,NO
F09860,2023-03-17,34,3,needs cleaning,n
F00633,2025-09-25,,20,Dirty ,YES
F00780,2023-02-20,41,35,dirty,y
F02409,2022-10-04,40,11,clean,y
F00007,2023-02-11,34,26, ok,yes
F01747,2025-05-27,43,34, ok,y
F00506,2020-08-03,999,17,Clean,n
F04632,2020-04-01,45,99999,Clean,yes
F03138,2025-01-08,44,23,Dirty ,NO
F03619,2020-06-06,40,35,Dirty ,NO
F04815,2022-08-06,40,60,Clean,n
F01162,2023-11-03,35,48,dirty,n
F02278,2025-12-09,40,27,clean,No
F00624,2021-01-03,36,16,clean,Yes
F01071,2020-05-05,34,27, ok,NO
F02394,2021-05-09,43,15,Dirty ,no
F03663,2025-01-01,43,58,needs cleaning,No
F04307,2023-06-20,38,41,CLEAN,YES
F00038,2020-08-18,35,25,Dirty ,y
F02145,2022-01-17,44,7,Dirty ,Yes
F04897,2024-10-24,42,27,needs cleaning,yes
F03347,2025-03-07,42,11, ok,y
F01502,2024-12-18,38,46,Dirty ,NO
F01566,2024-03-07,34,28,clean,n
F03821,2025-06-20,38,50,dirty,y
F01964,2024-06-28,36,23,Dirty ,y
F01172,2022-11-26,33,58, ok,NO
F01046,2021-04-23,35,25,CLEAN,Yes
F01401,2024-06-18,41,56,CLEAN,yes
F03672,2025-07-03,41,53,Dirty ,YES
F04850,2022-06-15,36,13, ok,NO
F03395,2021-02-10,36,52,Clean,No
F00990,2025-12-04,33,39,Clean,no
F03107,2024-03-21,40,59,dirty,YES
F01367,2023-12-02,34,57, ok,No
F04018,2021-05-28,37,28,CLEAN,n
F01014,2025-09-02,44,17,CLEAN,No
F03172,2020-09-09,36,10,dirty,NO
F00689,2020-04-08,37,20,OK,NO
F09132,2022-04-10,33,12,needs cleaning,NO
F04729,2022-11-18,43,42,Clean,No
F02175,2025-02-28,-50,53,Clean,y
F01011,2020-09-17,36,56,Dirty ,YES
F01821,2023-06-01,33,44,Dirty ,y
F03632,2024-11-13,44,6,clean,no
F02800,2020-05-23,34,53,needs cleaning,n
F02716,2022-09-11,44,34,CLEAN,n
F00824,2020-09-21,45,9,CLEAN,NO
F02749,2023-07-01,39,30,dirty,yes
F04393,2021-05-08,33,0,dirty,y
F03434,2020-02-09,,16,clean,y
F04311,2021-06-12,35,27,Clean,n
F04332,2024-08-19,-50,60, ok,no
F02648,2020-10-09,44,18,dirty,YES
F01769,2025-09-18,43,23,clean,Yes
F01398,2024-10-04,36,34,Dirty ,no
F01463,2021-02-11,40,28,needs cleaning,YES
F00632,2025-06-13,34,17,clean,Yes
F01630,2021-01-18,40,,Dirty ,NO
F03139,2022-06-04,33,52,dirty,No
F04023,2021-01-17,41,53,dirty,NO
F01427,2025-12-14,35,50,Clean,y
F03207,2024-02-10,45,40,clean,YES
F01638,2021-03-21,45,, ok,YES
F01504,2025-04-20,36,27,needs cleaning,No
F00830,2020-03-17,37,14,clean,y
F04645,2025-08-27,38,20,Clean,yes
F00355,2023-01-17,44,19, ok,YES
F04873,2021-09-23,39,38,OK,yes
F04717,2020-10-20,39,3,Clean,yes
F01567,2025-03-05,33,12,dirty,Yes
F01131,2025-04-02,42,21,dirty,yes
F03768,2020-08-06,35,38,,No
F04851,2023-02-08,42,41,dirty,yes
F04821,2024-02-08,33,18,needs cleaning,Yes
F03718,2021-04-11,39,39,OK,no
F00586,2024-04-12,36,34, ok,YES
F02918,2022-06-08,37,57,dirty,YES
F03955,2022-07-12,45,42, ok,no
F04265,2021-11-28,37,50,dirty,YES
F01723,2023-01-05,41,14,OK,No
F01557,2022-06-04,44,28,Dirty ,NO
F00022,2021-01-18,33,24,Dirty ,y
F01976,2021-04-05,43,15,Dirty ,n
F01811,2020-05-23,40,44,CLEAN,No
F02469,2023-11-07,42,59,OK,yes
F04062,2020-01-13,45,20,needs cleaning,y
F02329,2023-12-27,40,24,needs cleaning,NO
F04770,2022-10-09,45,47,Clean,no
F03073,2025-12-21,35,,Clean,y
F01409,2025-05-01,34,8,needs cleaning,yes
F03876,2023-09-06,43,15,OK,Yes
F04719,2020-07-10,44,2,CLEAN,n
F00602,2020-12-09,35,17,CLEAN,y
F01705,2025-01-23,44,34, ok,yes
F03816,2020-01-10,33,, ok,no
F03250,2020-12-13,999,30,dirty,n
F01761,2025-07-24,41,27,Dirty ,y
F01433,2022-12-26,36,7,clean,YES
F04613,2025-04-12,38,30,,YES
F01574,2025-04-14,43,20,Dirty ,No
F04891,2021-12-05,33,31,Dirty ,yes
F02363,2022-12-13,39,10,dirty,No
F04486,2023-02-22,34,47,Dirty ,yes
F01425,2024-03-06,45,6,,n
F04019,2025-02-13,34,19,,y
F01421,2024-06-21,35,51, ok,YES
F00793,2023-04-13,-50,15,CLEAN,Yes
F02861,2022-11-02,35,31,clean,NO
F03898,2021-12-27,41,53,OK,no
F00916,2023-12-20,35,35, ok,yes
F04703,2022-10-06,41,44,Clean,YES
F00020,2024-02-14,35,34,Dirty ,y
F04721,2021-09-28,36,23,OK,NO
F04503,2022-04-17,39,34,needs cleaning,No
F03304,2025-01-02,36,,needs cleaning,NO
F04685,2022-03-20,33,36,OK,No
F00899,2020-12-04,38,2,Dirty ,NO
F00768,2022-08-01,37,12,Clean,NO
F01093,2020-08-16,,22,Clean,n
F00577,2022-04-04,35,45,CLEAN,n
F01745,2021-06-11,34,40,Clean,no
F02172,2022-08-05,35,52,dirty,YES
F04673,2021-01-15,45,30, ok,YES
F00666,2021-09-13,33,14, ok,yes
F03309,2023-09-28,38,27,OK,YES
F09326,2024-07-27,41,30,OK,no
F04346,2021-12-22,41,12,OK,n
F03394,2023-01-18,39,25, ok,Yes
F00477,2020-06-01,42,60,Dirty ,YES
F00869,2024-07-26,38,99999,Clean,n
F02702,2023-05-04,41,13,OK,n
F03877,2023-03-07,,39,Clean,n
F01625,2025-08-27,44,30,CLEAN,No
F04223,2020-02-28,45,55,Clean,n
F04179,2020-07-05,42,0, ok,YES
F00110,2024-01-17,43,36,CLEAN,YES
F01658,2020-04-24,36,52,dirty,y
F01415,2022-05-27,999,9, ok,YES
F01385,2024-03-23,40,99999,OK,Yes
F04623,2025-12-12,40,13,CLEAN,no
F04105,2022-06-01,39,6,clean,NO
F01774,2020-07-01,36,29,Clean,n
F01349,2023-03-28,40,13,dirty,NO
F03927,2022-05-18,42,40,clean,no
F00901,2023-03-09,36,9,dirty,y
F00519,2022-03-06,44,10,Dirty ,Yes
F00993,2021-11-13,37,2,OK,Yes
F04858,2023-08-25,37,5,Clean,no
F04084,2020-09-04,37,11,Dirty ,Yes
F04218,2024-08-11,44,54, ok,NO
F01817,2023-04-09,42,5,CLEAN,yes
F02985,2020-10-22,41,,CLEAN,y
F02763,2023-07-02,33,48,dirty,NO
F01230,2020-10-25,43,13,OK,YES
F03935,2020-03-24,41,40,CLEAN,NO
F02695,2022-03-24,42,37,dirty,y
F00987,2021-03-13,36,8,Dirty ,yes
F04529,2021-01-22,35,31,clean,y
F01925,2023-08-19,40,30,clean,No
F01007,2023-12-17,34,38,needs cleaning,y
F03080,2025-12-05,38,3,,NO
F02691,2022-08-09,35,40,clean,YES
F00419,2022-05-16,-50,23, ok,NO
F03194,2023-08-21,33,10,Clean,YES
F03315,2020-02-28,37,19,OK,y
F04465,2021-09-06,36,56,OK,YES
F01814,2024-03-28,37,37,Dirty ,No
F02712,2025-08-21,36,38,needs cleaning,n
F04213,2020-04-22,36,19,needs cleaning,No
F04808,2021-07-04,44,9,CLEAN,NO
F03097,2025-08-20,40,5,clean,Yes
F04546,2024-01-04,36,, ok,NO
F02718,2023-07-06,37,31, ok,YES
F01765,2023-06-27,37,13,needs cleaning,n
F01335,2024-09-15,43,7,dirty,NO
F04420,2021-03-16,44,46,clean,n
F03563,2023-06-28,39,34,needs cleaning,NO
F01683,2020-02-27,41,25,OK,Yes
F01276,2023-02-16,38,32,Clean,NO
F04048,2025-01-03,40,37, ok,NO
F03715,2025-05-03,39,49,OK,No
F04314,2023-02-07,45,46,Dirty ,Yes
F02612,2024-02-01,36,5,Dirty ,y
F04842,2023-02-05,37,9,OK,yes
F03159,2020-11-27,43,28, ok,Yes
F02083,2022-07-07,,8,needs cleaning,n
F03517,2023-02-13,34,,needs cleaning,Yes
F04515,2023-03-08,,47,needs cleaning,y
F04400,2025-05-05,38,12, ok,yes
F02037,2022-05-12,35,31,clean,Yes
F02025,2020-08-09,41,36,CLEAN,No
F00402,2020-02-27,42,11,OK,no
F02110,2022-12-03,34,10, ok,No
F00566,2021-12-17,35,29,,yes
F03678,2023-08-01,40,30,clean,n
F01201,2022-03-19,39,11,OK,YES
F01330,2021-02-21,33,21,CLEAN,no
F01490,2021-09-03,44,46,CLEAN,NO
F00732,2021-01-27,34,4,CLEAN,no
F04293,2023-06-27,45,51, ok,y
F03453,2025-01-23,36,25,clean,n
F03685,2021-07-21,33,7,OK,Yes
F00194,2025-06-22,41,20,Dirty ,n
F04812,2022-07-03,41,16,Clean,n
F01894,2020-12-22,33,42,OK,n
F02461,2023-01-02,40,-5,dirty,YES
F01103,2024-12-28,34,34,,Yes
F01214,2023-05-01,40,22,CLEAN,No
F02339,2021-02-21,,8,dirty,YES
F00180,2022-06-28,34,28,OK,YES
F00092,2023-11-26,36,57, ok,No
F04820,2024-12-01,41,8,needs cleaning,NO
F02938,2022-01-05,45,31,needs cleaning,yes
F02274,2023-04-20,35,29,dirty,Yes
F03626,2022-12-07,34,60,dirty,no
F04704,2023-06-16,-50,26,OK,y
F04571,2024-09-03,37,58,dirty,YES
F03343,2025-05-24,,99999,OK,NO
F01212,2022-02-23,,, ok,NO
F03589,2021-07-07,40,16, ok,NO
F00962,2022-02-27,38,37,Clean,no
F03798,2021-08-20,,28,OK,NO
F04676,2024-09-19,36,24,clean,No
F03936,2023-08-24,39,29,dirty,NO
F02042,2022-01-19,42,42,needs cleaning,no
F04502,2024-07-09,33,45,OK,n
F02095,2024-09-07,34,5,Clean,yes
F01558,2025-09-25,41,10,Dirty ,n
F04156,2022-08-08,33,57, ok,YES
F01679,2021-10-22,40,27,Dirty ,yes
F01200,2025-06-03,34,9,Dirty ,No
F03330,2021-02-24,35,23,Clean,no
F04009,2022-06-11,45,46,needs cleaning,YES
F00145,2022-03-28,44,9,OK,no
F00495,2023-10-06,,21,needs cleaning,YES
F02926,2023-08-02,38,8,CLEAN,NO
F00964,2021-03-19,43,29, ok,yes
F03006,2021-04-18,43,11,Dirty ,yes
F02911,2020-01-22,40,0,Dirty ,NO
F02306,2024-02-04,41,21,needs cleaning,YES
F04595,2023-08-20,43,33,Clean,YES
F02547,2022-09-15,45,45, ok,Yes
F01260,2023-08-08,36,41, ok,Yes
F03221,2025-08-08,36,26,Clean,y
F00643,2023-07-10,44,5,Clean,Yes
F01773,2023-09-02,39,32,dirty,YES
F00031,2024-07-15,36,59,dirty,y
F02039,2025-03-03,40,58,needs cleaning,No
F00113,2023-12-03,,15,needs cleaning,Yes
F01529,2021-09-26,38,29,needs cleaning,YES
F02180,2022-03-03,40,28,needs cleaning,n
F01510,2024-10-20,45,14,clean,NO
F04538,2023-11-16,39,, ok,yes
F03726,2021-12-21,36,4, ok,YES
F03324,2021-11-13,,6,needs cleaning,No
F02677,2023-09-23,39,40,Clean,n
F02539,2025-01-05,38,15,needs cleaning,Yes
F03211,2025-02-13,44,14, ok,y
F03312,2021-11-08,37,43,clean,YES
F01665,2023-02-17,39,38,Clean,Yes
F00510,2020-05-19,45,39, ok,n
F03528,2021-05-15,34,45,OK,yes
F01444,2021-03-16,33,24,OK,y
F03755,2025-09-28,39,58,CLEAN,yes
F03228,2023-10-02,35,17,OK,y
F03459,2022-01-28,37,60,clean,y
F04430,2020-12-07,44,18,clean,no
F00696,2025-02-15,35,12,,n
F09096,2020-04-17,38,6,needs cleaning,No
F00748,2023-04-05,40,47,Dirty ,yes
F00967,2024-05-12,45,35,OK,YES
F01897,2021-06-24,37,55,,yes
F02109,2023-05-22,,16,clean,Yes
F02541,2021-08-15,36,51,CLEAN,NO
F04264,2025-01-07,41,37, ok,No
F04715,2024-03-01,36,2, ok,yes
F00711,2021-05-03,38,11,OK,No
F03987,2023-03-09,35,29,clean,No
F00932,2023-09-13,34,45, ok,YES
F02316,2023-08-12,45,15,CLEAN,No
F02796,2022-09-08,33,10,needs cleaning,y
F04225,2025-11-24,36,20,CLEAN,No
F04854,2025-10-12,,10,dirty,No
F04740,2024-02-04,33,32, ok,No
F00892,2020-12-05,43,5,dirty,y
F04327,2023-11-20,36,25,dirty,No
F02853,2024-05-10,34,21,needs cleaning,yes
F00004,2020-03-01,45,41,OK,No
F03020,2025-04-01,42,13,needs cleaning,no
F01119,2024-07-16,42,35, ok,Yes
F03605,2021-02-17,39,17,needs cleaning,No
F04056,2025-02-21,39,30,,no
F02574,2024-10-24,,27,OK,No
F04121,2023-12-22,42,53,CLEAN,n
F00682,2024-10-11,44,14,Dirty ,NO
F03215,2024-07-02,999,37,Clean,Yes
F00235,2021-10-26,41,14,OK,n
F01055,2022-01-02,38,37,needs cleaning,NO
F02888,2025-01-17,44,36,dirty,yes
F00841,2020-08-09,33,99999,Clean,no
F01297,2021-05-26,,52,Dirty ,n
F02619,2020-06-18,41,31, ok,YES
F03275,2025-09-18,38,54,,No
F02660,2024-03-02,34,47,OK,No
F03736,2023-06-20,33,56,OK,NO
F02852,2022-07-19,39,19,,Yes
F04441,2021-05-14,37,4,clean,YES
F00974,2025-11-05,45,46,CLEAN,NO
F00542,2025-08-26,41,41,clean,no
F04778,2023-09-15,34,5,clean,No
F02931,2024-03-17,34,6,CLEAN,Yes
F03862,2023-08-15,44,60,Clean,NO
F02748,2020-01-24,42,9, ok,Yes
F02626,2025-11-11,37,37,dirty,YES
F02263,2024-01-14,34,12, ok,NO
F01673,2021-05-03,45,44,dirty,n
F00287,2021-12-20,37,21,clean,NO
F01973,2025-10-21,38,46,OK,yes
F00874,2022-11-15,37,53,clean,YES
F02038,2021-06-08,37,36,OK,no
F00001,2024-07-28,34,24,CLEAN,yes
F00946,2025-01-05,38,8, ok,yes
F03763,2022-05-26,39,1,Dirty ,Yes
F03524,2020-09-09,37,58,clean,no
F00239,2021-11-09,44,6,Dirty ,YES
F04690,2025-05-28,43,13,needs cleaning,y
F03081,2024-04-04,41,9,Dirty ,no
F01237,2023-12-28,44,19,CLEAN,y
F03689,2024-04-11,34,19,OK,No
F03991,2021-09-06,45,41,clean,n
F04358,2021-11-18,43,13,clean,No
F01488,2022-02-15,42,5,Dirty ,y
F03819,2021-08-16,41,26,needs cleaning,No
F01963,2021-09-24,43,57,needs cleaning,no
F03775,2021-05-07,35,11,OK,yes
F03797,2022-05-12,43,32,Dirty ,No
F03273,2021-08-06,39,50,CLEAN,y
F01919,2023-10-16,41,45,Clean,n
F02213,2020-09-22,44,13, ok,no
F03906,2024-04-21,34,38,Clean,yes
F04621,2022-07-14,35,9,dirty,NO
F00549,2024-01-05,34,1,clean,y
F02401,2025-12-07,45,3,OK,n
F01570,2022-03-24,36,35,needs cleaning,YES
F02757,2024-02-14,34,7,Clean,n
F02184,2023-07-07,42,19,Dirty ,yes
F00182,2025-08-15,37,5,Clean,yes
F03268,2020-11-27,36,19,Clean,YES
F02025,2020-08-09,41,36,CLEAN,No
F04363,2025-09-11,41,20,CLEAN,n
F04600,2020-11-04,38,60,CLEAN,Yes
F02862,2021-11-11,33,3,dirty,y
F00576,2020-06-08,36,5,clean,NO
F01856,2022-01-18,33,60,Clean,y
F04440,2025-07-25,44,24,Dirty ,YES
F02668,2025-12-28,34,16,Clean,NO
F00116,2020-08-26,43,16,clean,NO
F03482,2024-12-01,41,11, ok,no
F01004,2024-09-19,40,44,Clean,yes
F01967,2021-06-21,34,37,clean,no
F00099,2024-06-13,42,54,CLEAN,n
F02927,2023-11-23,43,15,needs cleaning,Yes
F00199,2021-01-11,43,47,dirty,YES
F01249,2021-08-08,44,27,Dirty ,y
F01577,2024-12-28,40,2,dirty,YES
F02540,2025-01-01,35,17,needs cleaning,no
F01884,2020-09-26,36,,Dirty ,YES
F02019,2023-07-06,40,5,Dirty ,n
F00023,2020-02-18,36,17,dirty,y
F02924,2025-09-08,-50,99999,Clean,n
F02436,2020-01-27,41,17,needs cleaning,YES
F03417,2023-10-17,42,,,y
F01177,2022-04-21,42,,needs cleaning,y
F04244,2025-05-03,43,31,CLEAN,no
F03831,2020-12-17,45,58,Clean,NO
F03751,2024-10-04,39,37,Dirty ,YES
F04533,2022-09-08,38,,clean,YES
F03684,2021-01-01,40,42,OK,n
F00069,2025-03-16,33,20,Clean,NO
F03586,2022-04-16,41,2,dirty,YES
F09834,2020-10-27,39,19,dirty,No
F04626,2025-10-07,37,5,dirty,No
F03823,2021-04-07,37,37,Clean,y
F03602,2025-05-12,44,53, ok,No
F04081,2022-02-22,33,35,clean,Yes
F03618,2023-02-16,35,23,CLEAN,n
F02266,2020-02-04,45,1,CLEAN,yes
F02887,2021-08-18,41,3,dirty,yes
F03329,2020-11-04,42,5,OK,Yes
F03327,2021-11-08,44,58,,Yes
F00389,2022-05-20,40,16,Clean,YES
F00141,2025-12-20,44,43,Clean,yes
F01445,2023-10-01,43,2,Dirty ,NO
F01231,2023-11-25,33,32,clean,no
F00169,2020-12-06,43,8,,n
F00210,2020-06-14,44,46,OK,Yes
F03639,2020-08-25,45,10,Dirty ,y
F04115,2024-05-02,39,3,Dirty ,n
